# Blender 5.1.2
# www.blender.org
mtllib pine_tree_low.mtl
o Paine_tree_1_-_low
v 0.583586 3.134183 -0.152372
v 0.583586 3.134183 -0.152372
v 0.891239 2.597215 -0.995309
v -0.421146 3.142297 -0.378024
v 0.592978 2.916203 -0.184669
v -0.126856 2.792743 -0.910010
v -0.126856 2.792743 -0.910010
v 0.926291 2.634312 -0.862509
v 0.642539 2.789909 -0.433673
v 0.642539 2.789909 -0.433673
v 0.952030 2.647043 -1.417765
v 0.638010 2.804214 -0.792388
v 0.868118 1.933895 -1.236628
v -0.053155 1.790908 -1.590164
v -0.312720 2.662253 -1.134717
v -0.456947 3.718887 -0.279211
v -1.276116 3.336054 -0.096731
v -1.276116 3.336054 -0.096731
v -0.830288 2.982589 0.722704
v -1.533730 2.751842 0.432932
v -0.825543 2.574745 1.167721
v -1.079722 3.493263 0.015134
v -1.716101 2.523929 -0.247995
v -1.682565 2.053694 0.673967
v -0.003660 3.552819 0.526435
v 1.455208 3.066054 0.336384
v 0.709376 3.521977 -0.210986
v 0.709376 3.521977 -0.210986
v 0.462905 3.161551 0.753487
v 1.887970 3.331184 0.518211
v 0.581930 3.365213 0.744997
v 0.387552 3.654499 0.578748
v 1.191716 2.705950 -0.373340
v 0.703773 3.234552 0.552153
v 0.287545 3.662225 -0.422716
v 0.107242 3.507867 -0.725863
v -0.074712 3.320030 -1.185272
v -0.764028 3.120449 -2.187987
v -1.484388 3.092342 -1.537187
v -0.443601 2.941423 -1.224721
v -0.511701 2.884467 -1.282845
v -1.242789 2.326675 -1.675415
v -1.919110 2.894411 -1.022432
v -1.114476 3.170215 -0.486595
v -0.597136 4.257045 0.351935
v -0.605006 4.023697 0.490880
v -0.605006 4.023697 0.490880
v -0.669587 3.600295 1.357177
v 0.434944 4.131381 0.632036
v -0.633404 4.201029 0.825315
v -0.633404 4.201029 0.825315
v -0.826880 3.933409 1.756468
v -0.677851 3.959516 1.104353
v -0.677851 3.959516 1.104353
v -0.776649 2.924752 1.629286
v 0.266752 2.736518 1.792119
v 0.266752 2.736518 1.792119
v -0.548921 3.761470 1.749955
v -0.548921 3.761470 1.749955
v 0.098334 3.640979 2.516624
v -0.497655 3.857349 0.721566
v -0.792687 3.868098 1.194348
v -0.792687 3.868098 1.194348
v -0.942527 2.715984 1.686284
v 0.575502 4.160125 0.212512
v 0.265591 3.951714 -0.732971
v 1.004830 4.031824 0.020069
v 1.759355 3.385817 -0.209268
v 1.285716 3.926580 -0.982881
v 1.285716 3.926580 -0.982881
v 0.656331 3.923089 0.103514
v 0.980586 3.772604 -0.296148
v 0.980586 3.772604 -0.296148
v 1.410392 3.384759 -0.820118
v 1.410392 3.384759 -0.820118
v 1.330559 2.555860 -1.509036
v 0.429629 2.905677 -1.849463
v 0.429629 2.905677 -1.849463
v 0.476482 3.650397 -1.128697
v -0.419099 4.343086 -0.521200
v -0.419099 4.343086 -0.521200
v -0.806248 4.204061 -0.665209
v -1.189688 2.921800 -0.729042
v -1.916650 3.452735 -0.269103
v -1.715934 3.628822 -0.823480
v -1.715934 3.628822 -0.823480
v -2.451812 3.150964 -0.358864
v -0.713807 4.382788 -0.442546
v -0.713807 4.382788 -0.442546
v -1.504580 3.900283 -0.263351
v -1.130196 3.978628 0.736784
v -1.130196 3.978628 0.736784
v -0.927125 4.018281 -0.356194
v -0.927125 4.018281 -0.356194
v -1.546489 3.229988 -0.353689
v -1.782688 3.915491 -0.206779
v -2.463562 3.604427 0.500306
v -2.463562 3.604427 0.500306
v -1.713700 3.789011 1.241529
v -1.364972 3.906662 -0.155600
v 0.045737 4.760396 1.019195
v 0.403247 4.114422 1.721646
v 0.403247 4.114422 1.721646
v 1.200242 3.540811 1.041382
v 0.418872 4.229267 1.759987
v 1.202555 4.420065 2.312335
v 1.202555 4.420065 2.312335
v 1.890123 4.301287 1.508912
v 0.321013 4.723857 0.893963
v 0.321013 4.723857 0.893963
v 1.140987 3.889478 1.365021
v 1.355909 3.543116 1.122550
v 1.944431 3.337675 -0.187217
v 1.268667 4.055396 0.198087
v 0.250428 4.680620 0.887108
v 0.250428 4.680620 0.887108
v 0.914893 4.114192 1.526009
v 0.765466 4.220564 1.283440
v 0.765466 4.220564 1.283440
v 0.824780 3.405069 1.904016
v 0.514282 4.931997 -0.335937
v -0.337193 3.972561 -1.258186
v 0.466730 4.656325 -0.726086
v 0.601262 4.366026 -1.712892
v 0.601262 4.366026 -1.712892
v -0.330250 3.771636 -1.684599
v 0.481611 4.089079 -1.078993
v 0.379950 4.102026 -1.847521
v -1.103915 3.858548 -1.998915
v 0.325771 4.210645 -0.740564
v 0.325771 4.210645 -0.740564
v 1.113334 4.050549 -1.435937
v 0.436731 4.159223 -2.208673
v 0.436731 4.159223 -2.208673
v 0.638278 4.047549 -1.372035
v -0.359865 4.266457 -1.600752
v -0.359865 4.266457 -1.600752
v -1.011196 4.746126 0.198576
v -1.089985 4.667265 1.659395
v -0.389589 4.924778 1.085326
v -0.389589 4.924778 1.085326
v -2.662706 4.144638 0.825259
v -2.662706 4.144638 0.825259
v -1.750905 4.436616 1.402116
v -0.979570 4.795602 0.593739
v -0.979570 4.795602 0.593739
v -1.243764 4.283397 1.328297
v -1.368470 4.521490 1.234664
v -0.490411 4.415038 1.682600
v -0.490411 4.415038 1.682600
v -1.409973 4.715306 0.636317
v -1.140618 4.429023 1.773142
v -1.140618 4.429023 1.773142
v -0.629757 3.998843 2.475005
v 0.361155 5.412221 0.425314
v 0.361155 5.412221 0.425314
v 1.069153 4.498609 0.256275
v 0.620648 5.292673 0.420215
v 0.620648 5.292673 0.420215
v 0.563258 5.055826 -0.551803
v 1.018323 4.887517 0.331243
v 1.594988 4.483186 -0.895546
v 0.754470 5.051154 -0.524323
v 1.188185 4.945639 0.371492
v 2.238504 4.833343 -0.475041
v 1.370587 4.857895 0.336883
v 1.795678 4.517596 -0.478371
v -0.143112 5.365727 -0.739922
v -0.143112 5.365727 -0.739922
v -0.758624 4.805351 -1.417130
v -1.433032 4.645125 -0.677097
v -1.433032 4.645125 -0.677097
v -0.677283 4.992953 -1.074827
v -0.677283 4.992953 -1.074827
v -1.553518 4.424602 -1.616648
v -2.012931 4.518007 -0.732778
v -2.012931 4.518007 -0.732778
v -1.188609 4.891883 -0.184796
v -1.175745 4.584537 -1.341550
v -1.175745 4.584537 -1.341550
v -1.257352 2.828742 -1.510755
v -0.545746 4.874387 -1.143538
v -0.545746 4.874387 -1.143538
v -1.391935 4.299726 -1.746506
v -0.702486 4.755050 -1.167036
v -0.702486 4.755050 -1.167036
v -0.680675 4.576857 -2.199698
v -1.735668 4.561845 -1.199073
v -0.469602 5.294386 0.943075
v 0.529064 4.743017 1.658448
v 0.583908 5.383675 0.770060
v -0.170610 4.888475 2.030297
v 0.448043 5.042100 2.685225
v 0.448043 5.042100 2.685225
v 1.129532 5.299672 2.022274
v -0.246292 5.286944 1.033007
v 1.003456 5.058293 1.581324
v 0.355333 5.174952 1.970505
v 0.355333 5.174952 1.970505
v 0.887677 4.422831 2.375842
v 0.998457 5.085317 1.107984
v -0.496894 5.095478 1.787912
v -0.496894 5.095478 1.787912
v -0.389871 5.425423 2.541440
v 0.082072 5.099590 1.357714
v 0.299611 4.786713 2.615685
v 0.860670 5.076371 1.912998
v 0.527236 5.605913 0.057782
v 0.851848 5.447560 -0.338669
v 0.495460 5.191534 -1.726225
v 0.895419 5.441385 -0.532719
v 1.777349 4.990002 -0.934824
v 1.229731 4.637064 -1.732091
v 1.369908 4.908380 -1.172675
v 1.369908 4.908380 -1.172675
v -0.775619 5.908209 -0.354779
v -0.775619 5.908209 -0.354779
v -1.637509 5.347014 -0.048933
v -1.153670 5.166648 0.959764
v -1.153670 5.166648 0.959764
v -1.168331 5.611928 -0.228120
v -2.015552 5.283886 0.360549
v -1.300247 5.348285 -0.061342
v -1.300247 5.348285 -0.061342
v 0.467658 5.855414 0.889093
v 1.326239 5.341810 1.148308
v 1.326239 5.341810 1.148308
v 1.606762 5.138134 0.138627
v 1.555869 5.567920 0.997543
v 2.134858 6.003223 -0.265874
v 0.205257 5.810848 0.730654
v 0.982429 5.378066 1.331868
v 2.201018 4.956851 0.469837
v 1.214002 5.439037 1.181753
v 2.308062 6.022080 0.382516
v 0.329941 6.172791 -0.795218
v 0.163322 5.577857 -1.744190
v 0.051189 5.986682 -1.054035
v 0.051189 5.986682 -1.054035
v -1.348535 6.145172 -1.454396
v -1.348535 6.145172 -1.454396
v -0.813535 6.267447 -0.577559
v -0.297311 6.056262 -1.401106
v 0.070652 5.829441 -2.338474
v 0.070652 5.829441 -2.338474
v -0.898968 5.754997 -2.682628
v 0.383003 5.503674 -1.405688
v 0.089945 4.688957 -2.031139
v 0.089945 4.688957 -2.031139
v -0.840230 5.198892 -2.211666
v -1.188557 5.840899 1.207749
v -1.188557 5.840899 1.207749
v -1.423695 6.334551 1.979958
v -0.479818 6.380600 2.207183
v -0.479818 6.380600 2.207183
v -0.512724 5.937460 1.311193
v -0.512724 5.937460 1.311193
v -1.010610 5.652735 1.350791
v -0.675734 5.878449 1.767355
v -0.410614 6.304210 2.529030
v 0.459748 6.536184 2.131580
v 0.760401 6.240707 0.209623
v 0.760401 6.240707 0.209623
v 1.410156 5.923121 0.036973
v 1.410156 5.923121 0.036973
v 2.028909 5.102748 -0.128412
v 2.064796 5.335807 -1.132219
v 2.064796 5.335807 -1.132219
v 1.827855 5.901660 -0.430013
v 1.827855 5.901660 -0.430013
v 2.236468 6.051232 -1.370185
v -0.569040 6.643500 -0.774862
v -0.569040 6.643500 -0.774862
v -1.452101 6.302785 -1.194142
v -1.275720 6.396487 -1.096170
v -1.275720 6.396487 -1.096170
v -1.933226 5.506264 -1.222611
v -2.201265 5.479553 -0.219139
v -2.201265 5.479553 -0.219139
v -1.684624 6.171879 -0.887639
v -1.684624 6.171879 -0.887639
v 1.454153 6.370420 2.034674
v 1.454153 6.370420 2.034674
v 1.458572 6.337573 1.002037
v 0.327501 6.330448 1.700370
v 1.080714 5.768586 1.984145
v 1.080714 5.768586 1.984145
v 1.755617 6.120417 1.230677
v 0.110352 6.488090 1.686420
v 0.601779 7.183894 2.280544
v 0.889885 6.654452 0.963395
v 0.706484 6.683297 -0.700100
v 0.706484 6.683297 -0.700100
v 1.748717 6.608883 -0.722483
v 1.702579 6.547244 -1.751760
v 1.702579 6.547244 -1.751760
v 0.697286 6.508485 -1.571279
v 0.886471 6.619042 -1.181700
v -1.246570 6.980699 0.366540
v -1.927798 6.195513 1.441666
v -1.249822 6.674209 1.304583
v -1.124391 6.690793 0.194119
v -2.165725 7.271140 0.987098
v 0.888618 7.145228 0.759679
v 0.888618 7.145228 0.759679
v 1.424742 7.010140 -0.113839
v 1.566896 6.976624 0.352066
v 1.566896 6.976624 0.352066
v 2.256773 7.204975 -0.388342
v 1.509009 7.157557 -1.100356
v 1.509009 7.157557 -1.100356
v 0.817812 6.967311 -0.374387
v -0.051393 7.040501 -0.976941
v 0.405762 7.044177 -1.886089
v 0.405762 7.044177 -1.886089
v -0.528234 7.080526 -2.333385
v -0.797427 7.156946 -1.502212
v -1.435154 6.413025 -1.778143
v -1.880552 6.385249 -0.837221
v -0.557675 7.284442 -1.443402
v -0.557675 7.284442 -1.443402
v -1.987072 7.248812 -1.206733
v -1.987072 7.248812 -1.206733
v -1.204059 6.945274 -0.720694
v -0.531740 7.281422 0.553214
v 0.582790 7.071373 1.483512
v 1.198255 6.967972 1.390039
v 1.077904 7.359527 -0.389878
v 1.077904 7.359527 -0.389878
v 1.659683 7.988488 -0.964803
v 0.335018 7.437941 -1.132404
v 0.719109 7.691197 0.003580
v 0.719109 7.691197 0.003580
v 1.949740 7.052795 -0.461645
v 1.949740 7.052795 -0.461645
v 1.041375 7.311050 -0.899340
v -1.632087 7.380740 -0.181476
v -0.836359 7.443335 0.480874
v -0.836359 7.443335 0.480874
v 0.165356 7.687179 0.702286
v 0.165356 7.687179 0.702286
v 0.372229 8.138546 1.609030
v 0.587634 7.506192 0.862968
v 0.587634 7.506192 0.862968
v 1.266602 6.734548 0.946945
v 0.347453 7.779091 -1.271671
v -0.513167 7.659964 -0.728494
v -0.513167 7.659964 -0.728494
v 0.392713 7.790016 -0.444398
v 0.392713 7.790016 -0.444398
v 1.330950 8.036939 -0.794769
v 0.957556 8.083808 -1.755088
v 0.957556 8.083808 -1.755088
v -0.832385 7.700406 0.856357
v -0.620080 6.980815 1.635617
v 0.367090 7.279418 1.578525
v 0.877131 8.004734 0.336871
v 0.877131 8.004734 0.336871
v 1.554835 8.660666 -0.087464
v 0.313106 8.029463 -0.529844
v -0.294232 7.840400 -0.564600
v -1.342401 8.112016 -1.532075
v -0.351741 8.057671 -0.985852
v -1.090215 7.928562 -0.816300
v -1.559779 8.305779 0.514992
v -0.136665 7.984778 -0.485087
v 0.203337 8.227804 -1.425756
v 0.203337 8.227804 -1.425756
v -0.766997 8.427358 -1.720503
v -0.251984 8.207860 0.903705
v -0.251984 8.207860 0.903705
v 0.165242 7.496649 1.534170
v 0.166342 8.181280 0.999524
v 1.236314 8.824334 0.238561
v 1.427763 8.370463 -0.949148
v 1.427763 8.370463 -0.949148
v -1.079662 8.390131 0.297698
v -1.079662 8.390131 0.297698
v -1.261168 7.808889 1.133118
v -0.032511 8.600371 0.531096
v -0.032511 8.600371 0.531096
v 0.598649 9.374620 0.797343
v 1.205537 9.157863 -0.010998
v 1.205537 9.157863 -0.010998
v 0.285510 8.624696 -0.309806
v 0.074631 7.948682 -1.585427
v -0.416361 8.852237 0.717834
v -0.416361 8.852237 0.717834
v 0.200438 8.384418 0.032695
v -0.082030 8.638225 0.305480
v 1.223294 9.119244 -0.143163
v -0.747298 8.708187 -0.550595
v -1.533493 8.074284 -0.329869
v -1.533493 8.074284 -0.329869
v -1.231178 8.043417 0.658267
v -0.209825 8.883427 0.583178
v -0.209825 8.883427 0.583178
v 1.008829 8.547923 0.219488
v 1.057130 8.781860 -0.786322
v -0.687615 8.675926 0.354695
v 0.214703 9.062851 0.026799
v 0.669731 9.608651 -0.660742
v 0.669731 9.608651 -0.660742
v 0.063891 8.742685 -0.522919
v 0.415737 8.795638 -1.276097
v 0.415737 8.795638 -1.276097
v -0.463977 8.959433 -0.758422
v 0.100022 9.013533 -0.675167
v -0.617598 8.922044 0.219022
v 0.020140 9.011625 0.358095
v 0.769552 8.440086 -0.759802
v -0.820056 9.014074 0.179456
v -0.820056 9.014074 0.179456
v -0.604354 9.268091 1.158134
v 0.407167 9.201464 0.952482
v 0.407167 9.201464 0.952482
v 0.189332 8.952832 -0.026793
v -0.026666 8.914778 -0.473546
v 0.742999 2.194103 -1.781046
v -0.104994 2.784159 -0.708380
v 0.168013 7.964056 0.815060
v -1.760417 3.380191 -0.759850
v -1.760417 3.380191 -0.759850
v -1.525447 3.254812 0.196440
v -1.965408 3.573182 0.536729
v -1.965408 3.573182 0.536729
v 0.761809 2.896738 1.075238
v 0.761809 2.896738 1.075238
v 1.491520 4.161706 1.533553
v 1.491520 4.161706 1.533553
v 0.817433 2.660839 1.505300
v 1.409378 2.923758 0.220215
v 1.388125 5.111571 -1.166744
v 1.388125 5.111571 -1.166744
v 0.826054 3.037392 -0.460614
v 0.826054 3.037392 -0.460614
v 0.024135 2.997516 -1.206196
v 0.024135 2.997516 -1.206196
v 0.336314 4.877763 -2.214962
v 0.336314 4.877763 -2.214962
v -0.351436 2.497996 -1.857974
v -1.676461 4.779447 0.882831
v -0.927780 3.305107 -0.646461
v -0.540030 2.645838 -1.555440
v -2.700268 5.435628 0.109849
v -2.700268 5.435628 0.109849
v 0.484330 9.765742 0.672270
v -0.481129 5.473014 -1.772127
v 0.360360 3.670472 1.221310
v -1.328127 3.905536 1.319653
v 0.097248 3.849493 1.548029
v 1.423886 3.457281 0.002933
v 2.277762 2.831776 -0.907340
v 2.277762 2.831776 -0.907340
v -0.221638 5.793105 2.575003
v -0.221638 5.793105 2.575003
v 1.843859 3.432944 -0.774164
v -1.278615 3.822393 -0.848430
v -1.859109 6.091186 -0.227619
v -1.859109 6.091186 -0.227619
v -2.168074 6.683487 0.344047
v -2.168074 6.683487 0.344047
v -2.368419 3.745380 -0.267172
v -2.368419 3.745380 -0.267172
v 2.060057 2.880518 0.725910
v 0.037215 6.721004 -2.376027
v -0.033567 6.353957 1.932349
v 1.493153 3.581063 0.658988
v 0.391047 8.721495 -0.609930
v 0.391047 8.721495 -0.609930
v 2.077750 6.380378 0.384349
v 2.077750 6.380378 0.384349
v 0.642023 3.219647 -2.007235
v 0.642023 3.219647 -2.007235
v -1.716393 4.628379 2.063999
v -1.716393 4.628379 2.063999
v 1.367606 7.876670 1.512294
v 1.367606 7.876670 1.512294
v 1.478949 4.496397 0.440885
v -1.087098 7.830488 -1.556624
v 2.106318 4.863410 0.557537
v 2.106318 4.863410 0.557537
v -0.101308 2.334149 -1.188554
v -0.101308 2.334149 -1.188554
v -0.261741 2.352523 -1.660860
v -0.824378 5.160111 0.032194
v -0.936578 2.945236 1.004627
v -0.936578 2.945236 1.004627
v -1.453390 3.314750 1.419058
v -0.436277 4.832462 2.060169
v 1.635327 2.266017 0.978849
v -0.055853 5.541934 -0.901561
v -0.055853 5.541934 -0.901561
v 1.297051 4.417783 -2.084590
v -0.954191 2.968000 -0.860382
v -1.936179 4.879402 -0.153857
v -1.936179 4.879402 -0.153857
v -1.162112 2.172085 -1.262331
v -2.081234 5.443503 -0.717635
v -1.327419 2.742910 -0.993189
v -1.327419 2.742910 -0.993189
v 2.423996 6.040336 0.725452
v 2.423996 6.040336 0.725452
v 1.760937 4.580201 1.302108
v 1.760937 4.580201 1.302108
v 1.496435 5.720235 0.465498
v 1.496435 5.720235 0.465498
v 0.521590 5.726007 -1.708267
v 0.521590 5.726007 -1.708267
v -0.487433 5.841655 -1.921954
v -0.712051 3.904640 2.124448
v -0.519732 6.110623 -1.569196
v -0.519732 6.110623 -1.569196
v -0.982712 5.783063 2.100080
v 1.780037 3.347143 -1.678355
v 1.256941 3.170548 -1.589950
v 1.256941 3.170548 -1.589950
v -1.521867 4.000907 0.158097
v -1.521867 4.000907 0.158097
v 1.444544 6.177705 -0.976068
v -2.112776 3.698591 0.575507
v -2.112776 3.698591 0.575507
v -2.567661 6.441079 -0.580008
v -1.742726 3.622728 0.645124
v -1.742726 3.622728 0.645124
v -2.462253 3.792395 0.767652
v 0.982443 6.732491 0.924826
v 0.982443 6.732491 0.924826
v 0.658764 6.654253 -1.736871
v 1.040953 6.825988 -2.148937
v 1.040953 6.825988 -2.148937
v -0.925210 6.456334 2.239782
v 1.523743 2.753226 1.298494
v 1.523743 2.753226 1.298494
v -0.309955 6.566798 0.987710
v 1.539804 6.521042 1.256829
v -0.236345 4.248067 -2.673405
v -0.236345 4.248067 -2.673405
v -1.339376 7.583435 -1.934855
v -0.309940 3.253003 -2.183152
v 0.413737 6.668444 2.062721
v -2.141842 4.301910 -0.050971
v 1.625170 7.448496 0.437472
v -0.842539 4.529444 2.476212
v 0.182597 4.206637 1.989105
v 0.182597 4.206637 1.989105
v -0.224739 7.965854 -2.101152
v -0.224739 7.965854 -2.101152
v 1.502241 4.489079 -0.541227
v 1.502241 4.489079 -0.541227
v -0.354198 7.858185 -1.599066
v -0.354198 7.858185 -1.599066
v -2.002758 8.172563 -0.408310
v -2.002758 8.172563 -0.408310
v -0.137436 3.367751 0.630210
v 1.338393 8.368598 0.080766
v -0.562219 3.297916 0.879097
v -0.562219 3.297916 0.879097
v 0.392993 9.003996 1.342836
v 1.826014 2.818918 -0.325527
v -0.552790 8.625654 -1.382380
v -0.552790 8.625654 -1.382380
v -0.776796 3.708650 -0.200374
v 0.263765 10.142056 -0.603851
v 0.303510 3.630627 1.544254
v 0.303510 3.630627 1.544254
v 0.382953 9.004442 -0.018242
v 0.382953 9.004442 -0.018242
v 1.217999 3.574118 -1.004303
v 1.009792 8.536177 0.657697
v 1.009792 8.536177 0.657697
v -1.284052 8.099277 -0.499504
v -1.284052 8.099277 -0.499504
v 0.381878 3.444842 -1.066063
v -0.663003 4.427332 0.508032
v -1.352421 4.236020 0.116798
v -1.050332 4.351088 0.697275
v 1.125148 4.013292 0.911498
v 1.125148 4.013292 0.911498
v -0.335906 4.547712 1.286686
v 1.228118 4.655278 -0.595015
v 1.228118 4.655278 -0.595015
v 0.574377 8.383614 -0.277246
v -1.662360 4.536541 -0.474378
v 1.011159 7.475388 0.936802
v 1.011159 7.475388 0.936802
v -1.773626 4.202751 -2.222384
v -1.773626 4.202751 -2.222384
v 0.472075 5.108642 1.349786
v 0.472075 5.108642 1.349786
v -1.250698 8.473133 -0.629165
v 0.394295 5.434986 -1.317789
v 0.684023 9.902705 0.252353
v -0.916192 5.430029 0.886323
v -0.916192 5.430029 0.886323
v 0.030581 8.935914 -0.796916
v -1.887328 5.335396 0.780310
v 0.591667 8.178667 0.308107
v 0.913631 8.500525 0.262376
v 0.023485 10.531861 -0.082327
v 0.275894 5.947752 1.805834
v 0.154620 6.089732 1.338120
v -0.967890 6.411639 0.203794
v -1.274166 6.371578 0.041790
v -0.127408 6.564625 -1.418823
v -0.127408 6.564625 -1.418823
v 0.400705 8.293674 -1.038409
v 0.492299 7.391969 0.766280
v 1.160733 7.425303 0.605551
v 1.172011 2.196398 -0.634504
v 1.172011 2.196398 -0.634504
v 2.352758 3.777407 -0.015264
v -0.345956 3.008312 -0.725178
v -1.970211 4.768592 -0.984433
v -1.970211 4.768592 -0.984433
v 0.024771 3.389266 0.538060
v 0.024771 3.389266 0.538060
v -0.424105 4.870463 1.759669
v 1.326497 3.024198 1.327694
v 1.326497 3.024198 1.327694
v 0.536434 5.412140 2.452244
v 0.536434 5.412140 2.452244
v 1.033812 3.351518 -0.059654
v 1.033812 3.351518 -0.059654
v 1.235563 2.885246 0.635257
v 1.235563 2.885246 0.635257
v 0.482699 5.391454 -1.384082
v -0.123696 2.957455 -1.607833
v -0.123696 2.957455 -1.607833
v -1.284609 5.163517 1.715975
v -1.025727 2.111745 -1.341362
v -1.025727 2.111745 -1.341362
v -0.530432 3.984645 1.293611
v -0.530432 3.984645 1.293611
v 1.674607 5.496760 0.777737
v -1.321244 5.401373 -1.857500
v 1.970753 3.645918 0.051446
v 1.970753 3.645918 0.051446
v 0.889220 3.531976 -0.890440
v 0.889220 3.531976 -0.890440
v 1.255244 3.238274 -0.474890
v 1.255244 3.238274 -0.474890
v -0.016083 5.353106 2.115552
v 1.519770 6.017573 -1.021024
v 1.519770 6.017573 -1.021024
v 1.284685 6.240957 -1.764401
v 1.284685 6.240957 -1.764401
v -0.329886 4.396328 0.539402
v 1.360331 7.338723 1.581855
v 0.680150 4.304119 0.164488
v 0.680150 4.304119 0.164488
v -0.633504 5.983045 -1.609762
v -2.208323 6.573832 0.474105
v -2.208323 6.573832 0.474105
v 0.960873 4.401422 0.025009
v 0.660853 4.179832 -1.127218
v -2.039836 7.032463 -0.008975
v -2.039836 7.032463 -0.008975
v -0.561564 4.651754 -0.406729
v 0.308479 3.318879 -1.767551
v 0.308479 3.318879 -1.767551
v -1.757125 4.505304 0.828073
v -1.757125 4.505304 0.828073
v -0.439027 6.989675 1.579359
v -0.439027 6.989675 1.579359
v 0.923716 8.009503 -1.685162
v 0.923716 8.009503 -1.685162
v -0.033440 4.862643 0.971850
v -2.336930 4.150811 0.504914
v -2.336930 4.150811 0.504914
v -1.468911 7.247183 1.279315
v 1.647556 6.962110 0.014267
v 1.647556 6.962110 0.014267
v 0.239964 5.316969 -0.538821
v -0.444988 8.677360 0.437511
v -0.444988 8.677360 0.437511
v 1.796250 4.067169 0.030549
v 1.747341 3.865387 0.823340
v 0.431370 2.030434 -1.326662
v -0.023070 2.741415 -1.711450
v -0.023070 2.741415 -1.711450
v 0.030015 5.022854 1.891981
v 0.030015 5.022854 1.891981
v 0.772092 5.443677 0.604690
v 0.772092 5.443677 0.604690
v 1.210422 5.176060 -0.629563
v -1.127195 2.538288 -1.303393
v -0.346581 5.619198 0.673864
v -2.326343 5.150033 1.341275
v -1.018870 5.298345 0.769340
v -1.478840 2.700643 -0.456749
v 0.759937 5.741741 -0.166128
v 0.759937 5.741741 -0.166128
v 0.798120 5.551237 1.484519
v 0.512729 3.674945 1.172499
v 2.162461 5.822940 1.379736
v 2.162461 5.822940 1.379736
v 0.148702 3.504207 1.871005
v 0.148702 3.504207 1.871005
v -0.507998 4.895265 -2.275600
v -0.507998 4.895265 -2.275600
v 0.912036 3.520461 1.880744
v 0.912036 3.520461 1.880744
v 0.028665 2.741858 2.094352
v 0.028665 2.741858 2.094352
v -0.265794 5.920033 1.450901
v -0.807329 5.044532 1.955339
v -0.807329 5.044532 1.955339
v 0.699880 3.493572 -1.297898
v -0.172351 6.011767 1.540161
v -0.172351 6.011767 1.540161
v 1.737744 5.926354 -0.004524
v -1.545462 6.314793 -0.073524
v 0.409324 6.532613 2.042668
v 0.288036 5.692525 -2.039926
v 0.288036 5.692525 -2.039926
v 1.402432 3.401894 0.447987
v 1.402432 3.401894 0.447987
v 1.592675 3.782049 0.730524
v 1.592675 3.782049 0.730524
v -0.990963 6.561170 1.364890
v -0.990963 6.561170 1.364890
v -1.211856 6.847214 1.228899
v -1.211856 6.847214 1.228899
v -0.593317 3.180701 -1.618862
v -1.237597 7.138673 -0.553944
v 0.498290 7.332373 0.477389
v 0.498290 7.332373 0.477389
v -2.264308 7.163636 0.621509
v -2.264308 7.163636 0.621509
v -2.258404 3.867378 1.505531
v 0.015439 7.862027 -1.412320
v -1.033266 7.520324 -1.502383
v -1.033266 7.520324 -1.502383
v 0.984638 8.765662 1.239525
v 0.984638 8.765662 1.239525
v -0.264576 3.369871 0.702959
v -1.019773 3.045425 0.990827
v -0.579015 8.835277 0.066191
v -0.579015 8.835277 0.066191
v 0.426138 9.678496 0.761950
v -0.869060 3.630284 -0.364273
v -0.869060 3.630284 -0.364273
v -0.533486 8.430328 -0.909799
v -0.533486 8.430328 -0.909799
v -0.960219 3.101811 -0.890565
v -0.513212 9.684622 0.909168
v -0.513212 9.684622 0.909168
v -0.843803 3.593317 -0.280858
v -0.843803 3.593317 -0.280858
v 0.342636 3.582052 0.890195
v 0.248455 3.578489 1.091801
v 0.146183 3.781144 1.599511
v 1.913740 3.333952 -0.899852
v -1.282414 4.212606 0.266731
v -0.126918 8.956206 -0.662777
v 0.743341 4.158402 -0.033362
v -0.525898 4.475303 -1.139787
v -0.525898 4.475303 -1.139787
v -0.357039 4.358774 -1.514746
v -0.318609 4.290725 1.677176
v -0.318609 4.290725 1.677176
v 1.011688 4.508683 -0.672042
v 1.011688 4.508683 -0.672042
v -0.522920 9.433329 0.269897
v 0.990939 8.683093 -0.953389
v 0.990939 8.683093 -0.953389
v -1.700483 7.580340 -0.709614
v -1.173949 5.115180 -0.370921
v 0.278276 8.693137 -0.311308
v -0.246164 7.767538 1.324871
v -0.246164 7.767538 1.324871
v 0.896247 8.130124 -0.983240
v 0.896247 8.130124 -0.983240
v 0.419922 5.009926 1.644465
v 0.750516 9.035760 0.771897
v 0.750516 9.035760 0.771897
v -0.213395 5.799572 -0.715415
v 0.888601 9.552624 -0.101124
v 0.888601 9.552624 -0.101124
v 0.330447 5.130461 -1.326784
v 0.678596 8.653129 0.867128
v 0.928653 8.722954 -0.381479
v 1.014680 5.765940 -0.002727
v -0.647033 6.164993 -1.322083
v -0.647033 6.164993 -1.322083
v 0.418018 8.239952 -0.001440
v 0.418018 8.239952 -0.001440
v 0.523080 6.375609 -0.822766
v 0.867384 6.152634 -0.842789
v -0.064658 8.348780 0.489451
v 0.968295 7.737959 -0.070141
v 0.048988 8.887317 0.136219
v 0.048988 8.887317 0.136219
v 0.008948 9.064939 0.458952
v 0.008948 9.064939 0.458952
v -0.230780 8.284835 1.191507
v -0.012548 8.697306 0.205175
v 0.311335 8.291809 -0.008496
v 0.311335 8.291809 -0.008496
v -1.105507 8.182073 -0.777821
v -1.105507 8.182073 -0.777821
v -0.644084 8.042302 0.113691
v -0.644084 8.042302 0.113691
v -1.019867 8.148121 -0.201342
v -1.019867 8.148121 -0.201342
v -0.258923 7.097965 1.446437
v -0.983537 7.096374 -1.429607
v -0.983537 7.096374 -1.429607
v -0.234499 6.790544 -1.163587
v -0.234499 6.790544 -1.163587
v 0.423105 6.522942 1.032585
v 0.423105 6.522942 1.032585
v -1.263201 5.991611 -1.744402
v -1.263201 5.991611 -1.744402
v -0.673494 5.956900 -0.878287
v -0.673494 5.956900 -0.878287
v 1.408493 5.593905 0.161843
v 1.408493 5.593905 0.161843
v 1.277032 5.515839 0.000450
v 1.277032 5.515839 0.000450
v -1.281686 4.502412 1.620139
v -1.281686 4.502412 1.620139
v -1.263540 4.620288 0.547304
v -1.263540 4.620288 0.547304
v -0.453707 4.046193 -1.207550
v -0.453707 4.046193 -1.207550
v -0.516232 4.328347 -0.736063
v -0.516232 4.328347 -0.736063
v -1.434505 4.042320 0.887981
v -1.434505 4.042320 0.887981
v -1.040667 4.169964 0.558079
v -1.040667 4.169964 0.558079
v 0.066123 4.094333 -0.677522
v 0.066123 4.094333 -0.677522
v 0.496138 4.102665 0.186401
v 0.496138 4.102665 0.186401
v -0.013263 3.486887 -0.904309
v -0.013263 3.486887 -0.904309
v -0.228428 2.805693 -1.607108
v -0.714107 3.926714 -0.032556
v -0.714107 3.926714 -0.032556
v 1.706218 2.952835 0.698035
v 1.706218 2.952835 0.698035
v 0.331097 3.311666 -0.426882
v 0.331097 3.311666 -0.426882
v -1.072370 3.529106 0.089778
v -1.000479 3.542699 -0.009914
v -0.707804 3.686802 -0.144647
v -0.707804 3.686802 -0.144647
v -0.357721 3.134183 -0.485618
v -0.357721 3.134183 -0.485618
v -1.254655 2.597215 -0.459115
v -0.195114 3.142297 0.531221
v -0.391199 2.916203 -0.482378
v -0.798270 2.792743 0.454945
v -0.798270 2.792743 0.454945
v -1.144289 2.634312 -0.540869
v -0.640848 2.789909 -0.436168
v -0.640848 2.789909 -0.436168
v -1.669575 2.647043 -0.359081
v -0.972363 2.804214 -0.299075
v -1.470239 1.933895 -0.348241
v -1.457335 1.790908 0.638452
v -0.938136 2.662253 0.710828
v -0.090068 3.718887 0.527870
v 0.382891 3.336054 1.221156
v 0.382891 3.336054 1.221156
v 0.978867 2.982589 0.503488
v 0.970303 2.751842 1.264227
v 1.390463 2.574745 0.334223
v 0.414043 3.493263 0.997295
v 0.405382 2.523929 1.685873
v 1.249324 2.053694 1.313181
v 0.490336 3.552819 -0.191620
v -0.226633 3.066054 -1.476287
v -0.458764 3.521977 -0.580745
v -0.458764 3.521977 -0.580745
v 0.528394 3.161551 -0.709100
v -0.218060 3.331184 -1.945616
v 0.476415 3.365213 -0.816512
v 0.394002 3.654499 -0.574377
v -0.788251 2.705950 -0.968623
v 0.252154 3.234552 -0.858247
v 0.108490 2.927003 -1.212403
v 0.108490 2.927003 -1.212403
v -0.944980 1.971040 -1.502342
v -0.944980 1.971040 -1.502342
v -0.928284 2.952985 -1.080623
v -0.499162 3.662225 -0.110491
v -0.713947 3.507867 0.169285
v -1.073265 3.320030 0.508483
v -1.749281 3.120448 1.520213
v -0.877925 3.092342 1.948230
v -0.973252 2.941423 0.865740
v -1.002013 2.884467 0.950527
v -1.095819 2.326675 1.775027
v -0.238750 2.894411 2.161331
v -0.039114 3.170215 1.215443
v 0.548105 4.257045 0.424275
v 0.680080 4.023697 0.380114
v 0.680080 4.023697 0.380114
v 1.508666 3.600295 0.119178
v 0.425942 4.131381 -0.638137
v 1.001240 4.201029 0.282599
v 1.001240 4.201029 0.282599
v 1.937817 3.933409 0.117362
v 1.276891 3.959516 0.220513
v 1.276891 3.959516 0.220513
v 1.801076 2.924752 0.117820
v 1.565794 2.736518 -0.911666
v 1.565794 2.736518 -0.911666
v 1.828798 3.761470 -0.138408
v 1.828798 3.761470 -0.138408
v 2.301142 3.640979 -1.023625
v 0.854585 3.857349 0.194943
v 1.403024 3.868098 0.293840
v 1.403024 3.868098 0.293840
v 1.915469 2.715984 0.250781
v -0.015804 4.160125 -0.613282
v -0.779210 3.951714 0.024836
v -0.353600 4.031824 -0.940772
v -0.846135 3.385817 -1.556656
v -1.389246 3.926580 -0.830130
v -1.389246 3.926580 -0.830130
v -0.146990 3.923089 -0.647981
v -0.638337 3.772604 -0.801110
v -0.638337 3.772604 -0.801110
v -1.284251 3.384759 -1.006231
v -1.284251 3.384759 -1.006231
v -1.894578 2.555860 -0.676867
v -1.877034 2.905677 0.286075
v -1.877034 2.905677 0.286075
v -1.224906 3.650397 -0.024453
v -0.328861 4.343086 0.582360
v -0.328861 4.343086 0.582360
v -0.319204 4.204061 0.995313
v -0.236450 2.921800 1.375119
v 0.460069 3.452735 1.879973
v -0.129220 3.628822 1.898908
v -0.129220 3.628822 1.898908
v 0.574947 3.150964 2.410311
v -0.146628 4.382788 0.826963
v -0.146628 4.382788 0.826963
v 0.312761 3.900283 1.495091
v 1.103046 3.978628 0.776842
v 1.103046 3.978628 0.776842
v 0.012604 4.018281 0.993114
v 0.012604 4.018281 0.993114
v 0.244375 3.229988 1.567484
v 0.468332 3.915491 1.732454
v 1.377342 3.604427 2.102945
v 1.377342 3.604427 2.102945
v 1.788040 3.789011 1.131847
v 0.361127 3.906662 1.325499
v 0.929738 4.760396 -0.420046
v 1.449771 4.114422 -1.012344
v 1.449771 4.114422 -1.012344
v 0.522658 3.540811 -1.500629
v 1.479595 4.229267 -1.041060
v 1.702328 4.420065 -1.973604
v 1.702328 4.420065 -1.973604
v 0.701357 4.301287 -2.314623
v 0.711439 4.723857 -0.629344
v 0.711439 4.723857 -0.629344
v 0.845222 3.889478 -1.565482
v 0.540383 3.543116 -1.675289
v -0.894214 3.337675 -1.736734
v -0.285987 4.055396 -1.251785
v 0.731220 4.680619 -0.561241
v 0.731220 4.680619 -0.561241
v 1.078512 4.114192 -1.415112
v 0.908557 4.220565 -1.186457
v 0.908557 4.220565 -1.186457
v 1.463007 3.405069 -1.471444
v -0.502552 4.931997 -0.353243
v -1.043754 3.972561 0.779300
v -0.847328 4.656325 -0.164543
v -1.813761 4.366026 0.076060
v -1.813761 4.366026 0.076060
v -1.442401 3.771636 0.930816
v -1.180638 4.089079 -0.047630
v -1.856826 4.102026 0.331500
v -1.447748 3.858548 1.765875
v -0.808557 4.210645 -0.028249
v -0.808557 4.210645 -0.028249
v -1.746209 4.050549 -0.502176
v -2.213318 4.159223 0.412549
v -2.213318 4.159223 0.412549
v -1.510868 4.047549 -0.084593
v -1.353549 4.266457 0.927263
v -1.353549 4.266457 0.927263
v 0.559047 4.746126 0.865688
v 1.945119 4.667265 0.397709
v 1.152431 4.924778 -0.040190
v 1.152431 4.924778 -0.040190
v 1.752947 4.144638 2.167541
v 1.752947 4.144638 2.167541
v 1.950984 4.436616 1.106915
v 0.914379 4.795603 0.689924
v 0.914379 4.795603 0.689924
v 1.694546 4.283397 0.663202
v 1.653772 4.521490 0.813723
v 1.744560 4.415038 -0.167803
v 1.744560 4.415038 -0.167803
v 1.113371 4.715306 1.073931
v 2.069530 4.429023 0.402601
v 2.069530 4.429023 0.402601
v 2.532207 3.998843 -0.331919
v 0.261263 5.412221 -0.493018
v 0.261263 5.412221 -0.493018
v -0.158028 4.498609 -1.088022
v 0.160397 5.292674 -0.732159
v 0.160397 5.292674 -0.732159
v -0.721203 5.055826 -0.318767
v -0.069564 4.887517 -1.068580
v -1.422695 4.483186 -1.149750
v -0.766513 5.051154 -0.506555
v -0.095104 4.945640 -1.241268
v -1.270500 4.833343 -1.903259
v -0.194822 4.857895 -1.397871
v -1.109548 4.517596 -1.490705
v -0.634262 5.365727 0.407035
v -0.634262 5.365727 0.407035
v -1.035270 4.805351 1.229628
v -0.098053 4.645125 1.581906
v -0.098053 4.645125 1.581906
v -0.747454 4.992953 1.027267
v -0.747454 4.992953 1.027267
v -0.926123 4.424602 2.041878
v 0.065052 4.518007 2.141173
v 0.065052 4.518007 2.141173
v 0.268674 4.891883 1.172499
v -0.810545 4.584537 1.589072
v -0.810545 4.584537 1.589072
v -0.937479 2.828742 1.727555
v -0.860005 4.874387 0.930543
v -0.860005 4.874387 0.930543
v -1.106601 4.299726 1.939897
v -0.823766 4.755050 1.084836
v -0.823766 4.755050 1.084836
v -1.791036 4.576857 1.447128
v -0.470779 4.561845 2.056377
v 1.049942 5.294386 0.086826
v 1.344459 4.743017 -1.105797
v 0.498962 5.383675 -0.827634
v 1.949048 4.888475 -0.593655
v 2.328198 5.042100 -1.410912
v 2.328198 5.042100 -1.410912
v 1.459956 5.299672 -1.798323
v 1.050749 5.286944 -0.153911
v 1.097083 5.058293 -1.517866
v 1.698673 5.174952 -1.060029
v 1.698673 5.174952 -1.060029
v 1.877963 4.422831 -1.704655
v 0.659273 5.085317 -1.337873
v 1.844780 5.095479 -0.200794
v 1.844780 5.095479 -0.200794
v 2.505049 5.425423 -0.579349
v 1.230712 5.099590 -0.579200
v 2.318593 4.786713 -1.247279
v 1.458055 5.076371 -1.508108
v -0.141644 5.605913 -0.511130
v -0.630142 5.447560 -0.665779
v -1.786951 5.191534 0.179274
v -0.826526 5.441385 -0.634365
v -1.526735 4.990002 -1.304586
v -2.064412 4.637064 -0.500581
v -1.596726 4.908379 -0.838022
v -1.596726 4.908379 -0.838022
v -0.042207 5.908209 0.851864
v -0.042207 5.908209 0.851864
v 0.561166 5.347014 1.539131
v 1.318857 5.166648 0.716043
v 1.318857 5.166648 0.716043
v 0.220921 5.611928 1.169714
v 1.081562 5.283886 1.738583
v 0.424701 5.348285 1.230461
v 0.424701 5.348285 1.230461
v 0.652591 5.855414 -0.763751
v 0.575301 5.341810 -1.657273
v 0.575301 5.341810 -1.657273
v -0.466464 5.138134 -1.543798
v 0.350195 5.567920 -1.814713
v -1.037820 6.003223 -1.884473
v 0.602632 5.810848 -0.461325
v 0.873165 5.378066 -1.405924
v -0.378962 4.956851 -2.218472
v 0.647944 5.439037 -1.565410
v -0.499725 6.022080 -2.285551
v -0.860867 6.172791 -0.011876
v -1.680596 5.577857 0.494436
v -0.998005 5.986682 0.342922
v -0.998005 5.986682 0.342922
v -0.851351 6.145172 1.791373
v -0.851351 6.145172 1.791373
v -0.235092 6.267447 0.969611
v -1.191280 6.056262 0.795200
v -2.198269 5.829441 0.800667
v -2.198269 5.829441 0.800667
v -2.158740 5.754997 1.828792
v -1.447560 5.503674 0.164987
v -1.919947 4.688957 0.668893
v -1.919947 4.688957 0.668893
v -1.743045 5.198892 1.599764
v 1.562123 5.840899 0.656581
v 1.562123 5.840899 0.656581
v 2.366498 6.334551 0.588922
v 2.227895 6.380600 -0.371975
v 2.227895 6.380600 -0.371975
v 1.407843 5.937460 -0.009490
v 1.407843 5.937460 -0.009490
v 1.629066 5.652735 0.438304
v 1.891937 5.878449 -0.027063
v 2.501207 6.304210 -0.555485
v 1.809607 6.536184 -1.216685
v -0.086983 6.240707 -0.783955
v -0.086983 6.240707 -0.783955
v -0.488052 5.923121 -1.323522
v -0.488052 5.923121 -1.323522
v -0.870889 5.102748 -1.836985
v -1.816571 5.335807 -1.498456
v -1.816571 5.335807 -1.498456
v -1.076550 5.901660 -1.538507
v -1.076550 5.901660 -1.538507
v -2.101202 6.051232 -1.569759
v -0.508930 6.643500 0.815603
v -0.508930 6.643500 0.815603
v -0.571248 6.302785 1.791158
v -0.545587 6.396487 1.591033
v -0.545587 6.396487 1.591033
v -0.419458 5.506264 2.248599
v 0.611915 5.479553 2.125829
v 0.611915 5.479553 2.125829
v -0.200413 6.171879 1.893594
v -0.200413 6.171879 1.893594
v 1.351217 6.370420 -2.104441
v 1.351217 6.370420 -2.104441
v 0.390413 6.337573 -1.726003
v 1.458069 6.330448 -0.934105
v 1.442624 5.768586 -1.738853
v 1.442624 5.768586 -1.738853
v 0.492745 6.120417 -2.086615
v 1.525554 6.488090 -0.727237
v 1.895357 7.183894 -1.403795
v 0.565192 6.654452 -1.183462
v -0.912007 6.683297 -0.396866
v -0.912007 6.683297 -0.396866
v -1.318895 6.608883 -1.356653
v -2.257849 6.547244 -0.932501
v -2.257849 6.547244 -0.932501
v -1.717796 6.508485 -0.065593
v -1.426018 6.619042 -0.385637
v 0.802255 6.980699 1.022093
v 2.053251 6.195513 1.256571
v 1.674763 6.674209 0.677614
v 0.596841 6.690793 0.972480
v 1.719164 7.271140 1.645965
v 0.376439 7.145228 -1.106819
v 0.376439 7.145228 -1.106819
v -0.633537 7.010140 -1.281202
v -0.253442 6.976624 -1.585837
v -0.253442 6.976624 -1.585837
v -1.196414 7.207374 -1.952091
v -0.650710 6.967311 -0.620933
v -0.888395 7.040501 0.409646
v -1.902212 7.044177 0.321812
v -1.902212 7.044177 0.321812
v -1.971684 7.080526 1.355058
v -1.099924 7.156946 1.297188
v -1.119975 6.413025 1.991761
v -0.081000 6.385249 2.056904
v -1.134115 7.284442 1.052709
v -1.134115 7.284442 1.052709
v -0.384762 7.248812 2.292732
v -0.384762 7.248812 2.292732
v -0.223372 6.945274 1.385375
v 0.710838 7.281422 0.288969
v 1.162067 7.071373 -1.090895
v 0.847244 6.967972 -1.627944
v -0.761451 7.359527 -0.856782
v -0.761451 7.359527 -0.856782
v -1.510991 7.988488 -1.184186
v -1.175943 7.437941 0.108319
v -0.263069 7.691197 -0.669272
v -0.263069 7.691197 -0.669272
v -1.151084 7.052795 -1.640002
v -1.151084 7.052795 -1.640002
v -1.221133 7.311050 -0.634121
v 0.436046 7.380740 1.583195
v 0.756491 7.443335 0.598713
v 0.756491 7.443335 0.598713
v 0.591063 7.687179 -0.413755
v 0.591063 7.687179 -0.413755
v 1.356657 8.138546 -0.941813
v 0.583879 7.506192 -0.865512
v 0.583879 7.506192 -0.865512
v 0.410356 6.734548 -1.527283
v -1.309908 7.779091 0.148361
v -0.486559 7.659964 0.746528
v -0.486559 7.659964 0.746528
v -0.558261 7.790016 -0.200144
v -0.558261 7.790016 -0.200144
v -1.231276 8.036939 -0.941831
v -1.984945 8.083808 -0.239252
v -1.984945 8.083808 -0.239252
v 1.103787 7.700406 0.455923
v 1.748955 6.980815 -0.029955
v 1.330227 7.279418 -0.925739
v -0.012032 8.004734 -0.939519
v -0.012032 8.004734 -0.939519
v -0.657233 8.660666 -1.411810
v -0.608137 8.029463 -0.094547
v -0.415431 7.840400 0.482455
v -0.925775 8.112016 1.814451
v -0.785407 8.057671 0.691926
v -0.354349 7.928562 1.315047
v 1.056174 8.305779 1.258024
v -0.399946 7.984778 0.306643
v -1.399643 8.227804 0.339304
v -1.399643 8.227804 0.339304
v -1.313956 8.427358 1.349790
v 0.932590 8.207527 -0.100454
v 0.932590 8.207527 -0.100454
v 1.363803 7.496649 -0.721822
v 0.067001 8.178666 -0.663709
v 0.866788 8.181280 -0.524782
v -0.123226 8.291809 -0.286037
v -0.420791 8.368598 -1.273088
v -0.420791 8.368598 -1.273088
v -1.410535 8.370463 -0.974566
v -1.112970 8.293674 0.012485
v -1.112970 8.293674 0.012485
v 0.676480 8.390131 0.892563
v 0.676480 8.390131 0.892563
v 1.519700 7.808889 0.751672
v 0.478579 8.348780 -0.121260
v 0.505353 8.600371 -0.166548
v -0.393531 8.624696 -0.150428
v -1.500274 7.948682 0.518003
v 0.821003 8.852237 0.120815
v 0.236823 8.536177 -1.181592
v -0.043885 8.384418 -0.198289
v -0.043885 8.384418 -0.198289
v 0.314134 8.638225 -0.036972
v -0.586149 9.119244 -1.083224
v -0.234583 8.708188 0.898098
v 0.261685 8.074282 1.546587
v 0.261685 8.074282 1.546587
v 1.067525 8.043416 0.899726
v 0.619416 8.883427 -0.021143
v 0.619416 8.883427 -0.021143
v 0.195226 8.697305 -0.064352
v -0.169851 8.547923 -1.018363
v -1.121992 8.781860 -0.690623
v 0.584187 8.675926 0.507295
v -0.054645 9.062851 -0.209355
v -0.861835 9.608651 -0.377308
v -0.861835 9.608651 -0.377308
v -0.509382 8.742685 0.134371
v -1.339316 8.795638 0.086574
v -1.339316 8.795638 0.086574
v -0.532581 8.959433 0.711924
v -0.664183 9.013533 0.157211
v 0.432229 8.922044 0.492519
v 0.325157 9.011625 -0.151364
v -0.990812 8.440046 -0.433311
v 0.470479 9.014074 0.695230
v 0.470479 9.014074 0.695230
v 1.299619 9.268091 0.132323
v 0.733900 9.201380 -0.731054
v 0.733900 9.201380 -0.731054
v -0.095025 8.952832 -0.165936
v -0.429976 8.914778 0.200195
v -1.929572 2.194103 -0.030344
v -0.619084 2.784159 0.359944
v 0.694829 7.964056 -0.457999
v -0.053638 3.380191 1.916654
v -0.053638 3.380191 1.916654
v 0.747568 3.254812 1.344143
v 1.226631 3.573182 1.626740
v 1.226631 3.573182 1.626740
v 0.716523 2.896738 -1.105931
v 0.716523 2.896738 -1.105931
v 0.871907 4.161706 -1.953509
v 0.871907 4.161706 -1.953509
v 1.095381 2.660839 -1.316916
v -0.317560 2.923758 -1.390682
v -1.597966 5.111571 -0.857140
v -1.597966 5.111571 -0.857140
v -0.733855 3.037392 -0.596647
v -0.733855 3.037392 -0.596647
v -1.129319 2.997516 0.424419
v -1.129319 2.997516 0.424419
v -2.181959 4.877763 0.508151
v -2.181959 4.877763 0.508151
v -1.595593 2.497997 1.014723
v 1.441067 4.779447 1.230137
v -0.256769 3.305107 1.101253
v -1.244718 2.645838 1.077823
v 1.102352 5.435628 2.467454
v 1.102352 5.435628 2.467454
v 0.445018 9.765742 -0.698914
v -1.467808 5.473014 1.103384
v 1.000919 3.670472 -0.787158
v 1.717769 3.905536 0.744766
v 1.401864 3.849493 -0.663799
v -0.524757 3.457281 -1.323665
v -1.686585 2.831776 -1.779578
v -1.686585 2.831776 -1.779578
v 2.473902 5.793105 -0.748046
v 2.473902 5.793105 -0.748046
v -1.402144 3.432944 -1.425881
v -0.314400 3.822393 1.501946
v 0.477286 6.091186 1.811158
v 0.477286 6.091186 1.811158
v 1.122736 6.683487 1.886367
v 1.122736 6.683487 1.886367
v 0.629222 3.745380 2.298884
v 0.629222 3.745380 2.298884
v -0.088889 2.880518 -2.182403
v -2.220763 6.721004 0.845636
v 1.807300 6.353957 -0.684663
v 0.058961 3.581063 -1.631041
v -0.711398 8.721495 -0.137276
v -0.711398 8.721495 -0.137276
v -0.412703 6.380378 -2.072304
v -0.412703 6.380378 -2.072304
v -2.102262 3.219647 0.147239
v -2.102262 3.219647 0.147239
v 2.552990 4.628379 0.829662
v 2.552990 4.628379 0.829662
v 0.898065 7.876670 -1.830535
v 0.898065 7.876670 -1.830535
v -0.138363 4.496397 -1.537051
v -1.043156 7.830488 1.586407
v -0.262420 4.863410 -2.162997
v -0.262420 4.863410 -2.162997
v -1.066461 2.334149 0.534402
v -1.066461 2.334149 0.534402
v -1.445730 2.352523 0.858387
v 0.335296 5.160111 0.753799
v 1.280107 2.945236 0.497776
v 1.280107 2.945236 0.497776
v 1.856506 3.314750 0.824292
v 2.075211 4.832462 -0.357956
v 0.303396 2.266017 -1.881593
v -0.816726 5.541934 0.385864
v -0.816726 5.541934 0.385864
v -2.416770 4.417783 -0.432528
v -0.445685 2.968000 1.205032
v 0.574351 4.879402 1.855419
v 0.574351 4.879402 1.855419
v -0.742011 2.172085 1.547062
v 0.104420 5.443503 2.199006
v -0.430781 2.742910 1.600904
v -0.430781 2.742910 1.600904
v -0.224137 6.040336 -2.520278
v -0.224137 6.040336 -2.520278
v 0.557123 4.580201 -2.118017
v 0.557123 4.580201 -2.118017
v -0.121978 5.720235 -1.562410
v -0.121978 5.720235 -1.562410
v -1.779950 5.726007 0.148350
v -1.779950 5.726007 0.148350
v -1.604640 5.841655 1.164744
v 2.237078 3.904640 -0.125616
v -1.265015 6.110623 1.064065
v -1.265015 6.110623 1.064065
v 2.314710 5.783063 0.134815
v -2.218361 3.347143 -1.031641
v -1.942464 3.170548 -0.578512
v -1.942464 3.170548 -0.578512
v 0.710627 4.000907 1.355021
v 0.710627 4.000907 1.355021
v -1.441757 6.177705 -0.980181
v 1.317243 3.698591 1.749259
v 1.317243 3.698591 1.749259
v 0.412453 6.441079 2.599841
v 1.244820 3.622728 1.379747
v 1.244820 3.622728 1.379747
v 1.625181 3.792395 2.002689
v 0.495078 6.732491 -1.255147
v 0.495078 6.732491 -1.255147
v -1.857336 6.654253 0.031533
v -2.381667 6.825988 -0.170813
v -2.381667 6.825988 -0.170813
v 2.423171 6.456334 0.029652
v 0.641635 2.753226 -1.896360
v 0.641635 2.753226 -1.896360
v 1.032259 6.566798 -0.077996
v 0.596985 6.521042 -1.895844
v -2.395643 4.248067 1.209897
v -2.395643 4.248067 1.209897
v -1.301019 7.583435 1.960852
v -1.913007 3.253003 1.096640
v 1.762693 6.668444 -1.148439
v 0.746105 4.301910 2.008337
v -0.195701 7.448496 -1.671604
v 2.612153 4.529444 -0.134723
v 1.779941 4.206637 -0.906473
v 1.779941 4.206637 -0.906473
v -1.868404 7.965854 0.987125
v -1.868404 7.965854 0.987125
v -1.059227 4.489079 -1.194860
v -1.059227 4.489079 -1.194860
v -1.354082 7.858185 0.921375
v -1.354082 7.858185 0.921375
v 0.362740 8.172299 2.011549
v 0.362740 8.172299 2.011549
v 0.636285 3.367751 -0.105804
v 1.024826 3.297916 0.196555
v 1.024826 3.297916 0.196555
v 0.518843 9.374620 -0.851433
v 0.518843 9.374620 -0.851433
v 1.101711 9.003995 -0.862488
v 1.101711 9.003995 -0.862488
v -0.978817 2.818918 -1.575504
v -1.079244 8.625654 1.025565
v -1.079244 8.625654 1.025565
v 0.101648 3.708650 0.795757
v -0.094748 8.500525 -0.945825
v -0.658600 10.142056 -0.021300
v 1.321947 3.630627 -0.853988
v 1.321947 3.630627 -0.853988
v -0.158810 9.004442 -0.348948
v -0.158810 9.004442 -0.348948
v -1.384058 3.574118 -0.759294
v 0.011714 8.099277 1.377736
v 0.011714 8.099277 1.377736
v -1.131682 3.444842 0.040217
v 0.717497 4.427332 0.427630
v 0.609495 4.236020 1.212931
v 1.036762 4.351088 0.717296
v 0.429834 4.013292 -1.382762
v 0.429834 4.013292 -1.382762
v 0.571230 8.677360 0.251251
v 0.571230 8.677360 0.251251
v 1.319578 4.547712 -0.164648
v -1.007639 4.655278 -0.920316
v -1.007639 4.655278 -0.920316
v -0.470299 8.383615 -0.430805
v -0.470299 8.383615 -0.430805
v 0.175197 4.536541 1.719820
v 0.495564 7.475388 -1.286256
v 0.495564 7.475388 -1.286256
v -1.407223 4.202751 2.470722
v -1.407223 4.202751 2.470722
v 1.078871 5.108642 -0.938518
v 1.078871 5.108642 -0.938518
v -0.456809 9.157863 -1.115690
v -0.121077 8.473133 1.394788
v -1.370097 5.434986 0.121936
v -0.018999 9.902705 -0.728841
v 1.162668 5.430029 0.522667
v 1.162668 5.430029 0.522667
v -0.751545 8.935914 0.266814
v 1.423957 5.335396 1.463981
v -0.085169 10.531861 0.008684
v 1.575146 5.947752 -0.925239
v 1.185636 6.089732 -0.639328
v 0.547851 6.411639 0.823530
v 0.510834 6.371578 1.168030
v -1.270678 6.564625 0.643949
v -1.270678 6.564625 0.643949
v 0.529388 7.391969 -0.741142
v 0.132471 7.425303 -1.302476
v -1.023534 2.196398 -0.853572
v -1.023534 2.196398 -0.853572
v -0.885761 3.777407 -2.179709
v -0.545423 3.008312 0.589985
v -0.184524 4.768592 2.194719
v -0.184524 4.768592 2.194719
v 0.490601 3.389266 -0.222334
v 0.490601 3.389266 -0.222334
v 1.791582 4.870463 -0.257942
v 0.741828 3.024198 -1.723965
v 0.741828 3.024198 -1.723965
v 2.079048 5.412140 -1.406706
v 2.079048 5.412140 -1.406706
v -0.438387 3.351518 -0.938159
v -0.438387 3.351518 -0.938159
v 0.132343 2.885246 -1.382987
v 0.132343 2.885246 -1.382987
v -1.464424 5.391455 0.064380
v 0.074047 2.004203 -1.654851
v -1.447615 2.957456 0.710520
v -1.447615 2.957456 0.710520
v 2.069771 5.163517 0.557525
v -0.865944 2.111745 1.449658
v -0.865944 2.111745 1.449658
v 1.398072 3.984645 0.013472
v 1.398072 3.984645 0.013472
v 0.102041 5.496760 -1.843576
v -1.235885 5.401373 1.915354
v -0.682283 3.645918 -1.849596
v -0.682283 3.645918 -1.849596
v -1.156500 3.531975 -0.496089
v -1.156500 3.531975 -0.496089
v -0.906109 3.238274 -0.990012
v -0.906109 3.238274 -0.990012
v 1.970992 5.353106 -0.768772
v -1.511381 6.017573 -1.033401
v -1.511381 6.017573 -1.033401
v -2.114781 6.240957 -0.539656
v -2.114781 6.240957 -0.539656
v 0.623231 4.396328 0.106593
v 0.965372 7.338723 -1.849547
v -0.099178 4.304119 -0.692693
v -0.099178 4.304119 -0.692693
v -1.260548 5.983045 1.184771
v 1.258450 6.573832 1.875571
v 1.258450 6.573832 1.875571
v -0.332728 4.401422 -0.901773
v -1.291833 4.179832 -0.196254
v 0.747324 7.032463 1.898030
v 0.747324 7.032463 1.898030
v -0.169758 4.651754 0.672283
v -1.756069 3.318879 0.368261
v -1.756069 3.318879 0.368261
v 1.420087 4.505304 1.325347
v 1.420087 4.505304 1.325347
v 1.629629 6.989675 -0.177285
v 1.629629 6.989675 -0.177285
v -1.907458 8.009503 -0.233724
v -1.907458 8.009503 -0.233724
v 0.915092 4.862643 -0.328962
v 1.334710 4.150812 1.983616
v 1.334710 4.150812 1.983616
v 1.732455 7.247183 0.890476
v -0.597101 6.962059 -1.535556
v -0.597101 6.962059 -1.535556
v -0.589380 5.316969 -0.023284
v -0.637048 4.067169 -1.679767
v 0.117455 3.865387 -1.928029
v -1.392074 2.030434 0.090785
v -1.581137 2.741415 0.655439
v -1.581137 2.741415 0.655439
v 1.746251 5.022854 -0.728767
v 1.746251 5.022854 -0.728767
v 0.275645 5.443677 -0.941168
v 0.275645 5.443677 -0.941168
v -1.033174 5.176060 -0.891080
v -0.793087 2.538288 1.529841
v 0.754312 5.619198 0.072288
v 2.107644 5.150033 1.663950
v 1.092045 5.298345 0.661376
v 0.123587 2.700643 1.542827
v -0.435828 5.741741 -0.644327
v -0.435828 5.741741 -0.644327
v 1.083233 5.551237 -1.291277
v 0.899137 3.674945 -0.910603
v 0.480483 5.822940 -2.519732
v 0.480483 5.822940 -2.519732
v 1.682799 3.504207 -0.831239
v 1.682799 3.504207 -0.831239
v -1.925506 4.895265 1.314855
v -1.925506 4.895265 1.314855
v 1.409068 3.520461 -1.543871
v 1.409068 3.520461 -1.543871
v 1.934723 2.741858 -0.802482
v 1.934723 2.741858 -0.802482
v 1.446136 5.920033 -0.290605
v 2.115296 5.044532 0.025530
v 2.115296 5.044532 0.025530
v -1.464827 3.493572 -0.169276
v 1.494429 6.011767 -0.410467
v 1.494429 6.011767 -0.410467
v -0.647953 5.926354 -1.612431
v 0.504227 6.314793 1.462742
v 1.745701 6.532613 -1.136911
v -2.001492 5.692525 0.488152
v -2.001492 5.692525 0.488152
v -0.103420 3.401894 -1.468609
v -0.103420 3.401894 -1.468609
v 0.088539 3.782049 -1.749983
v 0.088539 3.782049 -1.749983
v 1.634885 6.561170 0.414832
v 1.634885 6.561170 0.414832
v 1.590399 6.847214 0.670386
v 1.590399 6.847214 0.670386
v -1.283887 3.180701 1.150814
v -0.056062 7.138673 1.354754
v 0.258831 7.332373 -0.639687
v 0.258831 7.332373 -0.639687
v 1.416107 7.163636 1.872967
v 1.416107 7.163636 1.872967
v 2.235045 3.867378 1.539996
v -1.317555 7.862027 0.508856
v -1.012716 7.520324 1.516311
v -1.012716 7.520324 1.516311
v 0.786574 8.765662 -1.373767
v 0.786574 8.765662 -1.373767
v 0.750958 3.369871 -0.014661
v 1.298108 3.045425 0.580165
v 0.275979 8.835277 0.513298
v 0.275979 8.835277 0.513298
v 0.549875 9.678496 -0.678085
v -0.016411 3.630284 0.942174
v -0.016411 3.630284 0.942174
v -0.647437 8.430328 0.832566
v -0.647437 8.430328 0.832566
v -0.471488 3.101811 1.221813
v 1.034602 9.684622 0.139895
v 1.034602 9.684622 0.139895
v 0.051713 3.593317 0.887812
v 0.051713 3.593317 0.887812
v 0.699929 3.582052 -0.648033
v 0.922080 3.578489 -0.635237
v 1.431555 3.781144 -0.728324
v -1.544777 3.333952 -1.444229
v 0.722826 4.212606 1.092361
v -0.568605 8.956206 0.363414
v -0.306360 4.158402 -0.678095
v -0.863874 4.475303 0.910717
v -0.863874 4.475303 0.910717
v -1.274709 4.358774 0.892777
v 1.675877 4.290725 -0.325372
v 1.675877 4.290725 -0.325372
v -0.999009 4.508683 -0.690749
v -0.999009 4.508683 -0.690749
v 0.444411 9.433329 0.385731
v -1.252652 8.683092 -0.567251
v -1.252652 8.683092 -0.567251
v -0.029179 7.580340 1.842374
v 0.090361 5.115180 1.227833
v -0.392247 8.693137 -0.143153
v -0.236407 8.824334 -1.236728
v 1.321800 7.767538 -0.262151
v 1.321800 7.767538 -0.262151
v -1.245300 8.130124 -0.468238
v -1.245300 8.130124 -0.468238
v 1.371903 5.009926 -0.999240
v 0.438948 9.035760 -0.983068
v 0.438948 9.035760 -0.983068
v -0.585462 5.799572 0.463239
v -0.423113 9.552624 -0.787917
v -0.423113 9.552624 -0.787917
v -1.354800 5.130461 0.184573
v 0.554046 8.653129 -0.951545
v -0.698359 8.722954 -0.721261
v -0.378423 5.765940 -0.941477
v -0.988324 6.164993 1.090766
v -0.988324 6.164993 1.090766
v -0.156193 8.239952 -0.387743
v -0.156193 8.239952 -0.387743
v -0.958004 6.375610 -0.181069
v -1.104150 6.152634 -0.493458
v -1.580842 7.158228 -0.993893
v -1.580842 7.158228 -0.993893
v -0.423857 7.737959 -0.873419
v 0.108379 8.887317 -0.095965
v 0.108379 8.887317 -0.095965
v 0.422983 9.064939 -0.178331
v 0.422983 9.064939 -0.178331
v 1.192226 8.284835 -0.227036
v -0.312944 8.182073 1.314997
v -0.312944 8.182073 1.314997
v 0.344204 8.042302 0.556142
v 0.344204 8.042302 0.556142
v 0.190795 8.148121 1.021893
v 0.190795 8.148121 1.021893
v 1.439444 7.097965 -0.295334
v -0.963540 7.096374 1.443160
v -0.963540 7.096374 1.443160
v -0.993929 6.790544 0.648867
v -0.993929 6.790544 0.648867
v 0.802378 6.522942 -0.775525
v 0.802378 6.522942 -0.775525
v -1.152336 5.991611 1.819543
v -1.152336 5.991611 1.819543
v -0.566302 5.956899 0.950939
v -0.566302 5.956899 0.950939
v -0.371451 5.593905 -1.368236
v -0.371451 5.593905 -1.368236
v -0.472661 5.515839 -1.186339
v -0.472661 5.515839 -1.186339
v 1.979671 4.502412 0.590313
v 1.979671 4.502412 0.590313
v 0.976445 4.620288 0.970891
v 0.976445 4.620288 0.970891
v -0.953558 4.046193 0.868765
v -0.953558 4.046193 0.868765
v -0.492454 4.328347 0.752179
v -0.492454 4.328347 0.752179
v 1.356217 4.042320 1.003488
v 1.356217 4.042320 1.003488
v 0.903889 4.169964 0.759884
v 0.903889 4.169964 0.759884
v -0.653813 4.094333 0.189571
v -0.653813 4.094333 0.189571
v -0.010657 4.102665 -0.529891
v -0.010657 4.102665 -0.529891
v -0.835056 3.486887 0.347322
v -0.835056 3.486887 0.347322
v -1.408144 2.805693 0.807532
v 0.234302 3.926714 0.675360
v 0.234302 3.926714 0.675360
v 0.016300 2.952835 -1.843412
v 0.016300 2.952835 -1.843412
v -0.519166 3.311666 -0.149401
v -0.519166 3.311666 -0.149401
v 0.480652 3.529105 0.962815
v 0.361421 3.542699 0.932969
v 0.127852 3.686802 0.711030
v 0.127852 3.686802 0.711030
v 0.001149 3.256347 -0.007593
v 0.001149 3.256347 -0.007593
v -0.009626 3.243894 -0.004913
v -0.009626 3.243894 -0.004913
v -0.010493 3.255234 -0.017473
v -0.010493 3.255234 -0.017473
v 0.106303 3.142349 -0.122425
v 0.106303 3.142349 -0.122425
v 0.106303 3.142349 -0.122425
v 0.106303 3.142349 -0.122425
v 0.092635 3.135667 -0.128784
v 0.092635 3.135667 -0.128784
v 0.181946 3.048032 -0.201677
v 0.181946 3.048032 -0.201677
v 0.175785 3.053916 -0.212860
v 0.175785 3.053916 -0.212860
v 0.175785 3.053916 -0.212860
v 0.175785 3.053916 -0.212860
v 0.260068 2.992801 -0.282551
v 0.260068 2.992801 -0.282551
v 0.260068 2.992801 -0.282551
v 0.260068 2.992801 -0.282551
v 0.250927 2.987628 -0.287538
v 0.250927 2.987628 -0.287538
v 0.346087 2.907075 -0.355671
v 0.346087 2.907075 -0.355671
v 0.342740 2.910338 -0.363590
v 0.342740 2.910338 -0.363590
v 0.342740 2.910338 -0.363590
v 0.342740 2.910338 -0.363590
v 0.433545 2.844546 -0.418841
v 0.433545 2.844546 -0.418841
v 0.433545 2.844546 -0.418841
v 0.433545 2.844546 -0.418841
v 0.428759 2.841096 -0.422151
v 0.428759 2.841096 -0.422151
v 0.534432 2.766935 -0.480867
v 0.534432 2.766935 -0.480867
v 0.533140 2.768239 -0.484603
v 0.533140 2.768239 -0.484603
v 0.533140 2.768239 -0.484603
v 0.533140 2.768239 -0.484603
v 0.631653 2.710324 -0.534502
v 0.631653 2.710324 -0.534502
v 0.631653 2.710324 -0.534502
v 0.631196 2.709117 -0.533991
v 0.631196 2.709117 -0.533991
v 0.631196 2.709117 -0.533991
v 0.630783 2.709541 -0.535246
v 0.630783 2.709541 -0.535246
v 0.630783 2.709541 -0.535246
v 0.686133 2.676098 -0.564179
v 0.686133 2.676098 -0.564179
v 0.686133 2.676098 -0.564179
v 0.686133 2.676098 -0.564179
v 0.686133 2.676098 -0.564179
v 0.686133 2.676098 -0.564179
v 0.686133 2.676098 -0.564179
v -0.008491 3.455696 -0.016909
v -0.008491 3.455696 -0.016909
v 0.002925 3.440926 -0.011178
v 0.002925 3.440926 -0.011178
v -0.005577 3.454270 0.000749
v -0.005577 3.454270 0.000749
v -0.197983 3.319636 0.006228
v -0.197983 3.319636 0.006228
v -0.197983 3.319636 0.006228
v -0.190851 3.311774 0.022183
v -0.190851 3.311774 0.022183
v -0.190851 3.311774 0.022183
v -0.190851 3.311774 0.022183
v -0.332860 3.208279 0.018103
v -0.332860 3.208279 0.018103
v -0.332860 3.208279 0.018103
v -0.332860 3.208279 0.018103
v -0.336078 3.214965 0.032640
v -0.336078 3.214965 0.032640
v -0.336078 3.214965 0.032640
v -0.336078 3.214965 0.032640
v -0.470220 3.143531 0.027654
v -0.470220 3.143531 0.027654
v -0.470220 3.143531 0.027654
v -0.470220 3.143531 0.027654
v -0.465940 3.137520 0.038934
v -0.465940 3.137520 0.038934
v -0.465940 3.137520 0.038934
v -0.465940 3.137520 0.038934
v -0.612653 3.046965 0.041561
v -0.612653 3.046965 0.041561
v -0.612653 3.046965 0.041561
v -0.612653 3.046965 0.041561
v -0.614248 3.051617 0.050992
v -0.614248 3.051617 0.050992
v -0.614248 3.051617 0.050992
v -0.614248 3.051617 0.050992
v -0.748104 2.981179 0.059132
v -0.748104 2.981179 0.059132
v -0.748104 2.981179 0.059132
v -0.745616 2.977719 0.065657
v -0.745616 2.977719 0.065657
v -0.745616 2.977719 0.065657
v -0.745616 2.977719 0.065657
v -0.899786 2.901096 0.069938
v -0.899786 2.901096 0.069938
v -0.899786 2.901096 0.069938
v -0.899786 2.901096 0.069938
v -0.900549 2.903167 0.074177
v -0.900549 2.903167 0.074177
v -1.041277 2.847198 0.072761
v -1.041277 2.847198 0.072761
v -1.041277 2.847198 0.072761
v -1.040685 2.845720 0.072691
v -1.040685 2.845720 0.072691
v -1.040685 2.845720 0.072691
v -1.040947 2.846408 0.074104
v -1.040947 2.846408 0.074104
v -1.040947 2.846408 0.074104
v -1.120687 2.814025 0.074279
v -1.120687 2.814025 0.074279
v -1.120687 2.814025 0.074279
v -1.120687 2.814025 0.074279
v -1.120687 2.814025 0.074279
v -1.120687 2.814025 0.074279
v -1.120687 2.814025 0.074279
v -0.005775 3.665127 0.001923
v -0.005775 3.665127 0.001923
v -0.009797 3.648712 -0.012231
v -0.009797 3.648712 -0.012231
v -0.009797 3.648712 -0.012231
v 0.005396 3.663566 -0.014472
v 0.005396 3.663566 -0.014472
v 0.145981 3.530926 0.108746
v 0.145981 3.530926 0.108746
v 0.145981 3.530926 0.108746
v 0.145981 3.530926 0.108746
v 0.153036 3.521751 0.090606
v 0.153036 3.521751 0.090606
v 0.153036 3.521751 0.090606
v 0.153036 3.521751 0.090606
v 0.237175 3.425619 0.205665
v 0.237175 3.425619 0.205665
v 0.237175 3.425619 0.205665
v 0.237175 3.425619 0.205665
v 0.252603 3.431773 0.197952
v 0.252603 3.431773 0.197952
v 0.252603 3.431773 0.197952
v 0.252603 3.431773 0.197952
v 0.252603 3.431773 0.197952
v 0.319179 3.376821 0.320067
v 0.319179 3.376821 0.320067
v 0.319179 3.376821 0.320067
v 0.319179 3.376821 0.320067
v 0.326589 3.368199 0.310115
v 0.326589 3.368199 0.310115
v 0.408914 3.293765 0.436574
v 0.408914 3.293765 0.436574
v 0.408914 3.293765 0.436574
v 0.408914 3.293765 0.436574
v 0.418521 3.298070 0.431016
v 0.418521 3.298070 0.431016
v 0.418521 3.298070 0.431016
v 0.418521 3.298070 0.431016
v 0.418521 3.298070 0.431016
v 0.502466 3.242596 0.539302
v 0.502466 3.242596 0.539302
v 0.502466 3.242596 0.539302
v 0.502466 3.242596 0.539302
v 0.506447 3.237857 0.533189
v 0.506447 3.237857 0.533189
v 0.506447 3.237857 0.533189
v 0.601592 3.175803 0.657117
v 0.601592 3.175803 0.657117
v 0.605824 3.177773 0.654560
v 0.605824 3.177773 0.654560
v 0.605824 3.177773 0.654560
v 0.605824 3.177773 0.654560
v 0.691184 3.133702 0.766783
v 0.691184 3.133702 0.766783
v 0.691184 3.133702 0.766783
v 0.690679 3.132024 0.766501
v 0.690679 3.132024 0.766501
v 0.690679 3.132024 0.766501
v 0.692087 3.132682 0.765646
v 0.692087 3.132682 0.765646
v 0.692087 3.132682 0.765646
v 0.741236 3.106929 0.828653
v 0.741236 3.106929 0.828653
v 0.741236 3.106929 0.828653
v 0.741236 3.106929 0.828653
v 0.741236 3.106929 0.828653
v 0.741236 3.106929 0.828653
v 0.741236 3.106929 0.828653
v 0.004753 3.894779 -0.017171
v 0.004753 3.894779 -0.017171
v -0.001415 3.876902 -0.002257
v -0.001415 3.876902 -0.002257
v -0.016803 3.892994 -0.012228
v -0.016803 3.892994 -0.012228
v -0.037103 3.717762 -0.247856
v -0.037103 3.717762 -0.247856
v -0.037103 3.717762 -0.247856
v -0.056144 3.708251 -0.237790
v -0.056144 3.708251 -0.237790
v -0.056144 3.708251 -0.237790
v -0.056144 3.708251 -0.237790
v -0.062559 3.574669 -0.412925
v -0.062559 3.574669 -0.412925
v -0.062559 3.574669 -0.412925
v -0.080575 3.582958 -0.415727
v -0.080575 3.582958 -0.415727
v -0.080575 3.582958 -0.415727
v -0.080575 3.582958 -0.415727
v -0.086879 3.490009 -0.581824
v -0.086879 3.490009 -0.581824
v -0.086879 3.490009 -0.581824
v -0.086879 3.490009 -0.581824
v -0.100425 3.482380 -0.576263
v -0.100425 3.482380 -0.576263
v -0.091564 3.376209 -0.764734
v -0.091564 3.376209 -0.764734
v -0.103292 3.381055 -0.767532
v -0.103292 3.381055 -0.767532
v -0.103292 3.381055 -0.767532
v -0.103292 3.381055 -0.767532
v -0.080176 3.309663 -0.942534
v -0.080176 3.309663 -0.942534
v -0.080176 3.309663 -0.942534
v -0.080176 3.309663 -0.942534
v -0.087927 3.304385 -0.941157
v -0.087927 3.304385 -0.941157
v -0.087927 3.304385 -0.941157
v -0.066188 3.235874 -1.144643
v -0.066188 3.235874 -1.144643
v -0.066188 3.235874 -1.144643
v -0.071439 3.238131 -1.145572
v -0.071439 3.238131 -1.145572
v -0.055368 3.200037 -1.330870
v -0.055368 3.200037 -1.330870
v -0.055368 3.200037 -1.330870
v -0.055183 3.198157 -1.330469
v -0.055183 3.198157 -1.330469
v -0.055183 3.198157 -1.330469
v -0.056936 3.198918 -1.330743
v -0.056936 3.198918 -1.330743
v -0.056936 3.198918 -1.330743
v -0.048856 3.176342 -1.435953
v -0.048856 3.176342 -1.435953
v -0.048856 3.176342 -1.435953
v -0.048856 3.176342 -1.435953
v -0.048856 3.176342 -1.435953
v -0.048856 3.176342 -1.435953
v -0.048856 3.176342 -1.435953
v -0.021160 4.090496 -0.017512
v -0.021160 4.090496 -0.017512
v -0.006551 4.071004 -0.025009
v -0.006551 4.071004 -0.025009
v -0.000148 4.088832 -0.007194
v -0.000148 4.088832 -0.007194
v -0.135483 3.926137 0.195749
v -0.135483 3.926137 0.195749
v -0.112938 3.915696 0.200207
v -0.112938 3.915696 0.200207
v -0.112938 3.915696 0.200207
v -0.112938 3.915696 0.200207
v -0.217627 3.788496 0.345078
v -0.217627 3.788496 0.345078
v -0.217627 3.788496 0.345078
v -0.217627 3.788496 0.345078
v -0.204127 3.797643 0.359035
v -0.204127 3.797643 0.359035
v -0.301033 3.709846 0.496513
v -0.301033 3.709846 0.496513
v -0.285520 3.702166 0.500144
v -0.285520 3.702166 0.500144
v -0.285520 3.702166 0.500144
v -0.285520 3.702166 0.500144
v -0.387920 3.589247 0.652246
v -0.387920 3.589247 0.652246
v -0.387920 3.589247 0.652246
v -0.387920 3.589247 0.652246
v -0.379163 3.595188 0.661274
v -0.379163 3.595188 0.661274
v -0.471805 3.507079 0.800719
v -0.471805 3.507079 0.800719
v -0.462946 3.502647 0.802847
v -0.462946 3.502647 0.802847
v -0.462946 3.502647 0.802847
v -0.462946 3.502647 0.802847
v -0.554795 3.406015 0.971075
v -0.554795 3.406015 0.971075
v -0.554795 3.406015 0.971075
v -0.554795 3.406015 0.971075
v -0.550574 3.409019 0.974448
v -0.550574 3.409019 0.974448
v -0.623063 3.338027 1.133739
v -0.623063 3.338027 1.133739
v -0.623063 3.338027 1.133739
v -0.622673 3.336120 1.133061
v -0.622673 3.336120 1.133061
v -0.622673 3.336120 1.133061
v -0.621238 3.337150 1.134123
v -0.621238 3.337150 1.134123
v -0.621238 3.337150 1.134123
v -0.661378 3.296129 1.224913
v -0.661378 3.296129 1.224913
v -0.661378 3.296129 1.224913
v -0.661378 3.296129 1.224913
v -0.661378 3.296129 1.224913
v -0.661378 3.296129 1.224913
v -0.661378 3.296129 1.224913
v -0.006451 4.276815 -0.010393
v -0.006451 4.276815 -0.010393
v -0.022629 4.255317 -0.017706
v -0.022629 4.255317 -0.017706
v -0.022629 4.255317 -0.017706
v -0.013331 4.274289 -0.034489
v -0.013331 4.274289 -0.034489
v 0.254234 4.094576 -0.077131
v 0.254234 4.094576 -0.077131
v 0.254234 4.094576 -0.077131
v 0.254234 4.094576 -0.077131
v 0.243317 4.082935 -0.098432
v 0.243317 4.082935 -0.098432
v 0.243317 4.082935 -0.098432
v 0.450444 3.956242 -0.085198
v 0.450444 3.956242 -0.085198
v 0.455483 3.964077 -0.105818
v 0.455483 3.964077 -0.105818
v 0.455483 3.964077 -0.105818
v 0.455483 3.964077 -0.105818
v 0.650783 3.893931 -0.063866
v 0.650783 3.893931 -0.063866
v 0.650783 3.893931 -0.063866
v 0.650783 3.893931 -0.063866
v 0.648343 3.883037 -0.078790
v 0.648343 3.883037 -0.078790
v 0.864544 3.787979 -0.044141
v 0.864544 3.787979 -0.044141
v 0.867451 3.793178 -0.057524
v 0.867451 3.793178 -0.057524
v 0.867451 3.793178 -0.057524
v 0.867451 3.793178 -0.057524
v 1.063448 3.721539 -0.037377
v 1.063448 3.721539 -0.037377
v 1.063448 3.721539 -0.037377
v 1.063448 3.721539 -0.037377
v 1.061924 3.715379 -0.045942
v 1.061924 3.715379 -0.045942
v 1.289005 3.651410 -0.013932
v 1.289005 3.651410 -0.013932
v 1.290271 3.653733 -0.019868
v 1.290271 3.653733 -0.019868
v 1.290271 3.653733 -0.019868
v 1.290271 3.653733 -0.019868
v 1.494919 3.625321 0.016330
v 1.494919 3.625321 0.016330
v 1.494919 3.625321 0.016330
v 1.494576 3.623201 0.016613
v 1.494576 3.623201 0.016613
v 1.494576 3.623201 0.016613
v 1.494999 3.623975 0.014634
v 1.494999 3.623975 0.014634
v 1.494999 3.623975 0.014634
v 1.611317 3.606713 0.033934
v 1.611317 3.606713 0.033934
v 1.611317 3.606713 0.033934
v 1.611317 3.606713 0.033934
v 1.611317 3.606713 0.033934
v 1.611317 3.606713 0.033934
v 1.611317 3.606713 0.033934
v -0.017375 4.480821 -0.038285
v -0.017375 4.480821 -0.038285
v -0.008358 4.459406 -0.021670
v -0.008358 4.459406 -0.021670
v -0.026997 4.478630 -0.014415
v -0.026997 4.478630 -0.014415
v -0.248177 4.300178 -0.137074
v -0.248177 4.300178 -0.137074
v -0.252206 4.288359 -0.112378
v -0.252206 4.288359 -0.112378
v -0.252206 4.288359 -0.112378
v -0.252206 4.288359 -0.112378
v -0.398127 4.160295 -0.239403
v -0.398127 4.160295 -0.239403
v -0.415196 4.168408 -0.225400
v -0.415196 4.168408 -0.225400
v -0.415196 4.168408 -0.225400
v -0.415196 4.168408 -0.225400
v -0.540206 4.095429 -0.366067
v -0.540206 4.095429 -0.366067
v -0.546834 4.084448 -0.351552
v -0.546834 4.084448 -0.351552
v -0.546834 4.084448 -0.351552
v -0.546834 4.084448 -0.351552
v -0.687050 3.978799 -0.495575
v -0.687050 3.978799 -0.495575
v -0.698130 3.984024 -0.486547
v -0.698130 3.984024 -0.486547
v -0.698130 3.984024 -0.486547
v -0.698130 3.984024 -0.486547
v -0.829842 3.896785 -0.608582
v -0.829842 3.896785 -0.608582
v -0.833144 3.890830 -0.599858
v -0.833144 3.890830 -0.599858
v -0.833144 3.890830 -0.599858
v -0.833144 3.890830 -0.599858
v -0.986096 3.795582 -0.737754
v -0.986096 3.795582 -0.737754
v -0.986096 3.795582 -0.737754
v -0.986096 3.795582 -0.737754
v -0.990833 3.798004 -0.733611
v -0.990833 3.798004 -0.733611
v -1.131581 3.729515 -0.857236
v -1.131581 3.729515 -0.857236
v -1.131581 3.729515 -0.857236
v -1.130804 3.727425 -0.856954
v -1.130804 3.727425 -0.856954
v -1.130804 3.727425 -0.856954
v -1.132368 3.728240 -0.855561
v -1.132368 3.728240 -0.855561
v -1.132368 3.728240 -0.855561
v -1.212904 3.688402 -0.924707
v -1.212904 3.688402 -0.924707
v -1.212904 3.688402 -0.924707
v -1.212904 3.688402 -0.924707
v -1.212904 3.688402 -0.924707
v -1.212904 3.688402 -0.924707
v -1.212904 3.688402 -0.924707
v -0.030489 4.689021 -0.014970
v -0.030489 4.689021 -0.014970
v -0.025536 4.666592 -0.033394
v -0.025536 4.666592 -0.033394
v -0.006611 4.686655 -0.026408
v -0.006611 4.686655 -0.026408
v 0.078470 4.508456 0.224273
v 0.078470 4.508456 0.224273
v 0.078470 4.508456 0.224273
v 0.098789 4.496091 0.208708
v 0.098789 4.496091 0.208708
v 0.098789 4.496091 0.208708
v 0.098789 4.496091 0.208708
v 0.119317 4.369939 0.410683
v 0.119317 4.369939 0.410683
v 0.119317 4.369939 0.410683
v 0.119317 4.369939 0.410683
v 0.119317 4.369939 0.410683
v 0.141948 4.378264 0.412150
v 0.141948 4.378264 0.412150
v 0.141948 4.378264 0.412150
v 0.141948 4.378264 0.412150
v 0.141948 4.378264 0.412150
v 0.133517 4.310183 0.608814
v 0.133517 4.310183 0.608814
v 0.133517 4.310183 0.608814
v 0.133517 4.310183 0.608814
v 0.148713 4.298663 0.603158
v 0.148713 4.298663 0.603158
v 0.148713 4.298663 0.603158
v 0.148713 4.298663 0.603158
v 0.155062 4.197036 0.813735
v 0.155062 4.197036 0.813735
v 0.155062 4.197036 0.813735
v 0.155062 4.197036 0.813735
v 0.169637 4.202643 0.814190
v 0.169637 4.202643 0.814190
v 0.169637 4.202643 0.814190
v 0.169637 4.202643 0.814190
v 0.190304 4.118699 1.000921
v 0.190304 4.118699 1.000921
v 0.190304 4.118699 1.000921
v 0.190304 4.118699 1.000921
v 0.198906 4.112498 0.996858
v 0.198906 4.112498 0.996858
v 0.198906 4.112498 0.996858
v 0.212742 4.027647 1.214299
v 0.212742 4.027647 1.214299
v 0.212742 4.027647 1.214299
v 0.219207 4.030081 1.214641
v 0.219207 4.030081 1.214641
v 0.219207 4.030081 1.214641
v 0.219207 4.030081 1.214641
v 0.223231 3.977433 1.413577
v 0.223231 3.977433 1.413577
v 0.223231 3.977433 1.413577
v 0.223231 3.977433 1.413577
v 0.222857 3.975233 1.413000
v 0.222857 3.975233 1.413000
v 0.222857 3.975233 1.413000
v 0.225013 3.976039 1.413131
v 0.225013 3.976039 1.413131
v 0.225013 3.976039 1.413131
v 0.228634 3.945066 1.525823
v 0.228634 3.945066 1.525823
v 0.228634 3.945066 1.525823
v 0.228634 3.945066 1.525823
v 0.228634 3.945066 1.525823
v 0.228634 3.945066 1.525823
v 0.228634 3.945066 1.525823
v -0.007554 4.866215 -0.021036
v -0.007554 4.866215 -0.021036
v -0.023474 4.843640 -0.012443
v -0.023474 4.843640 -0.012443
v -0.032246 4.864467 -0.031181
v -0.032246 4.864467 -0.031181
v 0.100486 4.699232 -0.265388
v 0.100486 4.699232 -0.265388
v 0.100486 4.699232 -0.265388
v 0.100486 4.699232 -0.265388
v 0.074644 4.686891 -0.269166
v 0.074644 4.686891 -0.269166
v 0.182724 4.560486 -0.437602
v 0.182724 4.560486 -0.437602
v 0.166044 4.571112 -0.452144
v 0.166044 4.571112 -0.452144
v 0.166044 4.571112 -0.452144
v 0.166044 4.571112 -0.452144
v 0.268412 4.491757 -0.610579
v 0.268412 4.491757 -0.610579
v 0.268412 4.491757 -0.610579
v 0.268412 4.491757 -0.610579
v 0.250910 4.482404 -0.614400
v 0.250910 4.482404 -0.614400
v 0.355390 4.380603 -0.794919
v 0.355390 4.380603 -0.794919
v 0.344254 4.387846 -0.803602
v 0.344254 4.387846 -0.803602
v 0.344254 4.387846 -0.803602
v 0.344254 4.387846 -0.803602
v 0.434453 4.315843 -0.971669
v 0.434453 4.315843 -0.971669
v 0.434453 4.315843 -0.971669
v 0.434453 4.315843 -0.971669
v 0.424367 4.310604 -0.973631
v 0.424367 4.310604 -0.973631
v 0.508928 4.219530 -1.168695
v 0.508928 4.219530 -1.168695
v 0.503772 4.222980 -1.171983
v 0.503772 4.222980 -1.171983
v 0.503772 4.222980 -1.171983
v 0.503772 4.222980 -1.171983
v 0.565859 4.147326 -1.350298
v 0.565859 4.147326 -1.350298
v 0.565859 4.147326 -1.350298
v 0.565489 4.145159 -1.349492
v 0.565489 4.145159 -1.349492
v 0.565489 4.145159 -1.349492
v 0.563754 4.146330 -1.350540
v 0.563754 4.146330 -1.350540
v 0.563754 4.146330 -1.350540
v 0.597841 4.102715 -1.452127
v 0.597841 4.102715 -1.452127
v 0.597841 4.102715 -1.452127
v 0.597841 4.102715 -1.452127
v 0.597841 4.102715 -1.452127
v 0.597841 4.102715 -1.452127
v 0.597841 4.102715 -1.452127
v -0.033558 5.038963 -0.028763
v -0.033558 5.038963 -0.028763
v -0.014432 5.015374 -0.025926
v -0.014432 5.015374 -0.025926
v -0.014432 5.015374 -0.025926
v -0.018995 5.036152 -0.005492
v -0.018995 5.036152 -0.005492
v -0.290257 4.838746 0.121940
v -0.290257 4.838746 0.121940
v -0.290257 4.838746 0.121940
v -0.272446 4.825983 0.141041
v -0.272446 4.825983 0.141041
v -0.272446 4.825983 0.141041
v -0.272446 4.825983 0.141041
v -0.497815 4.689178 0.191104
v -0.497815 4.689178 0.191104
v -0.497815 4.689178 0.191104
v -0.497815 4.689178 0.191104
v -0.496666 4.697908 0.214183
v -0.496666 4.697908 0.214183
v -0.718362 4.625334 0.230104
v -0.718362 4.625334 0.230104
v -0.711504 4.613439 0.245105
v -0.711504 4.613439 0.245105
v -0.711504 4.613439 0.245105
v -0.711504 4.613439 0.245105
v -0.950811 4.506625 0.273798
v -0.950811 4.506625 0.273798
v -0.950811 4.506625 0.273798
v -0.950811 4.506625 0.273798
v -0.949782 4.512393 0.288654
v -0.949782 4.512393 0.288654
v -1.161592 4.424965 0.326191
v -1.161592 4.424965 0.326191
v -1.157550 4.418217 0.334720
v -1.157550 4.418217 0.334720
v -1.157550 4.418217 0.334720
v -1.157550 4.418217 0.334720
v -1.401225 4.322643 0.325642
v -1.401225 4.322643 0.325642
v -1.401225 4.322643 0.325642
v -1.401225 4.322643 0.325642
v -1.402712 4.324416 0.332317
v -1.402712 4.324416 0.332317
v -1.619175 4.258027 0.279845
v -1.619175 4.258027 0.279845
v -1.619175 4.258027 0.279845
v -1.618381 4.255867 0.279349
v -1.618381 4.255867 0.279349
v -1.618381 4.255867 0.279349
v -1.619060 4.256397 0.281541
v -1.619060 4.256397 0.281541
v -1.619060 4.256397 0.281541
v -1.741880 4.217556 0.253515
v -1.741880 4.217556 0.253515
v -1.741880 4.217556 0.253515
v -1.741880 4.217556 0.253515
v -1.741880 4.217556 0.253515
v -1.741880 4.217556 0.253515
v -1.741880 4.217556 0.253515
v -0.025260 5.227043 -0.005454
v -0.025260 5.227043 -0.005454
v -0.034895 5.204070 -0.020264
v -0.034895 5.204070 -0.020264
v -0.034895 5.204070 -0.020264
v -0.017908 5.225393 -0.030991
v -0.017908 5.225393 -0.030991
v 0.225471 5.074435 0.071649
v 0.225471 5.074435 0.071649
v 0.225471 5.074435 0.071649
v 0.225471 5.074435 0.071649
v 0.226634 5.061802 0.045539
v 0.226634 5.061802 0.045539
v 0.226634 5.061802 0.045539
v 0.226634 5.061802 0.045539
v 0.400642 4.944013 0.134522
v 0.400642 4.944013 0.134522
v 0.400642 4.944013 0.134522
v 0.400642 4.944013 0.134522
v 0.413433 4.954584 0.116269
v 0.413433 4.954584 0.116269
v 0.413433 4.954584 0.116269
v 0.413433 4.954584 0.116269
v 0.413433 4.954584 0.116269
v 0.575129 4.881386 0.202731
v 0.575129 4.881386 0.202731
v 0.575129 4.881386 0.202731
v 0.575129 4.881386 0.202731
v 0.577262 4.871802 0.184953
v 0.577262 4.871802 0.184953
v 0.759480 4.770089 0.264393
v 0.759480 4.770089 0.264393
v 0.759480 4.770089 0.264393
v 0.759480 4.770089 0.264393
v 0.766762 4.777415 0.252242
v 0.766762 4.777415 0.252242
v 0.766762 4.777415 0.252242
v 0.766762 4.777415 0.252242
v 0.766762 4.777415 0.252242
v 0.936136 4.698784 0.312806
v 0.936136 4.698784 0.312806
v 0.936136 4.698784 0.312806
v 0.936136 4.698784 0.312806
v 0.937068 4.693473 0.302549
v 0.937068 4.693473 0.302549
v 0.937068 4.693473 0.302549
v 1.129021 4.616735 0.386053
v 1.129021 4.616735 0.386053
v 1.132389 4.619929 0.380739
v 1.132389 4.619929 0.380739
v 1.132389 4.619929 0.380739
v 1.132389 4.619929 0.380739
v 1.302335 4.576751 0.469304
v 1.302335 4.576751 0.469304
v 1.302335 4.576751 0.469304
v 1.301824 4.574460 0.469165
v 1.301824 4.574460 0.469165
v 1.301824 4.574460 0.469165
v 1.302965 4.575519 0.467403
v 1.302965 4.575519 0.467403
v 1.302965 4.575519 0.467403
v 1.399968 4.550014 0.516255
v 1.399968 4.550014 0.516255
v 1.399968 4.550014 0.516255
v 1.399968 4.550014 0.516255
v 1.399968 4.550014 0.516255
v 1.399968 4.550014 0.516255
v 1.399968 4.550014 0.516255
v -0.021737 5.419910 -0.032551
v -0.021737 5.419910 -0.032551
v -0.024012 5.397150 -0.014181
v -0.024012 5.397150 -0.014181
v -0.024012 5.397150 -0.014181
v -0.044829 5.417815 -0.018745
v -0.044829 5.417815 -0.018745
v -0.159248 5.233924 -0.281859
v -0.159248 5.233924 -0.281859
v -0.159248 5.233924 -0.281859
v -0.159248 5.233924 -0.281859
v -0.177815 5.221724 -0.263439
v -0.177815 5.221724 -0.263439
v -0.177815 5.221724 -0.263439
v -0.177815 5.221724 -0.263439
v -0.247440 5.082104 -0.465746
v -0.247440 5.082104 -0.465746
v -0.247440 5.082104 -0.465746
v -0.247440 5.082104 -0.465746
v -0.269559 5.092104 -0.462249
v -0.269559 5.092104 -0.462249
v -0.269559 5.092104 -0.462249
v -0.269559 5.092104 -0.462249
v -0.329688 5.001801 -0.655816
v -0.329688 5.001801 -0.655816
v -0.329688 5.001801 -0.655816
v -0.329688 5.001801 -0.655816
v -0.343007 4.992738 -0.643644
v -0.343007 4.992738 -0.643644
v -0.343007 4.992738 -0.643644
v -0.343007 4.992738 -0.643644
v -0.447612 4.861490 -0.826300
v -0.447612 4.861490 -0.826300
v -0.447612 4.861490 -0.826300
v -0.460415 4.869571 -0.821587
v -0.460415 4.869571 -0.821587
v -0.460415 4.869571 -0.821587
v -0.460415 4.869571 -0.821587
v -0.586710 4.756366 -0.961734
v -0.586710 4.756366 -0.961734
v -0.586710 4.756366 -0.961734
v -0.586710 4.756366 -0.961734
v -0.592809 4.752714 -0.952665
v -0.592809 4.752714 -0.952665
v -0.724734 4.627190 -1.123983
v -0.724734 4.627190 -1.123983
v -0.730492 4.630692 -1.122029
v -0.730492 4.630692 -1.122029
v -0.730492 4.630692 -1.122029
v -0.730492 4.630692 -1.122029
v -0.837474 4.534965 -1.288482
v -0.837474 4.534965 -1.288482
v -0.837474 4.534965 -1.288482
v -0.837013 4.532864 -1.287563
v -0.837013 4.532864 -1.287563
v -0.837013 4.532864 -1.287563
v -0.838950 4.534016 -1.286936
v -0.838950 4.534016 -1.286936
v -0.838950 4.534016 -1.286936
v -0.900867 4.478956 -1.380371
v -0.900867 4.478956 -1.380371
v -0.900867 4.478956 -1.380371
v -0.900867 4.478956 -1.380371
v -0.900867 4.478956 -1.380371
v -0.900867 4.478956 -1.380371
v -0.900867 4.478956 -1.380371
v -0.050467 5.585382 -0.023103
v -0.050467 5.585382 -0.023103
v -0.038120 5.560754 -0.035193
v -0.038120 5.560754 -0.035193
v -0.024220 5.582556 -0.021524
v -0.024220 5.582556 -0.021524
v -0.072567 5.422788 0.277198
v -0.072567 5.422788 0.277198
v -0.047268 5.409877 0.274098
v -0.047268 5.409877 0.274098
v -0.047268 5.409877 0.274098
v -0.047268 5.409877 0.274098
v -0.130498 5.278437 0.476770
v -0.130498 5.278437 0.476770
v -0.130498 5.278437 0.476770
v -0.130498 5.278437 0.476770
v -0.130498 5.278437 0.476770
v -0.111530 5.286549 0.489577
v -0.111530 5.286549 0.489577
v -0.111530 5.286549 0.489577
v -0.219879 5.195833 0.661956
v -0.219879 5.195833 0.661956
v -0.203474 5.184541 0.663708
v -0.203474 5.184541 0.663708
v -0.203474 5.184541 0.663708
v -0.203474 5.184541 0.663708
v -0.306238 5.070312 0.862362
v -0.306238 5.070312 0.862362
v -0.306238 5.070312 0.862362
v -0.306238 5.070312 0.862362
v -0.293705 5.075860 0.870024
v -0.293705 5.075860 0.870024
v -0.372488 4.992273 1.058658
v -0.372488 4.992273 1.058658
v -0.362788 4.986263 1.058783
v -0.362788 4.986263 1.058783
v -0.362788 4.986263 1.058783
v -0.362788 4.986263 1.058783
v -0.419369 4.890189 1.282669
v -0.419369 4.890189 1.282669
v -0.419369 4.890189 1.282669
v -0.419369 4.890189 1.282669
v -0.413453 4.893259 1.284642
v -0.413453 4.893259 1.284642
v -0.435454 4.821278 1.491869
v -0.435454 4.821278 1.491869
v -0.435454 4.821278 1.491869
v -0.435424 4.819090 1.491107
v -0.435424 4.819090 1.491107
v -0.435424 4.819090 1.491107
v -0.433438 4.820161 1.491634
v -0.433438 4.820161 1.491634
v -0.433438 4.820161 1.491634
v -0.444972 4.778425 1.609361
v -0.444972 4.778425 1.609361
v -0.444972 4.778425 1.609361
v -0.444972 4.778425 1.609361
v -0.444972 4.778425 1.609361
v -0.444972 4.778425 1.609361
v -0.444972 4.778425 1.609361
v -0.033949 5.739864 -0.022275
v -0.033949 5.739864 -0.022275
v -0.050116 5.717018 -0.025364
v -0.050116 5.717018 -0.025364
v -0.047378 5.738127 -0.044567
v -0.047378 5.738127 -0.044567
v 0.201084 5.594380 -0.156393
v 0.201084 5.594380 -0.156393
v 0.201084 5.594380 -0.156393
v 0.201084 5.594380 -0.156393
v 0.183599 5.581921 -0.174635
v 0.183599 5.581921 -0.174635
v 0.372070 5.471688 -0.249507
v 0.372070 5.471688 -0.249507
v 0.366587 5.482508 -0.270152
v 0.366587 5.482508 -0.270152
v 0.366587 5.482508 -0.270152
v 0.366587 5.482508 -0.270152
v 0.541997 5.417568 -0.340188
v 0.541997 5.417568 -0.340188
v 0.541997 5.417568 -0.340188
v 0.541997 5.417568 -0.340188
v 0.530526 5.408423 -0.353360
v 0.530526 5.408423 -0.353360
v 0.713403 5.313889 -0.446238
v 0.713403 5.313889 -0.446238
v 0.708819 5.321386 -0.458991
v 0.708819 5.321386 -0.458991
v 0.708819 5.321386 -0.458991
v 0.708819 5.321386 -0.458991
v 0.866282 5.246868 -0.554472
v 0.866282 5.246868 -0.554472
v 0.866282 5.246868 -0.554472
v 0.866282 5.246868 -0.554472
v 0.859198 5.241912 -0.561685
v 0.859198 5.241912 -0.561685
v 1.047406 5.169349 -0.662971
v 1.047406 5.169349 -0.662971
v 1.047406 5.169349 -0.662971
v 1.045385 5.172679 -0.668615
v 1.045385 5.172679 -0.668615
v 1.045385 5.172679 -0.668615
v 1.221762 5.132258 -0.750841
v 1.221762 5.132258 -0.750841
v 1.221762 5.132258 -0.750841
v 1.221348 5.130021 -0.750625
v 1.221348 5.130021 -0.750625
v 1.221348 5.130021 -0.750625
v 1.220680 5.131129 -0.752509
v 1.220680 5.131129 -0.752509
v 1.220680 5.131129 -0.752509
v 1.320074 5.107265 -0.800462
v 1.320074 5.107265 -0.800462
v 1.320074 5.107265 -0.800462
v 1.320074 5.107265 -0.800462
v 1.320074 5.107265 -0.800462
v 1.320074 5.107265 -0.800462
v 1.320074 5.107265 -0.800462
v -0.053647 5.903822 -0.049123
v -0.053647 5.903822 -0.049123
v -0.040750 5.881589 -0.038106
v -0.040750 5.881589 -0.038106
v -0.053980 5.901916 -0.023488
v -0.053980 5.901916 -0.023488
v -0.323565 5.743677 -0.060207
v -0.323565 5.743677 -0.060207
v -0.323565 5.743677 -0.060207
v -0.318157 5.731688 -0.035858
v -0.318157 5.731688 -0.035858
v -0.318157 5.731688 -0.035858
v -0.318157 5.731688 -0.035858
v -0.515824 5.609347 -0.075261
v -0.515824 5.609347 -0.075261
v -0.515824 5.609347 -0.075261
v -0.515824 5.609347 -0.075261
v -0.522947 5.619533 -0.055291
v -0.522947 5.619533 -0.055291
v -0.522947 5.619533 -0.055291
v -0.522947 5.619533 -0.055291
v -0.707365 5.541577 -0.094328
v -0.707365 5.541577 -0.094328
v -0.707365 5.541577 -0.094328
v -0.707365 5.541577 -0.094328
v -0.704876 5.532496 -0.077401
v -0.704876 5.532496 -0.077401
v -0.704876 5.532496 -0.077401
v -0.704876 5.532496 -0.077401
v -0.905724 5.424512 -0.115311
v -0.905724 5.424512 -0.115311
v -0.905724 5.424512 -0.115311
v -0.905724 5.424512 -0.115311
v -0.910620 5.430959 -0.102424
v -0.910620 5.430959 -0.102424
v -0.910620 5.430959 -0.102424
v -0.910620 5.430959 -0.102424
v -1.091724 5.344567 -0.135101
v -1.091724 5.344567 -0.135101
v -1.091724 5.344567 -0.135101
v -1.091724 5.344567 -0.135101
v -1.090037 5.339509 -0.125403
v -1.090037 5.339509 -0.125403
v -1.090037 5.339509 -0.125403
v -1.090037 5.339509 -0.125403
v -1.301337 5.248848 -0.135684
v -1.301337 5.248848 -0.135684
v -1.301337 5.248848 -0.135684
v -1.301337 5.248848 -0.135684
v -1.302265 5.252243 -0.129932
v -1.302265 5.252243 -0.129932
v -1.302265 5.252243 -0.129932
v -1.302265 5.252243 -0.129932
v -1.495486 5.191650 -0.117428
v -1.495486 5.191650 -0.117428
v -1.495486 5.191650 -0.117428
v -1.495486 5.191650 -0.117428
v -1.494807 5.189508 -0.117369
v -1.494807 5.189508 -0.117369
v -1.494807 5.189508 -0.117369
v -1.494997 5.190680 -0.115460
v -1.494997 5.190680 -0.115460
v -1.494997 5.190680 -0.115460
v -1.604598 5.155450 -0.107294
v -1.604598 5.155450 -0.107294
v -1.604598 5.155450 -0.107294
v -1.604598 5.155450 -0.107294
v -1.604598 5.155450 -0.107294
v -1.604598 5.155450 -0.107294
v -1.604598 5.155450 -0.107294
v -0.061153 6.084364 -0.029806
v -0.061153 6.084364 -0.029806
v -0.061277 6.061574 -0.045018
v -0.061277 6.061574 -0.045018
v -0.061277 6.061574 -0.045018
v -0.043088 6.082390 -0.047143
v -0.043088 6.082390 -0.047143
v 0.125656 5.949452 0.173663
v 0.125656 5.949452 0.173663
v 0.125656 5.949452 0.173663
v 0.125656 5.949452 0.173663
v 0.139421 5.937221 0.153805
v 0.139421 5.937221 0.153805
v 0.139421 5.937221 0.153805
v 0.139421 5.937221 0.153805
v 0.251615 5.832422 0.326295
v 0.251615 5.832422 0.326295
v 0.251615 5.832422 0.326295
v 0.251615 5.832422 0.326295
v 0.270348 5.842457 0.317444
v 0.270348 5.842457 0.317444
v 0.270348 5.842457 0.317444
v 0.270348 5.842457 0.317444
v 0.368769 5.778794 0.479876
v 0.368769 5.778794 0.479876
v 0.368769 5.778794 0.479876
v 0.368769 5.778794 0.479876
v 0.378929 5.769817 0.466622
v 0.378929 5.769817 0.466622
v 0.378929 5.769817 0.466622
v 0.378929 5.769817 0.466622
v 0.378929 5.769817 0.466622
v 0.514187 5.676205 0.620436
v 0.514187 5.676205 0.620436
v 0.514187 5.676205 0.620436
v 0.514187 5.676205 0.620436
v 0.524697 5.683675 0.612970
v 0.524697 5.683675 0.612970
v 0.666861 5.608851 0.730239
v 0.666861 5.608851 0.730239
v 0.671122 5.604619 0.721216
v 0.671122 5.604619 0.721216
v 0.671122 5.604619 0.721216
v 0.671122 5.604619 0.721216
v 0.847971 5.544847 0.847827
v 0.847971 5.544847 0.847827
v 0.847971 5.544847 0.847827
v 0.847971 5.544847 0.847827
v 0.851357 5.548669 0.843635
v 0.851357 5.548669 0.843635
v 1.018188 5.531206 0.950455
v 1.018188 5.531206 0.950455
v 1.018188 5.531206 0.950455
v 1.018152 5.529024 0.950165
v 1.018152 5.529024 0.950165
v 1.018152 5.529024 0.950165
v 1.019165 5.530313 0.948696
v 1.019165 5.530313 0.948696
v 1.019165 5.530313 0.948696
v 1.114596 5.519480 1.008390
v 1.114596 5.519480 1.008390
v 1.114596 5.519480 1.008390
v 1.114596 5.519480 1.008390
v 1.114596 5.519480 1.008390
v 1.114596 5.519480 1.008390
v 1.114596 5.519480 1.008390
v -0.044485 6.243211 -0.045641
v -0.044485 6.243211 -0.045641
v -0.056361 6.220619 -0.035455
v -0.056361 6.220619 -0.035455
v -0.068462 6.240862 -0.047938
v -0.068462 6.240862 -0.047938
v -0.018031 6.108938 -0.305199
v -0.018031 6.108938 -0.305199
v -0.018031 6.108938 -0.305199
v -0.018031 6.108938 -0.305199
v -0.041445 6.096889 -0.303237
v -0.041445 6.096889 -0.303237
v 0.035568 5.988599 -0.478027
v 0.035568 5.988599 -0.478027
v 0.018206 5.996529 -0.489844
v 0.018206 5.996529 -0.489844
v 0.018206 5.996529 -0.489844
v 0.018206 5.996529 -0.489844
v 0.114636 5.925716 -0.639025
v 0.114636 5.925716 -0.639025
v 0.114636 5.925716 -0.639025
v 0.114636 5.925716 -0.639025
v 0.099608 5.915223 -0.641475
v 0.099608 5.915223 -0.641475
v 0.198161 5.822821 -0.809672
v 0.198161 5.822821 -0.809672
v 0.186969 5.827869 -0.817452
v 0.186969 5.827869 -0.817452
v 0.186969 5.827869 -0.817452
v 0.186969 5.827869 -0.817452
v 0.269844 5.760700 -0.974145
v 0.269844 5.760700 -0.974145
v 0.269844 5.760700 -0.974145
v 0.269844 5.760700 -0.974145
v 0.261134 5.754811 -0.975313
v 0.261134 5.754811 -0.975313
v 0.261134 5.754811 -0.975313
v 0.332151 5.693981 -1.168277
v 0.332151 5.693981 -1.168277
v 0.332151 5.693981 -1.168277
v 0.326660 5.696721 -1.170262
v 0.326660 5.696721 -1.170262
v 0.369253 5.669727 -1.352759
v 0.369253 5.669727 -1.352759
v 0.369253 5.669727 -1.352759
v 0.369331 5.667603 -1.352429
v 0.369331 5.667603 -1.352429
v 0.369331 5.667603 -1.352429
v 0.367468 5.668542 -1.352948
v 0.367468 5.668542 -1.352948
v 0.367468 5.668542 -1.352948
v 0.390757 5.652184 -1.456809
v 0.390757 5.652184 -1.456809
v 0.390757 5.652184 -1.456809
v 0.390757 5.652184 -1.456809
v 0.390757 5.652184 -1.456809
v 0.390757 5.652184 -1.456809
v 0.390757 5.652184 -1.456809
v -0.069096 6.385022 -0.049128
v -0.069096 6.385022 -0.049128
v -0.054771 6.362786 -0.051626
v -0.054771 6.362786 -0.051626
v -0.049917 6.382801 -0.035805
v -0.049917 6.382801 -0.035805
v -0.216408 6.264578 0.160828
v -0.216408 6.264578 0.160828
v -0.216408 6.264578 0.160828
v -0.195763 6.252744 0.170416
v -0.195763 6.252744 0.170416
v -0.342346 6.153178 0.287118
v -0.342346 6.153178 0.287118
v -0.342346 6.153178 0.287118
v -0.332650 6.161358 0.304863
v -0.332650 6.161358 0.304863
v -0.481222 6.095811 0.392600
v -0.481222 6.095811 0.392600
v -0.469266 6.085902 0.401648
v -0.469266 6.085902 0.401648
v -0.469266 6.085902 0.401648
v -0.469266 6.085902 0.401648
v -0.624981 5.998932 0.509300
v -0.624981 5.998932 0.509300
v -0.624981 5.998932 0.509300
v -0.624981 5.998932 0.509300
v -0.618205 6.004493 0.520383
v -0.618205 6.004493 0.520383
v -0.752223 5.941008 0.628008
v -0.752223 5.941008 0.628008
v -0.745504 5.935308 0.633322
v -0.745504 5.935308 0.633322
v -0.745504 5.935308 0.633322
v -0.745504 5.935308 0.633322
v -0.916919 5.886415 0.739112
v -0.916919 5.886415 0.739112
v -0.916919 5.886415 0.739112
v -0.916919 5.886415 0.739112
v -0.914342 5.888759 0.744334
v -0.914342 5.888759 0.744334
v -1.080471 5.878814 0.821817
v -1.080471 5.878814 0.821817
v -1.080471 5.878814 0.821817
v -1.080499 5.876746 0.821500
v -1.080499 5.876746 0.821500
v -1.080499 5.876746 0.821500
v -1.079690 5.877522 0.823266
v -1.079690 5.877522 0.823266
v -1.079690 5.877522 0.823266
v -1.173294 5.870728 0.868464
v -1.173294 5.870728 0.868464
v -1.173294 5.870728 0.868464
v -1.173294 5.870728 0.868464
v -1.173294 5.870728 0.868464
v -1.173294 5.870728 0.868464
v -1.173294 5.870728 0.868464
v -0.056341 6.523378 -0.036354
v -0.056341 6.523378 -0.036354
v -0.065848 6.502010 -0.045755
v -0.065848 6.502010 -0.045755
v -0.065848 6.502010 -0.045755
v -0.056316 6.521363 -0.059639
v -0.056316 6.521363 -0.059639
v 0.217859 6.399271 -0.028070
v 0.217859 6.399271 -0.028070
v 0.217859 6.399271 -0.028070
v 0.217859 6.399271 -0.028070
v 0.213874 6.387892 -0.049784
v 0.213874 6.387892 -0.049784
v 0.213874 6.387892 -0.049784
v 0.417852 6.296117 -0.018745
v 0.417852 6.296117 -0.018745
v 0.422350 6.306015 -0.036854
v 0.422350 6.306015 -0.036854
v 0.422350 6.306015 -0.036854
v 0.422350 6.306015 -0.036854
v 0.609121 6.256162 -0.008622
v 0.609121 6.256162 -0.008622
v 0.609121 6.256162 -0.008622
v 0.609121 6.256162 -0.008622
v 0.607289 6.247818 -0.023788
v 0.607289 6.247818 -0.023788
v 0.815579 6.174006 -0.007161
v 0.815579 6.174006 -0.007161
v 0.817407 6.180770 -0.018923
v 0.817407 6.180770 -0.018923
v 0.817407 6.180770 -0.018923
v 0.817407 6.180770 -0.018923
v 1.004445 6.125294 -0.015056
v 1.004445 6.125294 -0.015056
v 1.004445 6.125294 -0.015056
v 1.004445 6.125294 -0.015056
v 1.003459 6.120505 -0.023751
v 1.003459 6.120505 -0.023751
v 1.213485 6.068669 0.018756
v 1.213485 6.068669 0.018756
v 1.215430 6.071397 0.013673
v 1.215430 6.071397 0.013673
v 1.215430 6.071397 0.013673
v 1.215430 6.071397 0.013673
v 1.395747 6.047805 0.085293
v 1.395747 6.047805 0.085293
v 1.395747 6.047805 0.085293
v 1.395469 6.045795 0.085326
v 1.395469 6.045795 0.085326
v 1.395469 6.045795 0.085326
v 1.396224 6.046688 0.083668
v 1.396224 6.046688 0.083668
v 1.396224 6.046688 0.083668
v 1.498990 6.032410 0.122789
v 1.498990 6.032410 0.122789
v 1.498990 6.032410 0.122789
v 1.498990 6.032410 0.122789
v 1.498990 6.032410 0.122789
v 1.498990 6.032410 0.122789
v 1.498990 6.032410 0.122789
v -0.058568 6.669940 -0.062674
v -0.058568 6.669940 -0.062674
v -0.056167 6.650065 -0.049166
v -0.056167 6.650065 -0.049166
v -0.072032 6.668230 -0.044930
v -0.072032 6.668230 -0.044930
v -0.248166 6.545131 -0.214507
v -0.248166 6.545131 -0.214507
v -0.248166 6.545131 -0.214507
v -0.248166 6.545131 -0.214507
v -0.257368 6.534389 -0.195164
v -0.257368 6.534389 -0.195164
v -0.382401 6.441232 -0.328331
v -0.382401 6.441232 -0.328331
v -0.396912 6.450514 -0.317437
v -0.396912 6.450514 -0.317437
v -0.396912 6.450514 -0.317437
v -0.396912 6.450514 -0.317437
v -0.511968 6.397314 -0.441457
v -0.511968 6.397314 -0.441457
v -0.511968 6.397314 -0.441457
v -0.511968 6.397314 -0.441457
v -0.519366 6.389244 -0.428714
v -0.519366 6.389244 -0.428714
v -0.650919 6.311805 -0.559711
v -0.650919 6.311805 -0.559711
v -0.660085 6.317951 -0.552433
v -0.660085 6.317951 -0.552433
v -0.660085 6.317951 -0.552433
v -0.660085 6.317951 -0.552433
v -0.781291 6.257950 -0.666432
v -0.781291 6.257950 -0.666432
v -0.781291 6.257950 -0.666432
v -0.785779 6.253209 -0.659340
v -0.785779 6.253209 -0.659340
v -0.911115 6.204248 -0.807629
v -0.911115 6.204248 -0.807629
v -0.911115 6.204248 -0.807629
v -0.915504 6.206866 -0.804706
v -0.915504 6.206866 -0.804706
v -1.013403 6.192236 -0.951581
v -1.013403 6.192236 -0.951581
v -1.013403 6.192236 -0.951581
v -1.013209 6.190284 -0.951520
v -1.013209 6.190284 -0.951520
v -1.013209 6.190284 -0.951520
v -1.014697 6.191152 -0.950581
v -1.014697 6.191152 -0.950581
v -1.014697 6.191152 -0.950581
v -1.071347 6.181893 -1.033111
v -1.071347 6.181893 -1.033111
v -1.071347 6.181893 -1.033111
v -1.071347 6.181893 -1.033111
v -1.071347 6.181893 -1.033111
v -1.071347 6.181893 -1.033111
v -1.071347 6.181893 -1.033111
v -0.069492 6.833673 -0.054613
v -0.069492 6.833673 -0.054613
v -0.081304 6.813843 -0.059088
v -0.081304 6.813843 -0.059088
v -0.081304 6.813843 -0.059088
v -0.058410 6.817040 -0.063379
v -0.058410 6.817040 -0.063379
v -0.018163 6.737359 0.201613
v -0.018163 6.737359 0.201613
v -0.018163 6.737359 0.201613
v 0.000150 6.726707 0.192562
v 0.000150 6.726707 0.192562
v 0.000150 6.726707 0.192562
v 0.000150 6.726707 0.192562
v 0.046460 6.647389 0.378137
v 0.046460 6.647389 0.378137
v 0.046460 6.647389 0.378137
v 0.046460 6.647389 0.378137
v 0.062898 6.657544 0.374849
v 0.062898 6.657544 0.374849
v 0.125445 6.605618 0.535110
v 0.125445 6.605618 0.535110
v 0.137350 6.599061 0.526366
v 0.137350 6.599061 0.526366
v 0.137350 6.599061 0.526366
v 0.137350 6.599061 0.526366
v 0.217329 6.530564 0.701738
v 0.217329 6.530564 0.701738
v 0.217329 6.530564 0.701738
v 0.217329 6.530564 0.701738
v 0.227460 6.537561 0.698533
v 0.227460 6.537561 0.698533
v 0.304549 6.491528 0.853892
v 0.304549 6.491528 0.853892
v 0.311526 6.487692 0.849118
v 0.311526 6.487692 0.849118
v 0.311526 6.487692 0.849118
v 0.311526 6.487692 0.849118
v 0.390547 6.447433 1.032666
v 0.390547 6.447433 1.032666
v 0.390547 6.447433 1.032666
v 0.390547 6.447433 1.032666
v 0.390547 6.447433 1.032666
v 0.395049 6.450568 1.031221
v 0.395049 6.450568 1.031221
v 0.395049 6.450568 1.031221
v 0.455094 6.436482 1.199844
v 0.455094 6.436482 1.199844
v 0.455094 6.436482 1.199844
v 0.455155 6.434601 1.199665
v 0.455155 6.434601 1.199665
v 0.455155 6.434601 1.199665
v 0.456657 6.435646 1.199186
v 0.456657 6.435646 1.199186
v 0.456657 6.435646 1.199186
v 0.491952 6.426937 1.294491
v 0.491952 6.426937 1.294491
v 0.491952 6.426937 1.294491
v 0.491952 6.426937 1.294491
v 0.491952 6.426937 1.294491
v 0.491952 6.426937 1.294491
v 0.491952 6.426937 1.294491
v -0.067984 6.967720 -0.062437
v -0.067984 6.967720 -0.062437
v -0.079492 6.948411 -0.062790
v -0.079492 6.948411 -0.062790
v -0.082415 6.965853 -0.077153
v -0.082415 6.965853 -0.077153
v 0.112446 6.864389 -0.230889
v 0.112446 6.864389 -0.230889
v 0.112446 6.864389 -0.230889
v 0.112446 6.864389 -0.230889
v 0.096600 6.854149 -0.242343
v 0.096600 6.854149 -0.242343
v 0.245871 6.774946 -0.350868
v 0.245871 6.774946 -0.350868
v 0.237231 6.783838 -0.364977
v 0.237231 6.783838 -0.364977
v 0.237231 6.783838 -0.364977
v 0.372745 6.738908 -0.463789
v 0.372745 6.738908 -0.463789
v 0.362811 6.731210 -0.472847
v 0.362811 6.731210 -0.472847
v 0.526350 6.674460 -0.567141
v 0.526350 6.674460 -0.567141
v 0.522076 6.679777 -0.577258
v 0.522076 6.679777 -0.577258
v 0.522076 6.679777 -0.577258
v 0.678623 6.647656 -0.645067
v 0.678623 6.647656 -0.645067
v 0.678623 6.647656 -0.645067
v 0.678623 6.647656 -0.645067
v 0.674620 6.642722 -0.651317
v 0.674620 6.642722 -0.651317
v 0.852840 6.605661 -0.725973
v 0.852840 6.605661 -0.725973
v 0.852840 6.605661 -0.725973
v 0.851182 6.607973 -0.730621
v 0.851182 6.607973 -0.730621
v 0.851182 6.607973 -0.730621
v 1.010407 6.585166 -0.793902
v 1.010407 6.585166 -0.793902
v 1.010407 6.585166 -0.793902
v 1.010237 6.583372 -0.793668
v 1.010237 6.583372 -0.793668
v 1.010237 6.583372 -0.793668
v 1.009699 6.584140 -0.795224
v 1.009699 6.584140 -0.795224
v 1.009699 6.584140 -0.795224
v 1.099688 6.570485 -0.832158
v 1.099688 6.570485 -0.832158
v 1.099688 6.570485 -0.832158
v 1.099688 6.570485 -0.832158
v 1.099688 6.570485 -0.832158
v 1.099688 6.570485 -0.832158
v 1.099688 6.570485 -0.832158
v -0.092014 7.091526 -0.084577
v -0.092014 7.091526 -0.084577
v -0.081052 7.072892 -0.080884
v -0.081052 7.072892 -0.080884
v -0.081052 7.072892 -0.080884
v -0.082269 7.089355 -0.067329
v -0.082269 7.089355 -0.067329
v -0.297751 6.987139 0.027342
v -0.297751 6.987139 0.027342
v -0.297751 6.987139 0.027342
v -0.286569 6.977190 0.042174
v -0.286569 6.977190 0.042174
v -0.286569 6.977190 0.042174
v -0.286569 6.977190 0.042174
v -0.460594 6.907410 0.083836
v -0.460594 6.907410 0.083836
v -0.460594 6.907410 0.083836
v -0.460594 6.907410 0.083836
v -0.458640 6.915004 0.099966
v -0.458640 6.915004 0.099966
v -0.622522 6.887605 0.117389
v -0.622522 6.887605 0.117389
v -0.618504 6.879351 0.128997
v -0.618504 6.879351 0.128997
v -0.618504 6.879351 0.128997
v -0.618504 6.879351 0.128997
v -0.798188 6.828467 0.153818
v -0.798188 6.828467 0.153818
v -0.798188 6.828467 0.153818
v -0.798188 6.828467 0.153818
v -0.797418 6.833275 0.164416
v -0.797418 6.833275 0.164416
v -0.956020 6.792203 0.189962
v -0.956020 6.792203 0.189962
v -0.953247 6.787565 0.196559
v -0.953247 6.787565 0.196559
v -0.953247 6.787565 0.196559
v -0.953247 6.787565 0.196559
v -1.131916 6.763088 0.247093
v -1.131916 6.763088 0.247093
v -1.131916 6.763088 0.247093
v -1.131916 6.763088 0.247093
v -1.130304 6.765450 0.251459
v -1.130304 6.765450 0.251459
v -1.283819 6.773595 0.313257
v -1.283819 6.773595 0.313257
v -1.283819 6.773595 0.313257
v -1.283938 6.771860 0.313205
v -1.283938 6.771860 0.313205
v -1.283938 6.771860 0.313205
v -1.283285 6.772646 0.314613
v -1.283285 6.772646 0.314613
v -1.283285 6.772646 0.314613
v -1.370331 6.776383 0.350481
v -1.370331 6.776383 0.350481
v -1.370331 6.776383 0.350481
v -1.370331 6.776383 0.350481
v -1.370331 6.776383 0.350481
v -1.370331 6.776383 0.350481
v -1.370331 6.776383 0.350481
v -0.097124 7.208921 -0.078048
v -0.097124 7.208921 -0.078048
v -0.097478 7.190545 -0.086831
v -0.097478 7.190545 -0.086831
v -0.097478 7.190545 -0.086831
v -0.087407 7.207148 -0.094079
v 0.103711 7.146208 0.047813
v 0.103711 7.146208 0.047813
v 0.103711 7.146208 0.047813
v 0.103711 7.146208 0.047813
v 0.111083 7.136492 0.031904
v 0.111083 7.136492 0.031904
v 0.250556 7.088098 0.141509
v 0.250556 7.088098 0.141509
v 0.250556 7.088098 0.141509
v 0.250556 7.088098 0.141509
v 0.259850 7.096502 0.129921
v 0.259850 7.096502 0.129921
v 0.259850 7.096502 0.129921
v 0.259850 7.096502 0.129921
v 0.384547 7.077128 0.226466
v 0.384547 7.077128 0.226466
v 0.384547 7.077128 0.226466
v 0.384547 7.077128 0.226466
v 0.390707 7.070095 0.215926
v 0.390707 7.070095 0.215926
v 0.526243 7.046288 0.333111
v 0.526243 7.046288 0.333111
v 0.532710 7.051706 0.325880
v 0.532710 7.051706 0.325880
v 0.532710 7.051706 0.325880
v 0.532710 7.051706 0.325880
v 0.645537 7.050041 0.437638
v 0.645537 7.050041 0.437638
v 0.645537 7.050041 0.437638
v 0.645537 7.050041 0.437638
v 0.650314 7.045867 0.432549
v 0.650314 7.045867 0.432549
v 0.774478 7.049353 0.563125
v 0.774478 7.049353 0.563125
v 0.777489 7.051780 0.559983
v 0.777489 7.051780 0.559983
v 0.777489 7.051780 0.559983
v 0.777489 7.051780 0.559983
v 0.881420 7.069102 0.678345
v 0.881420 7.069102 0.678345
v 0.881420 7.069102 0.678345
v 0.881527 7.067451 0.678489
v 0.881527 7.067451 0.678489
v 0.881527 7.067451 0.678489
v 0.882538 7.068261 0.677450
v 0.882538 7.068261 0.677450
v 0.882538 7.068261 0.677450
v 0.942431 7.077466 0.744043
v 0.942431 7.077466 0.744043
v 0.942431 7.077466 0.744043
v 0.942431 7.077466 0.744043
v 0.942431 7.077466 0.744043
v 0.942431 7.077466 0.744043
v 0.942431 7.077466 0.744043
v -0.094203 7.327820 -0.098816
v -0.094203 7.327820 -0.098816
v -0.100357 7.310856 -0.090451
v -0.100357 7.310856 -0.090451
v -0.111410 7.325906 -0.095845
v -0.111410 7.325906 -0.095845
v -0.127904 7.236469 -0.304640
v -0.127904 7.236469 -0.304640
v -0.127904 7.236469 -0.304640
v -0.127904 7.236469 -0.304640
v -0.143830 7.227595 -0.299285
v -0.143830 7.227595 -0.299285
v -0.126225 7.152356 -0.450989
v -0.126225 7.152356 -0.450989
v -0.140549 7.158569 -0.455248
v -0.140549 7.158569 -0.455248
v -0.140549 7.158569 -0.455248
v -0.140549 7.158569 -0.455248
v -0.104582 7.109092 -0.590174
v -0.104582 7.109092 -0.590174
v -0.104582 7.109092 -0.590174
v -0.104582 7.109092 -0.590174
v -0.115644 7.101667 -0.589101
v -0.115644 7.101667 -0.589101
v -0.081759 7.036014 -0.739111
v -0.081759 7.036014 -0.739111
v -0.091092 7.040026 -0.741954
v -0.091092 7.040026 -0.741954
v -0.091092 7.040026 -0.741954
v -0.091092 7.040026 -0.741954
v -0.065399 6.992264 -0.878430
v -0.065399 6.992264 -0.878430
v -0.065399 6.992264 -0.878430
v -0.065399 6.992264 -0.878430
v -0.071807 6.987990 -0.877774
v -0.071807 6.987990 -0.877774
v -0.071807 6.987990 -0.877774
v -0.044809 6.937651 -1.034599
v -0.044809 6.937651 -1.034599
v -0.044809 6.937651 -1.034599
v -0.049032 6.939524 -1.035666
v -0.049032 6.939524 -1.035666
v -0.026627 6.907487 -1.177106
v -0.026627 6.907487 -1.177106
v -0.026627 6.907487 -1.177106
v -0.026514 6.905955 -1.176738
v -0.026514 6.905955 -1.176738
v -0.026514 6.905955 -1.176738
v -0.027924 6.906584 -1.177075
v -0.027924 6.906584 -1.177075
v -0.027924 6.906584 -1.177075
v -0.016055 6.887713 -1.257455
v -0.016055 6.887713 -1.257455
v -0.016055 6.887713 -1.257455
v -0.016055 6.887713 -1.257455
v -0.016055 6.887713 -1.257455
v -0.016055 6.887713 -1.257455
v -0.016055 6.887713 -1.257455
v -0.118718 7.454411 -0.101895
v -0.118718 7.454411 -0.101895
v -0.111534 7.438123 -0.105843
v -0.111534 7.438123 -0.105843
v -0.102160 7.452853 -0.099575
v -0.102160 7.452853 -0.099575
v -0.151210 7.391460 0.104669
v -0.151210 7.391460 0.104669
v -0.151210 7.391460 0.104669
v -0.135466 7.382851 0.104831
v -0.135466 7.382851 0.104831
v -0.177959 7.333240 0.254953
v -0.177959 7.333240 0.254953
v -0.165259 7.340603 0.259230
v -0.165259 7.340603 0.259230
v -0.204091 7.316636 0.393277
v -0.204091 7.316636 0.393277
v -0.193126 7.310404 0.394033
v -0.193126 7.310404 0.394033
v -0.228238 7.275493 0.546903
v -0.228238 7.275493 0.546903
v -0.219830 7.280439 0.549008
v -0.219830 7.280439 0.549008
v -0.245602 7.261310 0.686435
v -0.245602 7.261310 0.686435
v -0.239246 7.257701 0.686921
v -0.239246 7.257701 0.686921
v -0.271039 7.246542 0.843710
v -0.271039 7.246542 0.843710
v -0.271039 7.246542 0.843710
v -0.267214 7.248799 0.844421
v -0.267214 7.248799 0.844421
v -0.298337 7.256839 0.981874
v -0.298337 7.256839 0.981874
v -0.298337 7.256839 0.981874
v -0.298351 7.255343 0.981959
v -0.298351 7.255343 0.981959
v -0.298351 7.255343 0.981959
v -0.297072 7.256094 0.982178
v -0.297072 7.256094 0.982178
v -0.297072 7.256094 0.982178
v -0.313869 7.260038 1.060519
v -0.313869 7.260038 1.060519
v -0.313869 7.260038 1.060519
v -0.313869 7.260038 1.060519
v -0.313869 7.260038 1.060519
v -0.313869 7.260038 1.060519
v -0.313869 7.260038 1.060519
v -0.115211 7.588771 -0.106727
v -0.115211 7.588771 -0.106727
v -0.118216 7.573839 -0.098688
v -0.118216 7.573839 -0.098688
v -0.119852 7.576242 -0.115625
v -0.119852 7.576242 -0.115625
v 0.083077 7.531912 -0.126452
v 0.083077 7.531912 -0.126452
v 0.083077 7.531912 -0.126452
v 0.083077 7.531912 -0.126452
v 0.078407 7.523877 -0.140548
v 0.078407 7.523877 -0.140548
v 0.223627 7.478094 -0.163438
v 0.223627 7.478094 -0.163438
v 0.221484 7.485642 -0.175504
v 0.221484 7.485642 -0.175504
v 0.221484 7.485642 -0.175504
v 0.347290 7.460778 -0.213173
v 0.347290 7.460778 -0.213173
v 0.342155 7.455602 -0.222579
v 0.342155 7.455602 -0.222579
v 0.482288 7.419553 -0.269779
v 0.482288 7.419553 -0.269779
v 0.480206 7.424656 -0.277405
v 0.480206 7.424656 -0.277405
v 0.604472 7.403376 -0.321256
v 0.604472 7.403376 -0.321256
v 0.601792 7.400308 -0.326846
v 0.601792 7.400308 -0.326846
v 0.745659 7.377462 -0.369226
v 0.745659 7.377462 -0.369226
v 0.745659 7.377462 -0.369226
v 0.744922 7.379740 -0.372742
v 0.744922 7.379740 -0.372742
v 0.874637 7.368766 -0.402210
v 0.874637 7.368766 -0.402210
v 0.874637 7.368766 -0.402210
v 0.874508 7.367354 -0.402239
v 0.874508 7.367354 -0.402239
v 0.874508 7.367354 -0.402239
v 0.874283 7.368111 -0.403417
v 0.874283 7.368111 -0.403417
v 0.874283 7.368111 -0.403417
v 0.947724 7.361420 -0.421077
v 0.947724 7.361420 -0.421077
v 0.947724 7.361420 -0.421077
v 0.947724 7.361420 -0.421077
v 0.947724 7.361420 -0.421077
v 0.947724 7.361420 -0.421077
v 0.947724 7.361420 -0.421077
v -0.124411 7.698981 -0.117676
v -0.124411 7.698981 -0.117676
v -0.120063 7.684753 -0.111276
v -0.120063 7.684753 -0.111276
v -0.126475 7.697495 -0.102950
v -0.126475 7.697495 -0.102950
v -0.315640 7.627359 -0.149935
v -0.315640 7.627359 -0.149935
v -0.315446 7.619919 -0.135968
v -0.315446 7.619919 -0.135968
v -0.315446 7.619919 -0.135968
v -0.315446 7.619919 -0.135968
v -0.455027 7.565324 -0.174844
v -0.455027 7.565324 -0.174844
v -0.455027 7.565324 -0.174844
v -0.455027 7.565324 -0.174844
v -0.459040 7.571784 -0.163694
v -0.459040 7.571784 -0.163694
v -0.585034 7.542074 -0.198224
v -0.585034 7.542074 -0.198224
v -0.585338 7.536681 -0.188449
v -0.585338 7.536681 -0.188449
v -0.585338 7.536681 -0.188449
v -0.585338 7.536681 -0.188449
v -0.726796 7.491806 -0.221342
v -0.726796 7.491806 -0.221342
v -0.726796 7.491806 -0.221342
v -0.726796 7.491806 -0.221342
v -0.729153 7.496112 -0.213993
v -0.729153 7.496112 -0.213993
v -0.855906 7.462893 -0.240009
v -0.855906 7.462893 -0.240009
v -0.856117 7.459741 -0.234317
v -0.856117 7.459741 -0.234317
v -0.856117 7.459741 -0.234317
v -0.856117 7.459741 -0.234317
v -0.999080 7.425457 -0.272127
v -0.999080 7.425457 -0.272127
v -0.999080 7.425457 -0.272127
v -0.999080 7.425457 -0.272127
v -1.000348 7.427364 -0.268837
v -1.000348 7.427364 -0.268837
v -1.125780 7.407716 -0.310427
v -1.125780 7.407716 -0.310427
v -1.125780 7.407716 -0.310427
v -1.125579 7.406395 -0.310399
v -1.125579 7.406395 -0.310399
v -1.125579 7.406395 -0.310399
v -1.126021 7.407027 -0.309308
v -1.126021 7.407027 -0.309308
v -1.126021 7.407027 -0.309308
v -1.197483 7.395362 -0.332079
v -1.197483 7.395362 -0.332079
v -1.197483 7.395362 -0.332079
v -1.197483 7.395362 -0.332079
v -1.197483 7.395362 -0.332079
v -1.197483 7.395362 -0.332079
v -1.197483 7.395362 -0.332079
v -0.133640 7.800893 -0.106926
v -0.131456 7.787001 -0.112822
v -0.131456 7.787001 -0.112822
v -0.131456 7.787001 -0.112822
v -0.122302 7.799326 -0.115008
v -0.122302 7.799326 -0.115008
v -0.022358 7.750396 0.055523
v -0.022358 7.750396 0.055523
v -0.012683 7.743225 0.046964
v -0.012683 7.743225 0.046964
v -0.012683 7.743225 0.046964
v -0.012683 7.743225 0.046964
v 0.058386 7.704559 0.175962
v 0.058386 7.704559 0.175962
v 0.058386 7.704559 0.175962
v 0.058386 7.704559 0.175962
v 0.068051 7.710779 0.170780
v 0.068051 7.710779 0.170780
v 0.068051 7.710779 0.170780
v 0.131653 7.694312 0.285138
v 0.131653 7.694312 0.285138
v 0.138860 7.689115 0.279656
v 0.138860 7.689115 0.279656
v 0.199051 7.651956 0.411112
v 0.199051 7.651956 0.411112
v 0.199051 7.651956 0.411112
v 0.199051 7.651956 0.411112
v 0.206099 7.655726 0.408977
v 0.206099 7.655726 0.408977
v 0.206099 7.655726 0.408977
v 0.248311 7.622133 0.529091
v 0.248311 7.622133 0.529091
v 0.252803 7.618923 0.526483
v 0.252803 7.618923 0.526483
v 0.252803 7.618923 0.526483
v 0.297626 7.585286 0.664877
v 0.297626 7.585286 0.664877
v 0.297626 7.585286 0.664877
v 0.300913 7.586946 0.664087
v 0.300913 7.586946 0.664087
v 0.337149 7.568127 0.788879
v 0.337149 7.568127 0.788879
v 0.337149 7.568127 0.788879
v 0.337019 7.566887 0.788727
v 0.337019 7.566887 0.788727
v 0.337019 7.566887 0.788727
v 0.338118 7.567439 0.788474
v 0.338118 7.567439 0.788474
v 0.338118 7.567439 0.788474
v 0.359436 7.556241 0.859095
v 0.359436 7.556241 0.859095
v 0.359436 7.556241 0.859095
v 0.359436 7.556241 0.859095
v 0.359436 7.556241 0.859095
v 0.359436 7.556241 0.859095
v 0.359436 7.556241 0.859095
v -0.131473 7.898253 -0.113395
v -0.131473 7.898253 -0.113395
v -0.128432 7.885957 -0.107222
v -0.128432 7.885957 -0.107222
v -0.139239 7.888075 -0.116022
v -0.139239 7.888075 -0.116022
v -0.024296 7.853485 -0.246031
v -0.024296 7.853485 -0.246031
v -0.024296 7.853485 -0.246031
v -0.035051 7.846913 -0.251496
v -0.035051 7.846913 -0.251496
v 0.038484 7.808951 -0.353036
v 0.038484 7.808951 -0.353036
v 0.030303 7.815068 -0.358804
v 0.030303 7.815068 -0.358804
v 0.083670 7.792663 -0.456752
v 0.083670 7.792663 -0.456752
v 0.075259 7.788426 -0.459170
v 0.075259 7.788426 -0.459170
v 0.131311 7.752242 -0.570000
v 0.131311 7.752242 -0.570000
v 0.125813 7.756330 -0.573546
v 0.125813 7.756330 -0.573546
v 0.174350 7.729010 -0.672502
v 0.174350 7.729010 -0.672502
v 0.169443 7.726504 -0.673989
v 0.169443 7.726504 -0.673989
v 0.227221 7.697622 -0.785747
v 0.227221 7.697622 -0.785747
v 0.227221 7.697622 -0.785747
v 0.224718 7.699486 -0.787393
v 0.224718 7.699486 -0.787393
v 0.279298 7.682397 -0.885437
v 0.279298 7.682397 -0.885437
v 0.279298 7.682397 -0.885437
v 0.279173 7.681236 -0.885302
v 0.279173 7.681236 -0.885302
v 0.279173 7.681236 -0.885302
v 0.278340 7.681857 -0.885853
v 0.278340 7.681857 -0.885853
v 0.278340 7.681857 -0.885853
v 0.308678 7.671761 -0.941879
v 0.308678 7.671761 -0.941879
v 0.308678 7.671761 -0.941879
v 0.308678 7.671761 -0.941879
v 0.308678 7.671761 -0.941879
v 0.308678 7.671761 -0.941879
v 0.308678 7.671761 -0.941879
v -0.143064 7.986911 -0.115419
v -0.143064 7.986911 -0.115419
v -0.137451 7.975191 -0.115728
v -0.137451 7.975191 -0.115728
v -0.133012 7.985674 -0.108973
v -0.133012 7.985674 -0.108973
v -0.232061 7.941599 0.017351
v -0.232061 7.941599 0.017351
v -0.232061 7.941599 0.017351
v -0.222045 7.935461 0.022233
v -0.222045 7.935461 0.022233
v -0.299110 7.901540 0.113899
v -0.299110 7.901540 0.113899
v -0.292054 7.906833 0.120251
v -0.292054 7.906833 0.120251
v -0.361149 7.892714 0.201703
v -0.361149 7.892714 0.201703
v -0.354285 7.888264 0.205501
v -0.354285 7.888264 0.205501
v -0.425339 7.861898 0.301172
v -0.425339 7.861898 0.301172
v -0.420475 7.865458 0.305050
v -0.420475 7.865458 0.305050
v -0.479147 7.846363 0.392861
v -0.479147 7.846363 0.392861
v -0.474944 7.843796 0.394861
v -0.474944 7.843796 0.394861
v -0.541204 7.829067 0.496197
v -0.541204 7.829067 0.496197
v -0.541204 7.829067 0.496197
v -0.538837 7.830740 0.497759
v -0.538837 7.830740 0.497759
v -0.597344 7.830061 0.587724
v -0.597344 7.830061 0.587724
v -0.597344 7.830061 0.587724
v -0.597330 7.828964 0.587724
v -0.597330 7.828964 0.587724
v -0.597330 7.828964 0.587724
v -0.596530 7.829522 0.588226
v -0.596530 7.829522 0.588226
v -0.596530 7.829522 0.588226
v -0.629247 7.828696 0.639708
v -0.629247 7.828696 0.639708
v -0.629247 7.828696 0.639708
v -0.629247 7.828696 0.639708
v -0.629247 7.828696 0.639708
v -0.629247 7.828696 0.639708
v -0.629247 7.828696 0.639708
v -0.142819 8.078736 -0.109212
v -0.142819 8.078736 -0.109212
v -0.143633 8.067830 -0.113909
v -0.143633 8.067830 -0.113909
v -0.139680 8.077675 -0.119612
v -0.139680 8.077675 -0.119612
v -0.010329 8.051911 -0.068495
v -0.010329 8.051911 -0.068495
v -0.010329 8.051911 -0.068495
v -0.010329 8.051911 -0.068495
v -0.008155 8.046139 -0.078471
v -0.008155 8.046139 -0.078471
v 0.085846 8.024409 -0.034834
v 0.085846 8.024409 -0.034834
v 0.089565 8.029314 -0.042754
v 0.089565 8.029314 -0.042754
v 0.089565 8.029314 -0.042754
v 0.089565 8.029314 -0.042754
v 0.171459 8.023304 -0.002057
v 0.171459 8.023304 -0.002057
v 0.171459 8.023304 -0.002057
v 0.171459 8.023304 -0.002057
v 0.173571 8.019108 -0.008939
v 0.173571 8.019108 -0.008939
v 0.268760 8.005260 0.030068
v 0.268760 8.005260 0.030068
v 0.270738 8.008558 0.024663
v 0.270738 8.008558 0.024663
v 0.270738 8.008558 0.024663
v 0.270738 8.008558 0.024663
v 0.356795 8.002522 0.054353
v 0.356795 8.002522 0.054353
v 0.356795 8.002522 0.054353
v 0.356795 8.002522 0.054353
v 0.357918 8.000057 0.050229
v 0.357918 8.000057 0.050229
v 0.454626 7.999319 0.087616
v 0.454626 7.999319 0.087616
v 0.455485 8.000849 0.085105
v 0.455485 8.000849 0.085105
v 0.455485 8.000849 0.085105
v 0.455485 8.000849 0.085105
v 0.538534 8.011292 0.121518
v 0.538534 8.011292 0.121518
v 0.538534 8.011292 0.121518
v 0.538642 8.010277 0.121560
v 0.538642 8.010277 0.121560
v 0.538642 8.010277 0.121560
v 0.538927 8.010786 0.120722
v 0.538927 8.010786 0.120722
v 0.538927 8.010786 0.120722
v 0.586409 8.016313 0.140833
v 0.586409 8.016313 0.140833
v 0.586409 8.016313 0.140833
v 0.586409 8.016313 0.140833
v 0.586409 8.016313 0.140833
v 0.586409 8.016313 0.140833
v 0.586409 8.016313 0.140833
v -0.146574 8.175325 -0.118408
v -0.146574 8.175325 -0.118408
v -0.141091 8.165662 -0.118126
v -0.141091 8.165662 -0.118126
v -0.151095 8.167426 -0.113630
v -0.151095 8.167426 -0.113630
v -0.205838 8.134314 -0.246069
v -0.205838 8.134314 -0.246069
v -0.205838 8.134314 -0.246069
v -0.205838 8.134314 -0.246069
v -0.213348 8.129207 -0.240285
v -0.213348 8.129207 -0.240285
v -0.262806 8.095140 -0.331093
v -0.262806 8.095140 -0.331093
v -0.269641 8.100007 -0.327279
v -0.269641 8.100007 -0.327279
v -0.269641 8.100007 -0.327279
v -0.269641 8.100007 -0.327279
v -0.324548 8.078844 -0.401544
v -0.324548 8.078844 -0.401544
v -0.324548 8.078844 -0.401544
v -0.324548 8.078844 -0.401544
v -0.329271 8.075517 -0.396506
v -0.329271 8.075517 -0.396506
v -0.380165 8.038757 -0.483616
v -0.380165 8.038757 -0.483616
v -0.385314 8.041625 -0.481985
v -0.385314 8.041625 -0.481985
v -0.385314 8.041625 -0.481985
v -0.385314 8.041625 -0.481985
v -0.420146 8.009094 -0.563902
v -0.420146 8.009094 -0.563902
v -0.420146 8.009094 -0.563902
v -0.420146 8.009094 -0.563902
v -0.423349 8.006845 -0.561554
v -0.423349 8.006845 -0.561554
v -0.463561 7.977527 -0.656613
v -0.463561 7.977527 -0.656613
v -0.465948 7.978854 -0.655827
v -0.465948 7.978854 -0.655827
v -0.465948 7.978854 -0.655827
v -0.465948 7.978854 -0.655827
v -0.501477 7.964905 -0.742233
v -0.501477 7.964905 -0.742233
v -0.501477 7.964905 -0.742233
v -0.501395 7.963968 -0.742116
v -0.501395 7.963968 -0.742116
v -0.501395 7.963968 -0.742116
v -0.502187 7.964412 -0.741845
v -0.502187 7.964412 -0.741845
v -0.502187 7.964412 -0.741845
v -0.522881 7.956072 -0.790670
v -0.522881 7.956072 -0.790670
v -0.522881 7.956072 -0.790670
v -0.522881 7.956072 -0.790670
v -0.522881 7.956072 -0.790670
v -0.522881 7.956072 -0.790670
v -0.522881 7.956072 -0.790670
v -0.155546 8.270700 -0.118234
v -0.155546 8.270700 -0.118234
v -0.152617 8.261328 -0.120639
v -0.152617 8.261328 -0.120639
v -0.146534 8.269622 -0.120444
v -0.146534 8.269622 -0.120444
v -0.124955 8.246836 0.013551
v -0.124955 8.246836 0.013551
v -0.124955 8.246836 0.013551
v -0.116798 8.241979 0.010964
v -0.116798 8.241979 0.010964
v -0.102645 8.225282 0.111520
v -0.102645 8.225282 0.111520
v -0.095476 8.229501 0.110141
v -0.095476 8.229501 0.110141
v -0.082294 8.228194 0.198292
v -0.082294 8.228194 0.198292
v -0.076353 8.224681 0.196991
v -0.076353 8.224681 0.196991
v -0.071396 8.210765 0.296751
v -0.071396 8.210765 0.296751
v -0.066474 8.213457 0.296987
v -0.066474 8.213457 0.296987
v -0.072100 8.200819 0.384960
v -0.072100 8.200819 0.384960
v -0.068509 8.198636 0.384769
v -0.068509 8.198636 0.384769
v -0.073887 8.189715 0.485094
v -0.073887 8.189715 0.485094
v -0.073887 8.189715 0.485094
v -0.071579 8.190968 0.485175
v -0.071579 8.190968 0.485175
v -0.076153 8.192676 0.573770
v -0.076153 8.192676 0.573770
v -0.076153 8.192676 0.573770
v -0.076177 8.191800 0.573785
v -0.076177 8.191800 0.573785
v -0.076177 8.191800 0.573785
v -0.075407 8.192218 0.573803
v -0.075407 8.192218 0.573803
v -0.075407 8.192218 0.573803
v -0.077490 8.192827 0.624188
v -0.077490 8.192827 0.624188
v -0.077490 8.192827 0.624188
v -0.077490 8.192827 0.624188
v -0.077490 8.192827 0.624188
v -0.077490 8.192827 0.624188
v -0.077490 8.192827 0.624188
v -0.154015 8.359356 -0.119742
v -0.154015 8.359356 -0.119742
v -0.156445 8.350747 -0.122107
v -0.156445 8.350747 -0.122107
v -0.156841 8.358319 -0.127699
v -0.156841 8.358319 -0.127699
v -0.031222 8.336740 -0.161557
v -0.031222 8.336740 -0.161557
v -0.031222 8.336740 -0.161557
v -0.034327 8.332324 -0.168696
v -0.034327 8.332324 -0.168696
v 0.059995 8.314834 -0.191048
v 0.059995 8.314834 -0.191048
v 0.058429 8.318635 -0.197533
v 0.058429 8.318635 -0.197533
v 0.141394 8.313863 -0.216627
v 0.141394 8.313863 -0.216627
v 0.139431 8.310664 -0.221821
v 0.139431 8.310664 -0.221821
v 0.231822 8.298148 -0.247547
v 0.231822 8.298148 -0.247547
v 0.230608 8.300709 -0.251832
v 0.230608 8.300709 -0.251832
v 0.311412 8.293012 -0.277146
v 0.311412 8.293012 -0.277146
v 0.310147 8.291092 -0.280253
v 0.310147 8.291092 -0.280253
v 0.402733 8.286321 -0.307588
v 0.402733 8.286321 -0.307588
v 0.402733 8.286321 -0.307588
v 0.402110 8.287533 -0.309591
v 0.402110 8.287533 -0.309591
v 0.484101 8.291310 -0.331797
v 0.484101 8.291310 -0.331797
v 0.484101 8.291310 -0.331797
v 0.484135 8.290504 -0.331808
v 0.484135 8.290504 -0.331808
v 0.484135 8.290504 -0.331808
v 0.483923 8.290907 -0.332474
v 0.483923 8.290907 -0.332474
v 0.483923 8.290907 -0.332474
v 0.530404 8.292741 -0.345578
v 0.530404 8.292741 -0.345578
v 0.530404 8.292741 -0.345578
v 0.530404 8.292741 -0.345578
v 0.530404 8.292741 -0.345578
v 0.530404 8.292741 -0.345578
v 0.530404 8.292741 -0.345578
v -0.162016 8.436896 -0.129758
v -0.162016 8.436896 -0.129758
v -0.159157 8.429323 -0.128093
v -0.159157 8.429323 -0.128093
v -0.158235 8.436066 -0.123191
v -0.158235 8.436066 -0.123191
v -0.253441 8.413849 -0.078800
v -0.253441 8.413849 -0.078800
v -0.253441 8.413849 -0.078800
v -0.249409 8.409878 -0.073000
v -0.249409 8.409878 -0.073000
v -0.321924 8.392967 -0.042945
v -0.321924 8.392967 -0.042945
v -0.319621 8.396388 -0.037336
v -0.319621 8.396388 -0.037336
v -0.384093 8.391955 -0.011759
v -0.384093 8.391955 -0.011759
v -0.381554 8.389037 -0.007409
v -0.381554 8.389037 -0.007409
v -0.452433 8.377761 0.025045
v -0.452433 8.377761 0.025045
v -0.450706 8.380084 0.028723
v -0.450706 8.380084 0.028723
v -0.512250 8.373417 0.059729
v -0.512250 8.373417 0.059729
v -0.510622 8.371655 0.062332
v -0.510622 8.371655 0.062332
v -0.581577 8.366449 0.096015
v -0.581577 8.366449 0.096015
v -0.581577 8.366449 0.096015
v -0.580745 8.367557 0.097758
v -0.580745 8.367557 0.097758
v -0.644129 8.369181 0.125561
v -0.644129 8.369181 0.125561
v -0.644129 8.369181 0.125561
v -0.644144 8.368439 0.125566
v -0.644144 8.368439 0.125566
v -0.644144 8.368439 0.125566
v -0.643867 8.368807 0.126147
v -0.643867 8.368807 0.126147
v -0.643867 8.368807 0.126147
v -0.679705 8.369455 0.142368
v -0.679705 8.369455 0.142368
v -0.679705 8.369455 0.142368
v -0.679705 8.369455 0.142368
v -0.679705 8.369455 0.142368
v -0.679705 8.369455 0.142368
v -0.679705 8.369455 0.142368
v -0.165109 8.506150 -0.127661
v -0.164051 8.499256 -0.130143
v -0.164051 8.499256 -0.130143
v -0.160734 8.505431 -0.132822
v -0.160734 8.505431 -0.132822
v -0.095216 8.495869 -0.068409
v -0.095216 8.495869 -0.068409
v -0.091316 8.492234 -0.073399
v -0.091316 8.492234 -0.073399
v -0.044769 8.484071 -0.022961
v -0.044769 8.484071 -0.022961
v -0.040953 8.487197 -0.026855
v -0.040953 8.487197 -0.026855
v -0.040953 8.487197 -0.026855
v -0.001311 8.488770 0.017917
v -0.001311 8.488770 0.017917
v -0.001311 8.488770 0.017917
v -0.001311 8.488770 0.017917
v 0.001787 8.486125 0.014579
v 0.001787 8.486125 0.014579
v 0.048794 8.482182 0.063282
v 0.048794 8.482182 0.063282
v 0.051284 8.484299 0.060566
v 0.051284 8.484299 0.060566
v 0.051284 8.484299 0.060566
v 0.051284 8.484299 0.060566
v 0.093847 8.483767 0.102284
v 0.093847 8.483767 0.102284
v 0.093847 8.483767 0.102284
v 0.093847 8.483767 0.102284
v 0.095740 8.482144 0.100228
v 0.095740 8.482144 0.100228
v 0.141187 8.482865 0.150433
v 0.141187 8.482865 0.150433
v 0.142469 8.483884 0.149214
v 0.142469 8.483884 0.149214
v 0.142469 8.483884 0.149214
v 0.142469 8.483884 0.149214
v 0.179255 8.489422 0.195785
v 0.179255 8.489422 0.195785
v 0.179255 8.489422 0.195785
v 0.179296 8.488744 0.195832
v 0.179296 8.488744 0.195832
v 0.179296 8.488744 0.195832
v 0.179731 8.489084 0.195434
v 0.179731 8.489084 0.195434
v 0.179731 8.489084 0.195434
v 0.200991 8.491992 0.221624
v 0.200991 8.491992 0.221624
v 0.200991 8.491992 0.221624
v 0.200991 8.491992 0.221624
v 0.200991 8.491992 0.221624
v 0.200991 8.491992 0.221624
v 0.200991 8.491992 0.221624
v -0.163613 8.568976 -0.132692
v -0.163613 8.568976 -0.132692
v -0.166160 8.562685 -0.132633
v -0.166160 8.562685 -0.132633
v -0.169113 8.568162 -0.135552
v -0.169113 8.568162 -0.135552
v -0.116085 8.548733 -0.220407
v -0.116085 8.548733 -0.220407
v -0.116085 8.548733 -0.220407
v -0.121310 8.545507 -0.222687
v -0.121310 8.545507 -0.222687
v -0.078538 8.531738 -0.284156
v -0.078538 8.531738 -0.284156
v -0.082551 8.534514 -0.286999
v -0.082551 8.534514 -0.286999
v -0.043455 8.531833 -0.340040
v -0.043455 8.531833 -0.340040
v -0.047035 8.529440 -0.342036
v -0.047035 8.529440 -0.342036
v -0.006917 8.520744 -0.404489
v -0.006917 8.520744 -0.404489
v -0.009765 8.522654 -0.406227
v -0.009765 8.522654 -0.406227
v 0.022716 8.517179 -0.463139
v 0.022716 8.517179 -0.463139
v 0.020438 8.515707 -0.464280
v 0.020438 8.515707 -0.464280
v 0.061261 8.514926 -0.526790
v 0.061261 8.514926 -0.526790
v 0.061261 8.514926 -0.526790
v 0.059886 8.515856 -0.527647
v 0.059886 8.515856 -0.527647
v 0.099124 8.523372 -0.579943
v 0.099124 8.523372 -0.579943
v 0.099124 8.523372 -0.579943
v 0.099165 8.522753 -0.580002
v 0.099165 8.522753 -0.580002
v 0.099165 8.522753 -0.580002
v 0.098708 8.523064 -0.580289
v 0.098708 8.523064 -0.580289
v 0.098708 8.523064 -0.580289
v 0.120682 8.527066 -0.610273
v 0.120682 8.527066 -0.610273
v 0.120682 8.527066 -0.610273
v 0.120682 8.527066 -0.610273
v 0.120682 8.527066 -0.610273
v 0.120682 8.527066 -0.610273
v 0.120682 8.527066 -0.610273
v -0.171933 8.626572 -0.136964
v -0.171933 8.626572 -0.136964
v -0.169873 8.620968 -0.137407
v -0.169873 8.620968 -0.137407
v -0.166506 8.625911 -0.136419
v -0.166506 8.625911 -0.136419
v -0.180243 8.617262 -0.056320
v -0.180243 8.617262 -0.056320
v -0.180243 8.617262 -0.056320
v -0.175180 8.614350 -0.055999
v -0.175180 8.614350 -0.055999
v -0.188474 8.607314 0.003221
v -0.188474 8.607314 0.003221
v -0.184161 8.609826 0.004022
v -0.184161 8.609826 0.004022
v -0.197115 8.610923 0.055297
v -0.197115 8.610923 0.055297
v -0.193476 8.608780 0.055864
v -0.193476 8.608780 0.055864
v -0.205378 8.605424 0.114547
v -0.205378 8.605424 0.114547
v -0.202401 8.607148 0.114970
v -0.202401 8.607148 0.114970
v -0.211148 8.606628 0.166966
v -0.211148 8.606628 0.166966
v -0.208861 8.605287 0.167299
v -0.208861 8.605287 0.167299
v -0.222484 8.607150 0.225605
v -0.222484 8.607150 0.225605
v -0.222484 8.607150 0.225605
v -0.221032 8.608003 0.225885
v -0.221032 8.608003 0.225885
v -0.236445 8.614901 0.275863
v -0.236445 8.614901 0.275863
v -0.236445 8.614901 0.275863
v -0.236462 8.614336 0.275935
v -0.236462 8.614336 0.275935
v -0.236462 8.614336 0.275935
v -0.235980 8.614622 0.276036
v -0.235980 8.614622 0.276036
v -0.235980 8.614622 0.276036
v -0.244379 8.618327 0.304562
v -0.244379 8.618327 0.304562
v -0.244379 8.618327 0.304562
v -0.244379 8.618327 0.304562
v -0.244379 8.618327 0.304562
v -0.244379 8.618327 0.304562
v -0.244379 8.618327 0.304562
v -0.172171 8.680012 -0.137714
v -0.172171 8.680012 -0.137714
v -0.172404 8.675082 -0.139570
v -0.172404 8.675082 -0.139570
v -0.171502 8.679460 -0.142486
v -0.171502 8.679460 -0.142486
v -0.104368 8.673320 -0.128226
v -0.104368 8.673320 -0.128226
v -0.104368 8.673320 -0.128226
v -0.104368 8.673320 -0.128226
v -0.103868 8.670727 -0.132707
v -0.103868 8.670727 -0.132707
v -0.054314 8.665973 -0.119322
v -0.054314 8.665973 -0.119322
v -0.053508 8.668218 -0.123147
v -0.053508 8.668218 -0.123147
v -0.053508 8.668218 -0.123147
v -0.010840 8.670850 -0.110246
v -0.010840 8.670850 -0.110246
v -0.010178 8.668935 -0.113476
v -0.010178 8.668935 -0.113476
v 0.039026 8.666856 -0.102263
v 0.039026 8.666856 -0.102263
v 0.039439 8.668408 -0.104935
v 0.039439 8.668408 -0.104935
v 0.083230 8.667948 -0.097377
v 0.083230 8.667948 -0.097377
v 0.083477 8.666733 -0.099460
v 0.083477 8.666733 -0.099460
v 0.133218 8.668746 -0.090865
v 0.133218 8.668746 -0.090865
v 0.133218 8.668746 -0.090865
v 0.133331 8.669520 -0.092212
v 0.133331 8.669520 -0.092212
v 0.133331 8.669520 -0.092212
v 0.176555 8.676330 -0.084467
v 0.176555 8.676330 -0.084467
v 0.176634 8.675817 -0.084456
v 0.176634 8.675817 -0.084456
v 0.176634 8.675817 -0.084456
v 0.176664 8.676073 -0.084906
v 0.176664 8.676073 -0.084906
v 0.176664 8.676073 -0.084906
v 0.201313 8.679746 -0.080800
v 0.201313 8.679746 -0.080800
v 0.201313 8.679746 -0.080800
v 0.201313 8.679746 -0.080800
v 0.201313 8.679746 -0.080800
v 0.201313 8.679746 -0.080800
v 0.201313 8.679746 -0.080800
v -0.174201 8.729909 -0.144966
v -0.174201 8.729909 -0.144966
v -0.173816 8.725535 -0.143206
v -0.173816 8.725535 -0.143206
v -0.175550 8.729362 -0.140880
v -0.175550 8.729362 -0.140880
v -0.238459 8.715378 -0.167438
v -0.238459 8.715378 -0.167438
v -0.239406 8.713118 -0.163532
v -0.239406 8.713118 -0.163532
v -0.239406 8.713118 -0.163532
v -0.239406 8.713118 -0.163532
v -0.285354 8.701932 -0.185314
v -0.285354 8.701932 -0.185314
v -0.285354 8.701932 -0.185314
v -0.286941 8.703891 -0.182199
v -0.286941 8.703891 -0.182199
v -0.327093 8.699565 -0.202202
v -0.327093 8.699565 -0.202202
v -0.327990 8.697859 -0.199397
v -0.327990 8.697859 -0.199397
v -0.374480 8.690780 -0.219535
v -0.374480 8.690780 -0.219535
v -0.375400 8.692172 -0.217287
v -0.375400 8.692172 -0.217287
v -0.417250 8.689249 -0.233444
v -0.417250 8.689249 -0.233444
v -0.417250 8.689249 -0.233444
v -0.417832 8.688151 -0.231633
v -0.417832 8.688151 -0.231633
v -0.464579 8.686992 -0.252246
v -0.464579 8.686992 -0.252246
v -0.465057 8.687700 -0.251112
v -0.465057 8.687700 -0.251112
v -0.465057 8.687700 -0.251112
v -0.465057 8.687700 -0.251112
v -0.505090 8.691203 -0.271311
v -0.505090 8.691203 -0.271311
v -0.505090 8.691203 -0.271311
v -0.505123 8.690730 -0.271327
v -0.505123 8.690730 -0.271327
v -0.505123 8.690730 -0.271327
v -0.505285 8.690967 -0.270949
v -0.505285 8.690967 -0.270949
v -0.505285 8.690967 -0.270949
v -0.528179 8.692774 -0.282158
v -0.528179 8.692774 -0.282158
v -0.528179 8.692774 -0.282158
v -0.528179 8.692774 -0.282158
v -0.528179 8.692774 -0.282158
v -0.528179 8.692774 -0.282158
v -0.528179 8.692774 -0.282158
v -0.178419 8.776429 -0.144645
v -0.178419 8.776429 -0.144645
v -0.177371 8.772516 -0.145558
v -0.177371 8.772516 -0.145558
v -0.175147 8.775949 -0.146539
v -0.175147 8.775949 -0.146539
v -0.148776 8.772525 -0.093661
v -0.148776 8.772525 -0.093661
v -0.148776 8.772525 -0.093661
v -0.145745 8.770489 -0.095472
v -0.145745 8.770489 -0.095472
v -0.128150 8.767662 -0.054981
v -0.128150 8.767662 -0.054981
v -0.125400 8.769435 -0.056370
v -0.125400 8.769435 -0.056370
v -0.111283 8.772192 -0.020851
v -0.111283 8.772192 -0.020851
v -0.108923 8.770672 -0.022001
v -0.108923 8.770672 -0.022001
v -0.089701 8.770521 0.016896
v -0.089701 8.770521 0.016896
v -0.087860 8.771769 0.015728
v -0.087860 8.771769 0.015728
v -0.068739 8.773438 0.048728
v -0.068739 8.773438 0.048728
v -0.067248 8.772437 0.047869
v -0.067248 8.772437 0.047869
v -0.047534 8.776479 0.086313
v -0.047534 8.776479 0.086313
v -0.047534 8.776479 0.086313
v -0.046581 8.777126 0.085715
v -0.046581 8.777126 0.085715
v -0.046581 8.777126 0.085715
v -0.031447 8.784873 0.119924
v -0.031447 8.784873 0.119924
v -0.031447 8.784873 0.119924
v -0.031447 8.784873 0.119924
v -0.031406 8.784450 0.120002
v -0.031406 8.784450 0.120002
v -0.031406 8.784450 0.120002
v -0.031088 8.784665 0.119804
v -0.031088 8.784665 0.119804
v -0.031088 8.784665 0.119804
v -0.022221 8.788906 0.139153
v -0.022221 8.788906 0.139153
v -0.022221 8.788906 0.139153
v -0.022221 8.788906 0.139153
v -0.022221 8.788906 0.139153
v -0.022221 8.788906 0.139153
v -0.022221 8.788906 0.139153
v -0.178330 8.819547 -0.146726
v -0.178330 8.819547 -0.146726
v -0.179156 8.816064 -0.147633
v -0.179156 8.816064 -0.147633
v -0.179717 8.819079 -0.149794
v -0.179717 8.819079 -0.149794
v -0.124187 8.812932 -0.170647
v -0.124187 8.812932 -0.170647
v -0.124187 8.812932 -0.170647
v -0.125563 8.811140 -0.173449
v -0.125563 8.811140 -0.173449
v -0.083511 8.806963 -0.187465
v -0.083511 8.806963 -0.187465
v -0.084485 8.808535 -0.190018
v -0.084485 8.808535 -0.190018
v -0.047706 8.810141 -0.201518
v -0.047706 8.810141 -0.201518
v -0.048573 8.808784 -0.203691
v -0.048573 8.808784 -0.203691
v -0.007658 8.806823 -0.218956
v -0.007658 8.806823 -0.218956
v -0.008441 8.807949 -0.220748
v -0.008441 8.807949 -0.220748
v 0.026995 8.807114 -0.235682
v 0.026995 8.807114 -0.235682
v 0.026345 8.806209 -0.237105
v 0.026345 8.806209 -0.237105
v 0.067441 8.807299 -0.251944
v 0.067441 8.807299 -0.251944
v 0.067441 8.807299 -0.251944
v 0.067051 8.807892 -0.252896
v 0.067051 8.807892 -0.252896
v 0.103635 8.812762 -0.263793
v 0.103635 8.812762 -0.263793
v 0.103635 8.812762 -0.263793
v 0.103682 8.812369 -0.263810
v 0.103682 8.812369 -0.263810
v 0.103682 8.812369 -0.263810
v 0.103555 8.812568 -0.264128
v 0.103555 8.812568 -0.264128
v 0.103555 8.812568 -0.264128
v 0.124282 8.815184 -0.270572
v 0.124282 8.815184 -0.270572
v 0.124282 8.815184 -0.270572
v 0.124282 8.815184 -0.270572
v 0.124282 8.815184 -0.270572
v 0.124282 8.815184 -0.270572
v 0.124282 8.815184 -0.270572
v -0.182414 8.858953 -0.150813
v -0.182414 8.858953 -0.150813
v -0.181338 8.855924 -0.150659
v -0.181338 8.855924 -0.150659
v -0.179733 8.858576 -0.149623
v -0.179733 8.858576 -0.149623
v -0.201697 8.854380 -0.107811
v -0.201697 8.854380 -0.107811
v -0.201697 8.854380 -0.107811
v -0.199144 8.852794 -0.106766
v -0.199144 8.852794 -0.106766
v -0.216878 8.849481 -0.076274
v -0.216878 8.849481 -0.076274
v -0.214726 8.850875 -0.075152
v -0.214726 8.850875 -0.075152
v -0.230714 8.852140 -0.048998
v -0.230714 8.852140 -0.048998
v -0.228845 8.850928 -0.048064
v -0.228845 8.850928 -0.048064
v -0.245120 8.849851 -0.017346
v -0.245120 8.849851 -0.017346
v -0.243506 8.850863 -0.016642
v -0.243506 8.850863 -0.016642
v -0.256553 8.851487 0.011008
v -0.256553 8.851487 0.011008
v -0.255248 8.850662 0.011582
v -0.255248 8.850662 0.011582
v -0.270316 8.853348 0.042796
v -0.270316 8.853348 0.042796
v -0.270316 8.853348 0.042796
v -0.269423 8.853888 0.043114
v -0.269423 8.853888 0.043114
v -0.282827 8.859926 0.069938
v -0.282827 8.859926 0.069938
v -0.282827 8.859926 0.069938
v -0.282857 8.859571 0.070004
v -0.282857 8.859571 0.070004
v -0.282857 8.859571 0.070004
v -0.282557 8.859750 0.070105
v -0.282557 8.859750 0.070105
v -0.282557 8.859750 0.070105
v -0.289992 8.863041 0.085470
v -0.289992 8.863041 0.085470
v -0.289992 8.863041 0.085470
v -0.289992 8.863041 0.085470
v -0.289992 8.863041 0.085470
v -0.289992 8.863041 0.085470
v -0.289992 8.863041 0.085470
v -0.183440 8.894349 -0.151210
v -0.183440 8.894349 -0.151210
v -0.183134 8.891610 -0.152056
v -0.183134 8.891610 -0.152056
v -0.182154 8.893970 -0.153495
v -0.182154 8.893970 -0.153495
v -0.140698 8.891713 -0.127077
v -0.140698 8.891713 -0.127077
v -0.140698 8.891713 -0.127077
v -0.140698 8.891713 -0.127077
v -0.139517 8.890302 -0.129221
v -0.139517 8.890302 -0.129221
v -0.109263 8.888770 -0.108452
v -0.109263 8.888770 -0.108452
v -0.108161 8.890018 -0.110312
v -0.108161 8.890018 -0.110312
v -0.108161 8.890018 -0.110312
v -0.108161 8.890018 -0.110312
v -0.082339 8.892683 -0.091914
v -0.082339 8.892683 -0.091914
v -0.082339 8.892683 -0.091914
v -0.082339 8.892683 -0.091914
v -0.081330 8.891601 -0.093496
v -0.081330 8.891601 -0.093496
v -0.050730 8.891887 -0.074397
v -0.050730 8.891887 -0.074397
v -0.050017 8.892800 -0.075823
v -0.050017 8.892800 -0.075823
v -0.050017 8.892800 -0.075823
v -0.050017 8.892800 -0.075823
v -0.022325 8.894098 -0.060369
v -0.022325 8.894098 -0.060369
v -0.022325 8.894098 -0.060369
v -0.022325 8.894098 -0.060369
v -0.021687 8.893340 -0.061507
v -0.021687 8.893340 -0.061507
v 0.008603 8.895145 -0.041988
v 0.008603 8.895145 -0.041988
v 0.009047 8.895651 -0.042740
v 0.009047 8.895651 -0.042740
v 0.009047 8.895651 -0.042740
v 0.009047 8.895651 -0.042740
v 0.034349 8.899317 -0.023913
v 0.034349 8.899317 -0.023913
v 0.034349 8.899317 -0.023913
v 0.034381 8.898982 -0.023893
v 0.034381 8.898982 -0.023893
v 0.034381 8.898982 -0.023893
v 0.034535 8.899152 -0.024140
v 0.034535 8.899152 -0.024140
v 0.034535 8.899152 -0.024140
v 0.049052 8.901122 -0.013617
v 0.049052 8.901122 -0.013617
v 0.049052 8.901122 -0.013617
v 0.049052 8.901122 -0.013617
v 0.049052 8.901122 -0.013617
v 0.049052 8.901122 -0.013617
v 0.049052 8.901122 -0.013617
v -0.183378 8.925090 -0.153705
v -0.183378 8.925090 -0.153705
v -0.184248 8.922671 -0.153663
v -0.184248 8.922671 -0.153663
v -0.185565 8.924750 -0.154528
v -0.185565 8.924750 -0.154528
v -0.167294 8.918540 -0.194615
v -0.167294 8.918540 -0.194615
v -0.167294 8.918540 -0.194615
v -0.169380 8.917286 -0.195295
v -0.169380 8.917286 -0.195295
v -0.154528 8.912928 -0.224674
v -0.154528 8.912928 -0.224674
v -0.156278 8.914042 -0.225529
v -0.156278 8.914042 -0.225529
v -0.142745 8.913955 -0.250892
v -0.142745 8.913955 -0.250892
v -0.144297 8.912969 -0.251573
v -0.144297 8.912969 -0.251573
v -0.129926 8.911504 -0.280913
v -0.129926 8.911504 -0.280913
v -0.131275 8.912338 -0.281459
v -0.131275 8.912338 -0.281459
v -0.119279 8.912981 -0.307607
v -0.119279 8.912981 -0.307607
v -0.120349 8.912283 -0.308166
v -0.120349 8.912283 -0.308166
v -0.101899 8.914681 -0.334848
v -0.101899 8.914681 -0.334848
v -0.101899 8.914681 -0.334848
v -0.102566 8.915162 -0.335305
v -0.102566 8.915162 -0.335305
v -0.082483 8.920363 -0.355327
v -0.082483 8.920363 -0.355327
v -0.082483 8.920363 -0.355327
v -0.082450 8.920055 -0.355374
v -0.082450 8.920055 -0.355374
v -0.082450 8.920055 -0.355374
v -0.082661 8.920218 -0.355539
v -0.082661 8.920218 -0.355539
v -0.082661 8.920218 -0.355539
v -0.071433 8.923055 -0.367088
v -0.071433 8.923055 -0.367088
v -0.071433 8.923055 -0.367088
v -0.071433 8.923055 -0.367088
v -0.071433 8.923055 -0.367088
v -0.071433 8.923055 -0.367088
v -0.071433 8.923055 -0.367088
v -0.186684 8.950610 -0.155089
v -0.186684 8.950610 -0.155089
v -0.186009 8.948419 -0.155358
v -0.186009 8.948419 -0.155358
v -0.184643 8.950312 -0.155544
v -0.184643 8.950312 -0.155544
v -0.178366 8.948654 -0.118022
v -0.178366 8.948654 -0.118022
v -0.178366 8.948654 -0.118022
v -0.176434 8.947511 -0.118469
v -0.176434 8.947511 -0.118469
v -0.173132 8.945985 -0.090270
v -0.173132 8.945985 -0.090270
v -0.171386 8.947004 -0.090561
v -0.171386 8.947004 -0.090561
v -0.169308 8.948569 -0.066072
v -0.169308 8.948569 -0.066072
v -0.167771 8.947670 -0.066300
v -0.167771 8.947670 -0.066300
v -0.163476 8.948272 -0.038708
v -0.163476 8.948272 -0.038708
v -0.162181 8.949039 -0.039079
v -0.162181 8.949039 -0.039079
v -0.157073 8.951444 -0.015175
v -0.157073 8.951444 -0.015175
v -0.155966 8.950790 -0.015388
v -0.155966 8.950790 -0.015388
v -0.151432 8.953277 0.012065
v -0.151432 8.953277 0.012065
v -0.151432 8.953277 0.012065
v -0.150687 8.953719 0.011887
v -0.150687 8.953719 0.011887
v -0.147936 8.957263 0.036037
v -0.147936 8.957263 0.036037
v -0.147936 8.957263 0.036037
v -0.147928 8.956970 0.036078
v -0.147928 8.956970 0.036078
v -0.147928 8.956970 0.036078
v -0.147679 8.957119 0.036023
v -0.147679 8.957119 0.036023
v -0.147679 8.957119 0.036023
v -0.145929 8.959040 0.049735
v -0.145929 8.959040 0.049735
v -0.145929 8.959040 0.049735
v -0.145929 8.959040 0.049735
v -0.145929 8.959040 0.049735
v -0.145929 8.959040 0.049735
v -0.145929 8.959040 0.049735
v -0.186642 8.970654 -0.156235
v -0.186642 8.970654 -0.156235
v -0.186791 8.968628 -0.155352
v -0.186791 8.968628 -0.155352
v -0.186712 8.969171 -0.157461
v -0.186712 8.969171 -0.157461
v -0.150603 8.967969 -0.155267
v -0.150603 8.967969 -0.155267
v -0.150603 8.967969 -0.155267
v -0.150628 8.966914 -0.157097
v -0.150628 8.966914 -0.157097
v -0.123747 8.965594 -0.154819
v -0.123747 8.965594 -0.154819
v -0.123719 8.966540 -0.156458
v -0.123719 8.966540 -0.156458
v -0.100509 8.968445 -0.154291
v -0.100509 8.968445 -0.154291
v -0.100453 8.967607 -0.155739
v -0.100453 8.967607 -0.155739
v -0.073936 8.968511 -0.155116
v -0.073936 8.968511 -0.155116
v -0.074060 8.969230 -0.156374
v -0.074060 8.969230 -0.156374
v -0.050866 8.971641 -0.157118
v -0.050866 8.971641 -0.157118
v -0.050889 8.971019 -0.158186
v -0.050889 8.971019 -0.158186
v -0.024544 8.974174 -0.158977
v -0.024544 8.974174 -0.158977
v -0.024544 8.974174 -0.158977
v -0.024544 8.974174 -0.158977
v -0.024655 8.974588 -0.159704
v -0.024655 8.974588 -0.159704
v -0.024655 8.974588 -0.159704
v -0.001798 8.979218 -0.160286
v -0.001798 8.979218 -0.160286
v -0.001798 8.979218 -0.160286
v -0.001743 8.978943 -0.160288
v -0.001743 8.978943 -0.160288
v -0.001743 8.978943 -0.160288
v -0.001782 8.979080 -0.160531
v -0.001782 8.979080 -0.160531
v -0.001782 8.979080 -0.160531
v 0.011223 8.981615 -0.161027
v 0.011223 8.981615 -0.161027
v 0.011223 8.981615 -0.161027
v 0.011223 8.981615 -0.161027
v 0.011223 8.981615 -0.161027
v 0.011223 8.981615 -0.161027
v 0.011223 8.981615 -0.161027
v -0.187959 8.983047 -0.157610
v -0.187959 8.983047 -0.157610
v -0.187420 8.981272 -0.157297
v -0.187420 8.981272 -0.157297
v -0.186828 8.982806 -0.156329
v -0.186828 8.982806 -0.156329
v -0.211154 8.979555 -0.137457
v -0.211154 8.979555 -0.137457
v -0.211154 8.979555 -0.137457
v -0.210031 8.978613 -0.136262
v -0.210031 8.978613 -0.136262
v -0.228886 8.976315 -0.123076
v -0.228886 8.976315 -0.123076
v -0.227998 8.977163 -0.121892
v -0.227998 8.977163 -0.121892
v -0.244755 8.977935 -0.110937
v -0.244755 8.977935 -0.110937
v -0.243946 8.977171 -0.109901
v -0.243946 8.977171 -0.109901
v -0.262121 8.976219 -0.096328
v -0.262121 8.976219 -0.096328
v -0.261360 8.976885 -0.095454
v -0.261360 8.976885 -0.095454
v -0.276761 8.976945 -0.082737
v -0.276761 8.976945 -0.082737
v -0.276107 8.976367 -0.081987
v -0.276107 8.976367 -0.081987
v -0.294374 8.977079 -0.068511
v -0.294374 8.977079 -0.068511
v -0.294374 8.977079 -0.068511
v -0.293939 8.977475 -0.067979
v -0.293939 8.977475 -0.067979
v -0.310538 8.980062 -0.057155
v -0.310538 8.980062 -0.057155
v -0.310538 8.980062 -0.057155
v -0.310564 8.979798 -0.057135
v -0.310564 8.979798 -0.057135
v -0.310564 8.979798 -0.057135
v -0.310421 8.979931 -0.056957
v -0.310421 8.979931 -0.056957
v -0.310421 8.979931 -0.056957
v -0.319766 8.981307 -0.050661
v -0.319766 8.981307 -0.050661
v -0.319766 8.981307 -0.050661
v -0.319766 8.981307 -0.050661
v -0.319766 8.981307 -0.050661
v -0.319766 8.981307 -0.050661
v -0.319766 8.981307 -0.050661
v -0.186684 8.987560 -0.157423
v -0.186684 8.987560 -0.157423
v -0.188256 8.987292 -0.158285
v -0.188256 8.987292 -0.158285
v -0.188005 8.987525 -0.156472
v -0.188005 8.987525 -0.156472
v -0.190308 9.021117 -0.160603
v -0.190308 9.021117 -0.160603
v -0.192041 9.020978 -0.160150
v -0.192041 9.020978 -0.160150
v -0.192041 9.020978 -0.160150
v -0.192041 9.020978 -0.160150
v -0.194291 9.045640 -0.165237
v -0.194291 9.045640 -0.165237
v -0.194291 9.045640 -0.165237
v -0.194291 9.045640 -0.165237
v -0.194744 9.045832 -0.163687
v -0.194744 9.045832 -0.163687
v -0.195682 9.067355 -0.167830
v -0.195682 9.067355 -0.167830
v -0.197085 9.067241 -0.167462
v -0.197085 9.067241 -0.167462
v -0.197085 9.067241 -0.167462
v -0.197085 9.067241 -0.167462
v -0.200522 9.091053 -0.173715
v -0.200522 9.091053 -0.173715
v -0.200522 9.091053 -0.173715
v -0.200522 9.091053 -0.173715
v -0.200886 9.091250 -0.172499
v -0.200886 9.091250 -0.172499
v -0.204165 9.112217 -0.177887
v -0.204165 9.112217 -0.177887
v -0.205232 9.112079 -0.177595
v -0.205232 9.112079 -0.177595
v -0.205232 9.112079 -0.177595
v -0.205232 9.112079 -0.177595
v -0.208997 9.135424 -0.185302
v -0.208997 9.135424 -0.185302
v -0.208997 9.135424 -0.185302
v -0.208997 9.135424 -0.185302
v -0.209229 9.135616 -0.184592
v -0.209229 9.135616 -0.184592
v -0.209229 9.135616 -0.184592
v -0.211635 9.156096 -0.191888
v -0.211635 9.156096 -0.191888
v -0.211635 9.156096 -0.191888
v -0.211635 9.156096 -0.191888
v -0.211806 9.156012 -0.192061
v -0.211806 9.156012 -0.192061
v -0.211806 9.156012 -0.192061
v -0.211884 9.156082 -0.191827
v -0.211884 9.156082 -0.191827
v -0.211884 9.156082 -0.191827
v -0.213417 9.167718 -0.195911
v -0.213417 9.167718 -0.195911
v -0.213417 9.167718 -0.195911
v -0.213417 9.167718 -0.195911
v -0.213417 9.167718 -0.195911
v -0.213417 9.167718 -0.195911
v -0.213417 9.167718 -0.195911
v 0.304161 2.952958 -0.322157
v 0.304161 2.952958 -0.322157
v 0.300371 2.944591 -0.319867
v 0.300371 2.944591 -0.319867
v 0.296370 2.951432 -0.325058
v 0.296370 2.951432 -0.325058
v 0.384855 2.868503 -0.496578
v 0.384855 2.868503 -0.496578
v 0.384855 2.868503 -0.496578
v 0.384855 2.868503 -0.496578
v 0.384855 2.868503 -0.496578
v 0.378970 2.865407 -0.497827
v 0.378970 2.865407 -0.497827
v 0.378970 2.865407 -0.497827
v 0.441887 2.802956 -0.626548
v 0.441887 2.802956 -0.626548
v 0.438916 2.804925 -0.628697
v 0.438916 2.804925 -0.628697
v 0.438916 2.804925 -0.628697
v 0.438916 2.804925 -0.628697
v 0.490003 2.755202 -0.743750
v 0.490003 2.755202 -0.743750
v 0.490003 2.755202 -0.743750
v 0.489783 2.753914 -0.743283
v 0.489783 2.753914 -0.743283
v 0.489783 2.753914 -0.743283
v 0.488787 2.754577 -0.743985
v 0.488787 2.754577 -0.743985
v 0.488787 2.754577 -0.743985
v 0.517078 2.725918 -0.809569
v 0.517078 2.725918 -0.809569
v 0.517078 2.725918 -0.809569
v 0.517078 2.725918 -0.809569
v 0.517078 2.725918 -0.809569
v 0.517078 2.725918 -0.809569
v 0.517078 2.725918 -0.809569
v 0.198400 3.479611 0.157330
v 0.198400 3.479611 0.157330
v 0.191224 3.465735 0.149051
v 0.191224 3.465735 0.149051
v 0.191224 3.465735 0.149051
v 0.202916 3.477469 0.142427
v 0.202916 3.477469 0.142427
v 0.404308 3.324126 0.241992
v 0.404308 3.324126 0.241992
v 0.404308 3.324126 0.241992
v 0.404308 3.324126 0.241992
v 0.405311 3.317951 0.228240
v 0.405311 3.317951 0.228240
v 0.405311 3.317951 0.228240
v 0.405311 3.317951 0.228240
v 0.555652 3.200662 0.296646
v 0.555652 3.200662 0.296646
v 0.555652 3.200662 0.296646
v 0.555652 3.200662 0.296646
v 0.562127 3.205992 0.288198
v 0.562127 3.205992 0.288198
v 0.562127 3.205992 0.288198
v 0.562127 3.205992 0.288198
v 0.702524 3.116034 0.342483
v 0.702524 3.116034 0.342483
v 0.702524 3.116034 0.342483
v 0.702524 3.116034 0.342483
v 0.703115 3.112492 0.334560
v 0.703115 3.112492 0.334560
v 0.703115 3.112492 0.334560
v 0.703115 3.112492 0.334560
v 0.865191 3.020921 0.405652
v 0.865191 3.020921 0.405652
v 0.865191 3.020921 0.405652
v 0.865191 3.020921 0.405652
v 0.868014 3.023357 0.401854
v 0.868014 3.023357 0.401854
v 0.868014 3.023357 0.401854
v 0.868014 3.023357 0.401854
v 0.868014 3.023357 0.401854
v 1.015114 2.961873 0.475091
v 1.015114 2.961873 0.475091
v 1.015114 2.961873 0.475091
v 1.014543 2.960212 0.474844
v 1.014543 2.960212 0.474844
v 1.014543 2.960212 0.474844
v 1.015481 2.961024 0.473577
v 1.015481 2.961024 0.473577
v 1.015481 2.961024 0.473577
v 1.099316 2.925381 0.514060
v 1.099316 2.925381 0.514060
v 1.099316 2.925381 0.514060
v 1.099316 2.925381 0.514060
v 1.099316 2.925381 0.514060
v 1.099316 2.925381 0.514060
v 1.099316 2.925381 0.514060
v -0.096813 3.436213 -0.674931
v -0.096813 3.436213 -0.674931
v -0.090238 3.426768 -0.672003
v -0.090238 3.426768 -0.672003
v -0.090238 3.426768 -0.672003
v -0.101121 3.429034 -0.668000
v -0.101121 3.429034 -0.668000
v -0.190131 3.309182 -0.867027
v -0.190131 3.309182 -0.867027
v -0.190131 3.309182 -0.867027
v -0.190131 3.309182 -0.867027
v -0.195757 3.305535 -0.861634
v -0.195757 3.305535 -0.861634
v -0.195757 3.305535 -0.861634
v -0.195757 3.305535 -0.861634
v -0.264196 3.203667 -0.999715
v -0.264196 3.203667 -0.999715
v -0.264196 3.203667 -0.999715
v -0.268832 3.205970 -0.998804
v -0.268832 3.205970 -0.998804
v -0.268832 3.205970 -0.998804
v -0.268832 3.205970 -0.998804
v -0.334420 3.114856 -1.113005
v -0.334420 3.114856 -1.113005
v -0.334420 3.114856 -1.113005
v -0.333962 3.113424 -1.112106
v -0.333962 3.113424 -1.112106
v -0.333962 3.113424 -1.112106
v -0.335503 3.114197 -1.111796
v -0.335503 3.114197 -1.111796
v -0.335503 3.114197 -1.111796
v -0.373500 3.062071 -1.176076
v -0.373500 3.062071 -1.176076
v -0.373500 3.062071 -1.176076
v -0.373500 3.062071 -1.176076
v -0.373500 3.062071 -1.176076
v -0.373500 3.062071 -1.176076
v -0.373500 3.062071 -1.176076
v -0.513191 3.457527 0.885036
v -0.513191 3.457527 0.885036
v -0.513355 3.451503 0.882588
v -0.513355 3.451503 0.882588
v -0.509659 3.453027 0.887584
v -0.509659 3.453027 0.887584
v -0.711864 3.392730 1.051004
v -0.711864 3.392730 1.051004
v -0.711864 3.392730 1.051004
v -0.711525 3.390886 1.050720
v -0.711525 3.390886 1.050720
v -0.711525 3.390886 1.050720
v -0.710642 3.391808 1.052122
v -0.710642 3.391808 1.052122
v -0.710642 3.391808 1.052122
v -0.786554 3.368315 1.114078
v -0.786554 3.368315 1.114078
v -0.786554 3.368315 1.114078
v -0.786554 3.368315 1.114078
v -0.786554 3.368315 1.114078
v -0.786554 3.368315 1.114078
v -0.786554 3.368315 1.114078
v 0.355499 4.028390 -0.095121
v 0.355499 4.028390 -0.095121
v 0.350189 4.013490 -0.083916
v 0.350189 4.013490 -0.083916
v 0.350189 4.013490 -0.083916
v 0.344244 4.016568 -0.101836
v 0.344244 4.016568 -0.101836
v 0.568444 3.878935 -0.185793
v 0.568444 3.878935 -0.185793
v 0.568444 3.878935 -0.185793
v 0.568444 3.878935 -0.185793
v 0.558106 3.871869 -0.197190
v 0.558106 3.871869 -0.197190
v 0.558106 3.871869 -0.197190
v 0.558106 3.871869 -0.197190
v 0.714130 3.756006 -0.263290
v 0.714130 3.756006 -0.263290
v 0.714130 3.756006 -0.263290
v 0.714130 3.756006 -0.263290
v 0.711956 3.762073 -0.274933
v 0.711956 3.762073 -0.274933
v 0.711956 3.762073 -0.274933
v 0.711956 3.762073 -0.274933
v 0.847507 3.670511 -0.344564
v 0.847507 3.670511 -0.344564
v 0.847507 3.670511 -0.344564
v 0.847507 3.670511 -0.344564
v 0.841252 3.666723 -0.350912
v 0.841252 3.666723 -0.350912
v 0.841252 3.666723 -0.350912
v 1.001888 3.572220 -0.429050
v 1.001888 3.572220 -0.429050
v 1.000745 3.575035 -0.434112
v 1.000745 3.575035 -0.434112
v 1.000745 3.575035 -0.434112
v 1.000745 3.575035 -0.434112
v 1.151950 3.510759 -0.502123
v 1.151950 3.510759 -0.502123
v 1.151950 3.510759 -0.502123
v 1.151293 3.508925 -0.501848
v 1.151293 3.508925 -0.501848
v 1.151293 3.508925 -0.501848
v 1.150898 3.509870 -0.503528
v 1.150898 3.509870 -0.503528
v 1.150898 3.509870 -0.503528
v 1.236063 3.472627 -0.543164
v 1.236063 3.472627 -0.543164
v 1.236063 3.472627 -0.543164
v 1.236063 3.472627 -0.543164
v 1.236063 3.472627 -0.543164
v 1.236063 3.472627 -0.543164
v 1.236063 3.472627 -0.543164
v -0.331172 4.230855 -0.185489
v -0.331172 4.230855 -0.185489
v -0.321153 4.214689 -0.177787
v -0.321153 4.214689 -0.177787
v -0.332704 4.228482 -0.167654
v -0.332704 4.228482 -0.167654
v -0.562721 4.070617 -0.225154
v -0.562721 4.070617 -0.225154
v -0.562721 4.070617 -0.225154
v -0.560485 4.063395 -0.209269
v -0.560485 4.063395 -0.209269
v -0.560485 4.063395 -0.209269
v -0.560485 4.063395 -0.209269
v -0.726529 3.936813 -0.248028
v -0.726529 3.936813 -0.248028
v -0.726529 3.936813 -0.248028
v -0.726529 3.936813 -0.248028
v -0.732044 3.942834 -0.236876
v -0.732044 3.942834 -0.236876
v -0.732044 3.942834 -0.236876
v -0.732044 3.942834 -0.236876
v -0.883067 3.841280 -0.264136
v -0.883067 3.841280 -0.264136
v -0.883067 3.841280 -0.264136
v -0.881996 3.837032 -0.255090
v -0.881996 3.837032 -0.255090
v -0.881996 3.837032 -0.255090
v -0.881996 3.837032 -0.255090
v -1.056432 3.738740 -0.312540
v -1.056432 3.738740 -0.312540
v -1.056432 3.738740 -0.312540
v -1.056432 3.738740 -0.312540
v -1.059352 3.741140 -0.307722
v -1.059352 3.741140 -0.307722
v -1.216738 3.681686 -0.382965
v -1.216738 3.681686 -0.382965
v -1.216738 3.681686 -0.382965
v -1.216051 3.679765 -0.382891
v -1.216051 3.679765 -0.382891
v -1.216051 3.679765 -0.382891
v -1.217072 3.680546 -0.381305
v -1.217072 3.680546 -0.381305
v -1.217072 3.680546 -0.381305
v -1.306676 3.645810 -0.422601
v -1.306676 3.645810 -0.422601
v -1.306676 3.645810 -0.422601
v -1.306676 3.645810 -0.422601
v -1.306676 3.645810 -0.422601
v -1.306676 3.645810 -0.422601
v -1.306676 3.645810 -0.422601
v -0.970842 3.788719 -0.281434
v -0.970842 3.788719 -0.281434
v -0.968001 3.783143 -0.283996
v -0.968001 3.783143 -0.283996
v -0.967980 3.784433 -0.277238
v -0.967980 3.784433 -0.277238
v -1.263739 3.621372 -0.249118
v -1.263739 3.621372 -0.249118
v -1.263739 3.621372 -0.249118
v -1.262752 3.619589 -0.249227
v -1.262752 3.619589 -0.249227
v -1.262752 3.619589 -0.249227
v -1.263052 3.620481 -0.247415
v -1.263052 3.620481 -0.247415
v -1.263052 3.620481 -0.247415
v -1.374297 3.558238 -0.236356
v -1.374297 3.558238 -0.236356
v -1.374297 3.558238 -0.236356
v -1.374297 3.558238 -0.236356
v -1.374297 3.558238 -0.236356
v -1.374297 3.558238 -0.236356
v -1.374297 3.558238 -0.236356
v 0.113711 4.443407 0.318787
v 0.113711 4.443407 0.318787
v 0.099943 4.426157 0.315092
v 0.099943 4.426157 0.315092
v 0.099943 4.426157 0.315092
v 0.119498 4.429332 0.304068
v 0.119498 4.429332 0.304068
v 0.259833 4.263446 0.553629
v 0.259833 4.263446 0.553629
v 0.259833 4.263446 0.553629
v 0.259833 4.263446 0.553629
v 0.270487 4.255482 0.538841
v 0.270487 4.255482 0.538841
v 0.270487 4.255482 0.538841
v 0.270487 4.255482 0.538841
v 0.401285 4.114624 0.687395
v 0.401285 4.114624 0.687395
v 0.401285 4.114624 0.687395
v 0.401285 4.114624 0.687395
v 0.412745 4.123112 0.681017
v 0.412745 4.123112 0.681017
v 0.412745 4.123112 0.681017
v 0.412745 4.123112 0.681017
v 0.560737 4.011505 0.784578
v 0.560737 4.011505 0.784578
v 0.560737 4.011505 0.784578
v 0.560737 4.011505 0.784578
v 0.565075 4.008538 0.774511
v 0.565075 4.008538 0.774511
v 0.565075 4.008538 0.774511
v 0.565075 4.008538 0.774511
v 0.565075 4.008538 0.774511
v 0.725586 3.889213 0.909341
v 0.725586 3.889213 0.909341
v 0.725586 3.889213 0.909341
v 0.725586 3.889213 0.909341
v 0.730628 3.893019 0.906526
v 0.730628 3.893019 0.906526
v 0.866234 3.806810 1.045063
v 0.866234 3.806810 1.045063
v 0.866234 3.806810 1.045063
v 0.865762 3.804717 1.044219
v 0.865762 3.804717 1.044219
v 0.865762 3.804717 1.044219
v 0.867455 3.805978 1.043293
v 0.867455 3.805978 1.043293
v 0.867455 3.805978 1.043293
v 0.945419 3.756344 1.120654
v 0.945419 3.756344 1.120654
v 0.945419 3.756344 1.120654
v 0.945419 3.756344 1.120654
v 0.945419 3.756344 1.120654
v 0.945419 3.756344 1.120654
v 0.945419 3.756344 1.120654
v 0.329935 4.195043 0.627360
v 0.329935 4.195043 0.627360
v 0.321984 4.181989 0.624410
v 0.321984 4.181989 0.624410
v 0.321984 4.181989 0.624410
v 0.336242 4.185078 0.619331
v 0.336242 4.185078 0.619331
v 0.447810 4.060153 0.889093
v 0.447810 4.060153 0.889093
v 0.447810 4.060153 0.889093
v 0.447810 4.060153 0.889093
v 0.455583 4.055101 0.882738
v 0.455583 4.055101 0.882738
v 0.455583 4.055101 0.882738
v 0.455583 4.055101 0.882738
v 0.543569 3.948967 1.074181
v 0.543569 3.948967 1.074181
v 0.543569 3.948967 1.074181
v 0.543569 3.948967 1.074181
v 0.549464 3.952163 1.072807
v 0.549464 3.952163 1.072807
v 0.549464 3.952163 1.072807
v 0.549464 3.952163 1.072807
v 0.635114 3.860169 1.234009
v 0.635114 3.860169 1.234009
v 0.635114 3.860169 1.234009
v 0.635114 3.860169 1.234009
v 0.634670 3.858138 1.233067
v 0.634670 3.858138 1.233067
v 0.634670 3.858138 1.233067
v 0.636625 3.859214 1.232590
v 0.636625 3.859214 1.232590
v 0.636625 3.859214 1.232590
v 0.686283 3.806397 1.323458
v 0.686283 3.806397 1.323458
v 0.686283 3.806397 1.323458
v 0.686283 3.806397 1.323458
v 0.686283 3.806397 1.323458
v 0.686283 3.806397 1.323458
v 0.686283 3.806397 1.323458
v 0.473468 4.269445 -1.068391
v 0.473468 4.269445 -1.068391
v 0.470877 4.262869 -1.068821
v 0.470877 4.262869 -1.068821
v 0.468228 4.268148 -1.073166
v 0.468228 4.268148 -1.073166
v 0.678587 4.199856 -1.278955
v 0.678587 4.199856 -1.278955
v 0.678587 4.199856 -1.278955
v 0.678242 4.197735 -1.278607
v 0.678242 4.197735 -1.278607
v 0.678242 4.197735 -1.278607
v 0.677075 4.198795 -1.280108
v 0.677075 4.198795 -1.280108
v 0.677075 4.198795 -1.280108
v 0.756209 4.173105 -1.358132
v 0.756209 4.173105 -1.358132
v 0.756209 4.173105 -1.358132
v 0.756209 4.173105 -1.358132
v 0.756209 4.173105 -1.358132
v 0.756209 4.173105 -1.358132
v 0.756209 4.173105 -1.358132
v -0.393300 4.767612 0.172141
v -0.393300 4.767612 0.172141
v -0.390890 4.749346 0.157512
v -0.390890 4.749346 0.157512
v -0.390890 4.749346 0.157512
v -0.378197 4.753351 0.176449
v -0.378197 4.753351 0.176449
v -0.624306 4.582216 0.360140
v -0.624306 4.582216 0.360140
v -0.624306 4.582216 0.360140
v -0.608822 4.573596 0.370115
v -0.608822 4.573596 0.370115
v -0.608822 4.573596 0.370115
v -0.608822 4.573596 0.370115
v -0.780990 4.428298 0.503305
v -0.780990 4.428298 0.503305
v -0.780990 4.428298 0.503305
v -0.780990 4.428298 0.503305
v -0.774829 4.435467 0.516176
v -0.774829 4.435467 0.516176
v -0.922473 4.318610 0.642632
v -0.922473 4.318610 0.642632
v -0.913698 4.313649 0.648379
v -0.913698 4.313649 0.648379
v -0.913698 4.313649 0.648379
v -0.913698 4.313649 0.648379
v -1.103692 4.189635 0.769252
v -1.103692 4.189635 0.769252
v -1.103692 4.189635 0.769252
v -1.103692 4.189635 0.769252
v -1.101660 4.192328 0.775459
v -1.101660 4.192328 0.775459
v -1.291779 4.104124 0.862700
v -1.291779 4.104124 0.862700
v -1.291779 4.104124 0.862700
v -1.291070 4.101971 0.862059
v -1.291070 4.101971 0.862059
v -1.291070 4.101971 0.862059
v -1.290469 4.102829 0.864168
v -1.290469 4.102829 0.864168
v -1.290469 4.102829 0.864168
v -1.397316 4.051759 0.915000
v -1.397316 4.051759 0.915000
v -1.397316 4.051759 0.915000
v -1.397316 4.051759 0.915000
v -1.397316 4.051759 0.915000
v -1.397316 4.051759 0.915000
v -1.397316 4.051759 0.915000
v -1.280785 4.374014 0.336319
v -1.280785 4.374014 0.336319
v -1.280096 4.367125 0.333769
v -1.280096 4.367125 0.333769
v -1.278438 4.368868 0.340616
v -1.278438 4.368868 0.340616
v -1.560502 4.312341 0.419009
v -1.560502 4.312341 0.419009
v -1.560502 4.312341 0.419009
v -1.560096 4.310233 0.418889
v -1.560096 4.310233 0.418889
v -1.560096 4.310233 0.418889
v -1.559771 4.311287 0.420735
v -1.559771 4.311287 0.420735
v -1.559771 4.311287 0.420735
v -1.665961 4.289115 0.450803
v -1.665961 4.289115 0.450803
v -1.665961 4.289115 0.450803
v -1.665961 4.289115 0.450803
v -1.665961 4.289115 0.450803
v -1.665961 4.289115 0.450803
v -1.665961 4.289115 0.450803
v -1.009629 4.253028 0.710220
v -1.009629 4.253028 0.710220
v -1.006656 4.246262 0.709868
v -1.006656 4.246262 0.709868
v -1.003331 4.251694 0.714125
v -1.003331 4.251694 0.714125
v -1.179941 4.162555 0.959770
v -1.179941 4.162555 0.959770
v -1.179941 4.162555 0.959770
v -1.179575 4.160372 0.959244
v -1.179575 4.160372 0.959244
v -1.179575 4.160372 0.959244
v -1.178141 4.161464 0.960632
v -1.178141 4.161464 0.960632
v -1.178141 4.161464 0.960632
v -1.244468 4.127904 1.053665
v -1.244468 4.127904 1.053665
v -1.244468 4.127904 1.053665
v -1.244468 4.127904 1.053665
v -1.244468 4.127904 1.053665
v -1.244468 4.127904 1.053665
v -1.244468 4.127904 1.053665
v -0.381849 4.938230 -0.747127
v -0.381849 4.938230 -0.747127
v -0.384585 4.923870 -0.739966
v -0.384585 4.923870 -0.739966
v -0.395516 4.935676 -0.742772
v -0.395516 4.935676 -0.742772
v -0.450280 4.807096 -1.036371
v -0.450280 4.807096 -1.036371
v -0.450280 4.807096 -1.036371
v -0.450280 4.807096 -1.036371
v -0.459464 4.801836 -1.031814
v -0.459464 4.801836 -1.031814
v -0.508054 4.705333 -1.248182
v -0.508054 4.705333 -1.248182
v -0.514198 4.708703 -1.247814
v -0.514198 4.708703 -1.247814
v -0.514198 4.708703 -1.247814
v -0.514198 4.708703 -1.247814
v -0.566982 4.632895 -1.435809
v -0.566982 4.632895 -1.435809
v -0.566982 4.632895 -1.435809
v -0.566790 4.630719 -1.434973
v -0.566790 4.630719 -1.434973
v -0.566790 4.630719 -1.434973
v -0.568826 4.631858 -1.434812
v -0.568826 4.631858 -1.434812
v -0.568826 4.631858 -1.434812
v -0.599979 4.588103 -1.541129
v -0.599979 4.588103 -1.541129
v -0.599979 4.588103 -1.541129
v -0.599979 4.588103 -1.541129
v -0.599979 4.588103 -1.541129
v -0.599979 4.588103 -1.541129
v -0.599979 4.588103 -1.541129
v -0.096580 5.355567 0.385343
v -0.096580 5.355567 0.385343
v -0.090640 5.334485 0.377134
v -0.090640 5.334485 0.377134
v -0.090640 5.334485 0.377134
v -0.076380 5.352407 0.382642
v -0.076380 5.352407 0.382642
v -0.070724 5.242444 0.700210
v -0.070724 5.242444 0.700210
v -0.070724 5.242444 0.700210
v -0.053720 5.233064 0.695460
v -0.053720 5.233064 0.695460
v -0.053720 5.233064 0.695460
v -0.053720 5.233064 0.695460
v -0.049293 5.140503 0.928179
v -0.049293 5.140503 0.928179
v -0.049293 5.140503 0.928179
v -0.049293 5.140503 0.928179
v -0.035539 5.147918 0.929728
v -0.035539 5.147918 0.929728
v -0.026629 5.079260 1.135293
v -0.026629 5.079260 1.135293
v -0.016945 5.073995 1.132336
v -0.016945 5.073995 1.132336
v -0.016945 5.073995 1.132336
v 0.015626 5.013701 1.368421
v 0.015626 5.013701 1.368421
v 0.015626 5.013701 1.368421
v 0.021508 5.017348 1.367778
v 0.021508 5.017348 1.367778
v 0.067778 4.993232 1.578117
v 0.067778 4.993232 1.578117
v 0.067778 4.993232 1.578117
v 0.067810 4.990932 1.577847
v 0.067810 4.990932 1.577847
v 0.067810 4.990932 1.577847
v 0.069743 4.992164 1.577511
v 0.069743 4.992164 1.577511
v 0.069743 4.992164 1.577511
v 0.097168 4.977514 1.696774
v 0.097168 4.977514 1.696774
v 0.097168 4.977514 1.696774
v 0.097168 4.977514 1.696774
v 0.097168 4.977514 1.696774
v 0.097168 4.977514 1.696774
v 0.097168 4.977514 1.696774
v -0.398781 4.943066 1.169505
v -0.398781 4.943066 1.169505
v -0.399741 4.935705 1.167052
v -0.399741 4.935705 1.167052
v -0.393628 4.937308 1.171367
v -0.393628 4.937308 1.171367
v -0.569528 4.873151 1.436969
v -0.569528 4.873151 1.436969
v -0.569528 4.873151 1.436969
v -0.569271 4.870884 1.436568
v -0.569271 4.870884 1.436568
v -0.569271 4.870884 1.436568
v -0.567710 4.872017 1.437851
v -0.567710 4.872017 1.437851
v -0.567710 4.872017 1.437851
v -0.633595 4.846792 1.538227
v -0.633595 4.846792 1.538227
v -0.633595 4.846792 1.538227
v -0.633595 4.846792 1.538227
v -0.633595 4.846792 1.538227
v -0.633595 4.846792 1.538227
v -0.633595 4.846792 1.538227
v -0.006397 5.045571 1.251264
v -0.006397 5.045571 1.251264
v -0.008458 5.038577 1.248890
v -0.008458 5.038577 1.248890
v -0.001127 5.040191 1.251017
v -0.001127 5.040191 1.251017
v -0.077757 4.957906 1.561603
v -0.077757 4.957906 1.561603
v -0.077757 4.957906 1.561603
v -0.077624 4.955666 1.561025
v -0.077624 4.955666 1.561025
v -0.077624 4.955666 1.561025
v -0.075736 4.956786 1.561764
v -0.075736 4.956786 1.561764
v -0.075736 4.956786 1.561764
v -0.104083 4.924870 1.678940
v -0.104083 4.924870 1.678940
v -0.104083 4.924870 1.678940
v -0.104083 4.924870 1.678940
v -0.104083 4.924870 1.678940
v -0.104083 4.924870 1.678940
v -0.104083 4.924870 1.678940
v -1.195161 5.297309 -0.137398
v -1.195161 5.297309 -0.137398
v -1.193208 5.290448 -0.138997
v -1.193208 5.290448 -0.138997
v -1.196159 5.291802 -0.132303
v -1.196159 5.291802 -0.132303
v -1.488337 5.238298 -0.254759
v -1.488337 5.238298 -0.254759
v -1.488337 5.238298 -0.254759
v -1.487973 5.236085 -0.254613
v -1.487973 5.236085 -0.254613
v -1.487973 5.236085 -0.254613
v -1.488881 5.237192 -0.252880
v -1.488881 5.237192 -0.252880
v -1.488881 5.237192 -0.252880
v -1.599215 5.216055 -0.298639
v -1.599215 5.216055 -0.298639
v -1.599215 5.216055 -0.298639
v -1.599215 5.216055 -0.298639
v -1.599215 5.216055 -0.298639
v -1.599215 5.216055 -0.298639
v -1.599215 5.216055 -0.298639
v 0.441593 5.735736 0.552614
v 0.441593 5.735736 0.552614
v 0.434969 5.722230 0.552160
v 0.434969 5.722230 0.552160
v 0.434969 5.722230 0.552160
v 0.448350 5.725482 0.546446
v 0.448350 5.725482 0.546446
v 0.575907 5.657771 0.831422
v 0.575907 5.657771 0.831422
v 0.575907 5.657771 0.831422
v 0.583717 5.652528 0.826037
v 0.583717 5.652528 0.826037
v 0.583717 5.652528 0.826037
v 0.583717 5.652528 0.826037
v 0.680808 5.587826 1.032891
v 0.680808 5.587826 1.032891
v 0.680808 5.587826 1.032891
v 0.680808 5.587826 1.032891
v 0.686269 5.591043 1.031031
v 0.686269 5.591043 1.031031
v 0.776266 5.534254 1.207101
v 0.776266 5.534254 1.207101
v 0.776266 5.534254 1.207101
v 0.775990 5.532142 1.206544
v 0.775990 5.532142 1.206544
v 0.775990 5.532142 1.206544
v 0.777808 5.533216 1.205919
v 0.777808 5.533216 1.205919
v 0.777808 5.533216 1.205919
v 0.829982 5.500389 1.305336
v 0.829982 5.500389 1.305336
v 0.829982 5.500389 1.305336
v 0.829982 5.500389 1.305336
v 0.829982 5.500389 1.305336
v 0.829982 5.500389 1.305336
v 0.829982 5.500389 1.305336
v 0.756993 5.574668 0.787394
v 0.756993 5.574668 0.787394
v 0.754246 5.568310 0.787328
v 0.754246 5.568310 0.787328
v 0.760158 5.569564 0.783943
v 0.760158 5.569564 0.783943
v 0.911755 5.502385 1.031756
v 0.911755 5.502385 1.031756
v 0.911755 5.502385 1.031756
v 0.911489 5.500309 1.031335
v 0.911489 5.500309 1.031335
v 0.911489 5.500309 1.031335
v 0.913184 5.501348 1.030557
v 0.913184 5.501348 1.030557
v 0.913184 5.501348 1.030557
v 0.970671 5.475106 1.123721
v 0.970671 5.475106 1.123721
v 0.970671 5.475106 1.123721
v 0.970671 5.475106 1.123721
v 0.970671 5.475106 1.123721
v 0.970671 5.475106 1.123721
v 0.970671 5.475106 1.123721
v 0.005241 6.053298 -0.398594
v 0.005241 6.053298 -0.398594
v -0.000427 6.033636 -0.391810
v -0.000427 6.033636 -0.391810
v -0.013665 6.050344 -0.396672
v -0.013665 6.050344 -0.396672
v -0.009582 5.954116 -0.705344
v -0.009582 5.954116 -0.705344
v -0.009582 5.954116 -0.705344
v -0.009582 5.954116 -0.705344
v -0.025434 5.945348 -0.701635
v -0.025434 5.945348 -0.701635
v -0.033398 5.869385 -0.929828
v -0.033398 5.869385 -0.929828
v -0.045960 5.876690 -0.930173
v -0.045960 5.876690 -0.930173
v -0.045960 5.876690 -0.930173
v -0.045960 5.876690 -0.930173
v -0.067413 5.827093 -1.131457
v -0.067413 5.827093 -1.131457
v -0.067413 5.827093 -1.131457
v -0.076478 5.822168 -1.129112
v -0.076478 5.822168 -1.129112
v -0.089554 5.783164 -1.362253
v -0.089554 5.783164 -1.362253
v -0.089554 5.783164 -1.362253
v -0.095105 5.786450 -1.362274
v -0.095105 5.786450 -1.362274
v -0.094919 5.779812 -1.570752
v -0.094919 5.779812 -1.570752
v -0.094919 5.779812 -1.570752
v -0.094942 5.777663 -1.570686
v -0.094942 5.777663 -1.570686
v -0.094942 5.777663 -1.570686
v -0.096792 5.778759 -1.570689
v -0.096792 5.778759 -1.570689
v -0.096792 5.778759 -1.570689
v -0.098094 5.774072 -1.689089
v -0.098094 5.774072 -1.689089
v -0.098094 5.774072 -1.689089
v -0.098094 5.774072 -1.689089
v -0.098094 5.774072 -1.689089
v -0.098094 5.774072 -1.689089
v -0.098094 5.774072 -1.689089
v 0.302689 5.726092 -1.069817
v 0.302689 5.726092 -1.069817
v 0.303207 5.720127 -1.066977
v 0.303207 5.720127 -1.066977
v 0.298376 5.721503 -1.071475
v 0.298376 5.721503 -1.071475
v 0.471185 5.639341 -1.276626
v 0.471185 5.639341 -1.276626
v 0.471185 5.639341 -1.276626
v 0.470805 5.637431 -1.276161
v 0.470805 5.637431 -1.276161
v 0.470805 5.637431 -1.276161
v 0.469651 5.638386 -1.277489
v 0.469651 5.638386 -1.277489
v 0.469651 5.638386 -1.277489
v 0.534388 5.606640 -1.355075
v 0.534388 5.606640 -1.355075
v 0.534388 5.606640 -1.355075
v 0.534388 5.606640 -1.355075
v 0.534388 5.606640 -1.355075
v 0.534388 5.606640 -1.355075
v 0.534388 5.606640 -1.355075
v -0.280078 6.213664 0.231244
v -0.280078 6.213664 0.231244
v -0.272273 6.194449 0.228466
v -0.272273 6.194449 0.228466
v -0.263004 6.210794 0.237996
v -0.263004 6.210794 0.237996
v -0.396194 6.129982 0.491252
v -0.396194 6.129982 0.491252
v -0.396194 6.129982 0.491252
v -0.380976 6.121360 0.495383
v -0.380976 6.121360 0.495383
v -0.479984 6.058884 0.683749
v -0.479984 6.058884 0.683749
v -0.469492 6.065777 0.690237
v -0.469492 6.065777 0.690237
v -0.553780 6.029706 0.859053
v -0.553780 6.029706 0.859053
v -0.544978 6.024816 0.861177
v -0.544978 6.024816 0.861177
v -0.610718 5.977756 1.062812
v -0.610718 5.977756 1.062812
v -0.610718 5.977756 1.062812
v -0.605676 5.981074 1.064536
v -0.605676 5.981074 1.064536
v -0.638903 5.946425 1.250014
v -0.638903 5.946425 1.250014
v -0.638903 5.946425 1.250014
v -0.638730 5.944372 1.249651
v -0.638730 5.944372 1.249651
v -0.638730 5.944372 1.249651
v -0.637030 5.945499 1.250118
v -0.637030 5.945499 1.250118
v -0.637030 5.945499 1.250118
v -0.655015 5.925208 1.355704
v -0.655015 5.925208 1.355704
v -0.655015 5.925208 1.355704
v -0.655015 5.925208 1.355704
v -0.655015 5.925208 1.355704
v -0.655015 5.925208 1.355704
v -0.655015 5.925208 1.355704
v -0.830444 5.911563 0.688438
v -0.830444 5.911563 0.688438
v -0.831378 5.905196 0.685869
v -0.831378 5.905196 0.685869
v -0.826091 5.906667 0.690294
v -0.826091 5.906667 0.690294
v -1.018137 5.835756 0.937077
v -1.018137 5.835756 0.937077
v -1.018137 5.835756 0.937077
v -1.017850 5.833718 0.936697
v -1.017850 5.833718 0.936697
v -1.017850 5.833718 0.936697
v -1.016548 5.834737 0.937979
v -1.016548 5.834737 0.937979
v -1.016548 5.834737 0.937979
v -1.088554 5.807193 1.031315
v -1.088554 5.807193 1.031315
v -1.088554 5.807193 1.031315
v -1.088554 5.807193 1.031315
v -1.088554 5.807193 1.031315
v -1.088554 5.807193 1.031315
v -1.088554 5.807193 1.031315
v -0.586076 6.005353 0.958848
v -0.586076 6.005353 0.958848
v -0.584104 5.998667 0.959773
v -0.584104 5.998667 0.959773
v -0.580535 6.003661 0.962629
v -0.580535 6.003661 0.962629
v -0.749715 5.987373 1.195239
v -0.749715 5.987373 1.195239
v -0.749715 5.987373 1.195239
v -0.749649 5.985327 1.195145
v -0.749649 5.985327 1.195145
v -0.749649 5.985327 1.195145
v -0.748230 5.986350 1.196214
v -0.748230 5.986350 1.196214
v -0.748230 5.986350 1.196214
v -0.811691 5.980231 1.284338
v -0.811691 5.980231 1.284338
v -0.811691 5.980231 1.284338
v -0.811691 5.980231 1.284338
v -0.811691 5.980231 1.284338
v -0.811691 5.980231 1.284338
v -0.811691 5.980231 1.284338
v 1.110441 6.096691 -0.006672
v 1.110441 6.096691 -0.006672
v 1.108799 6.090342 -0.004329
v 1.108799 6.090342 -0.004329
v 1.108463 6.091949 -0.010980
v 1.108463 6.091949 -0.010980
v 1.387365 6.009364 -0.041109
v 1.387365 6.009364 -0.041109
v 1.387365 6.009364 -0.041109
v 1.386783 6.007421 -0.041036
v 1.386783 6.007421 -0.041036
v 1.386783 6.007421 -0.041036
v 1.386858 6.008393 -0.042817
v 1.386858 6.008393 -0.042817
v 1.386858 6.008393 -0.042817
v 1.491873 5.976447 -0.054668
v 1.491873 5.976447 -0.054668
v 1.491873 5.976447 -0.054668
v 1.491873 5.976447 -0.054668
v 1.491873 5.976447 -0.054668
v 1.491873 5.976447 -0.054668
v 1.491873 5.976447 -0.054668
v -0.850065 6.229512 -0.732985
v -0.850065 6.229512 -0.732985
v -0.847815 6.223338 -0.733827
v -0.847815 6.223338 -0.733827
v -0.851109 6.224685 -0.728406
v -0.851109 6.224685 -0.728406
v -1.104376 6.152687 -0.868665
v -1.104376 6.152687 -0.868665
v -1.104376 6.152687 -0.868665
v -1.103945 6.150786 -0.868434
v -1.103945 6.150786 -0.868434
v -1.103945 6.150786 -0.868434
v -1.104963 6.151736 -0.867051
v -1.104963 6.151736 -0.867051
v -1.104963 6.151736 -0.867051
v -1.200598 6.123712 -0.919537
v -1.200598 6.123712 -0.919537
v -1.200598 6.123712 -0.919537
v -1.200598 6.123712 -0.919537
v -1.200598 6.123712 -0.919537
v -1.200598 6.123712 -0.919537
v -1.200598 6.123712 -0.919537
v 0.009406 6.697567 0.291531
v 0.009406 6.697567 0.291531
v 0.014639 6.679792 0.288017
v 0.014639 6.679792 0.288017
v 0.025997 6.694858 0.291075
v 0.025997 6.694858 0.291075
v 0.007553 6.643102 0.574293
v 0.007553 6.643102 0.574293
v 0.007553 6.643102 0.574293
v 0.021558 6.635183 0.572775
v 0.021558 6.635183 0.572775
v 0.014755 6.594240 0.783544
v 0.014755 6.594240 0.783544
v 0.025746 6.600633 0.783955
v 0.025746 6.600633 0.783955
v 0.029311 6.581393 0.968948
v 0.029311 6.581393 0.968948
v 0.037323 6.576918 0.967544
v 0.037323 6.576918 0.967544
v 0.062532 6.553336 1.175785
v 0.062532 6.553336 1.175785
v 0.062532 6.553336 1.175785
v 0.067322 6.556288 1.175060
v 0.067322 6.556288 1.175060
v 0.106558 6.544848 1.356260
v 0.106558 6.544848 1.356260
v 0.106558 6.544848 1.356260
v 0.106582 6.542962 1.356129
v 0.106582 6.542962 1.356129
v 0.106582 6.542962 1.356129
v 0.108161 6.543952 1.355811
v 0.108161 6.543952 1.355811
v 0.108161 6.543952 1.355811
v 0.131342 6.536852 1.458656
v 0.131342 6.536852 1.458656
v 0.131342 6.536852 1.458656
v 0.131342 6.536852 1.458656
v 0.131342 6.536852 1.458656
v 0.131342 6.536852 1.458656
v 0.131342 6.536852 1.458656
v 0.043451 6.568118 1.071614
v 0.043451 6.568118 1.071614
v 0.045136 6.562497 1.072310
v 0.045136 6.562497 1.072310
v 0.048894 6.566895 1.072818
v 0.048894 6.566895 1.072818
v -0.005277 6.581652 1.315736
v -0.005277 6.581652 1.315736
v -0.005277 6.581652 1.315736
v -0.005299 6.579900 1.315840
v -0.005299 6.579900 1.315840
v -0.005299 6.579900 1.315840
v -0.003800 6.580776 1.316097
v -0.003800 6.580776 1.316097
v -0.003800 6.580776 1.316097
v -0.023885 6.586461 1.407887
v -0.023885 6.586461 1.407887
v -0.023885 6.586461 1.407887
v -0.023885 6.586461 1.407887
v -0.023885 6.586461 1.407887
v -0.023885 6.586461 1.407887
v -0.023885 6.586461 1.407887
v 0.447119 6.710863 -0.522274
v 0.447119 6.710863 -0.522274
v 0.448541 6.700365 -0.516545
v 0.448541 6.700365 -0.516545
v 0.439522 6.702614 -0.524278
v 0.439522 6.702614 -0.524278
v 0.598058 6.618338 -0.711093
v 0.598058 6.618338 -0.711093
v 0.598058 6.618338 -0.711093
v 0.598058 6.618338 -0.711093
v 0.590786 6.614290 -0.714136
v 0.590786 6.614290 -0.714136
v 0.676625 6.548251 -0.870948
v 0.676625 6.548251 -0.870948
v 0.672798 6.551241 -0.873354
v 0.672798 6.551241 -0.873354
v 0.672798 6.551241 -0.873354
v 0.672798 6.551241 -0.873354
v 0.717018 6.501934 -1.026136
v 0.717018 6.501934 -1.026136
v 0.717018 6.501934 -1.026136
v 0.716669 6.500222 -1.025676
v 0.716669 6.500222 -1.025676
v 0.716669 6.500222 -1.025676
v 0.715353 6.501264 -1.026343
v 0.715353 6.501264 -1.026343
v 0.715353 6.501264 -1.026343
v 0.739840 6.472746 -1.113345
v 0.739840 6.472746 -1.113345
v 0.739840 6.472746 -1.113345
v 0.739840 6.472746 -1.113345
v 0.739840 6.472746 -1.113345
v 0.739840 6.472746 -1.113345
v 0.739840 6.472746 -1.113345
v 0.642527 6.584157 -0.790683
v 0.642527 6.584157 -0.790683
v 0.642190 6.579440 -0.787693
v 0.642190 6.579440 -0.787693
v 0.638581 6.580371 -0.791865
v 0.638581 6.580371 -0.791865
v 0.795856 6.470835 -0.948169
v 0.795856 6.470835 -0.948169
v 0.795856 6.470835 -0.948169
v 0.795315 6.469295 -0.947614
v 0.795315 6.469295 -0.947614
v 0.795315 6.469295 -0.947614
v 0.794517 6.470065 -0.948933
v 0.794517 6.470065 -0.948933
v 0.794517 6.470065 -0.948933
v 0.853426 6.428057 -1.007956
v 0.853426 6.428057 -1.007956
v 0.853426 6.428057 -1.007956
v 0.853426 6.428057 -1.007956
v 0.853426 6.428057 -1.007956
v 0.853426 6.428057 -1.007956
v 0.853426 6.428057 -1.007956
v -0.378703 6.951173 0.065900
v -0.378703 6.951173 0.065900
v -0.378568 6.936381 0.056689
v -0.378568 6.936381 0.056689
v -0.369150 6.940195 0.070707
v -0.369150 6.940195 0.070707
v -0.565765 6.852634 0.214757
v -0.565765 6.852634 0.214757
v -0.565765 6.852634 0.214757
v -0.555532 6.845751 0.222938
v -0.555532 6.845751 0.222938
v -0.699669 6.772055 0.328044
v -0.699669 6.772055 0.328044
v -0.694738 6.777568 0.337062
v -0.694738 6.777568 0.337062
v -0.821103 6.725779 0.433182
v -0.821103 6.725779 0.433182
v -0.815361 6.721746 0.438029
v -0.815361 6.721746 0.438029
v -0.959720 6.676181 0.552279
v -0.959720 6.676181 0.552279
v -0.959720 6.676181 0.552279
v -0.957138 6.678782 0.555996
v -0.957138 6.678782 0.555996
v -1.086230 6.660324 0.660276
v -1.086230 6.660324 0.660276
v -1.086230 6.660324 0.660276
v -1.086078 6.658595 0.660160
v -1.086078 6.658595 0.660160
v -1.086078 6.658595 0.660160
v -1.085183 6.659468 0.661370
v -1.085183 6.659468 0.661370
v -1.085183 6.659468 0.661370
v -1.157863 6.648238 0.721368
v -1.157863 6.648238 0.721368
v -1.157863 6.648238 0.721368
v -1.157863 6.648238 0.721368
v -1.157863 6.648238 0.721368
v -1.157863 6.648238 0.721368
v -1.157863 6.648238 0.721368
v -1.043563 6.775113 0.216717
v -1.043563 6.775113 0.216717
v -1.042922 6.770070 0.215132
v -1.042922 6.770070 0.215132
v -1.043266 6.771065 0.220447
v -1.043266 6.771065 0.220447
v -1.276179 6.746488 0.206983
v -1.276179 6.746488 0.206983
v -1.276179 6.746488 0.206983
v -1.275995 6.744862 0.206991
v -1.275995 6.744862 0.206991
v -1.275995 6.744862 0.206991
v -1.276149 6.745675 0.208404
v -1.276149 6.745675 0.208404
v -1.276149 6.745675 0.208404
v -1.364028 6.735709 0.203650
v -1.364028 6.735709 0.203650
v -1.364028 6.735709 0.203650
v -1.364028 6.735709 0.203650
v -1.364028 6.735709 0.203650
v -1.364028 6.735709 0.203650
v -1.364028 6.735709 0.203650
v 0.457781 7.063944 0.279643
v 0.457781 7.063944 0.279643
v 0.456867 7.053043 0.276265
v 0.456867 7.053043 0.276265
v 0.460310 7.061966 0.269954
v 0.460310 7.061966 0.269954
v 0.691638 7.023232 0.347851
v 0.691638 7.023232 0.347851
v 0.691638 7.023232 0.347851
v 0.691638 7.023232 0.347851
v 0.692980 7.019226 0.340903
v 0.692980 7.019226 0.340903
v 0.865752 6.987639 0.395333
v 0.865752 6.987639 0.395333
v 0.867227 6.990121 0.391271
v 0.867227 6.990121 0.391271
v 0.867227 6.990121 0.391271
v 0.867227 6.990121 0.391271
v 1.018980 6.966696 0.433448
v 1.018980 6.966696 0.433448
v 1.018980 6.966696 0.433448
v 1.018738 6.965055 0.433375
v 1.018738 6.965055 0.433375
v 1.018738 6.965055 0.433375
v 1.019215 6.965885 0.432018
v 1.019215 6.965885 0.432018
v 1.019215 6.965885 0.432018
v 1.105672 6.952089 0.455105
v 1.105672 6.952089 0.455105
v 1.105672 6.952089 0.455105
v 1.105672 6.952089 0.455105
v 1.105672 6.952089 0.455105
v 1.105672 6.952089 0.455105
v 1.105672 6.952089 0.455105
v -0.130725 7.198100 -0.381967
v -0.130725 7.198100 -0.381967
v -0.133456 7.183480 -0.376828
v -0.133456 7.183480 -0.376828
v -0.143405 7.195789 -0.376904
v -0.143405 7.195789 -0.376904
v -0.210718 7.135170 -0.607880
v -0.210718 7.135170 -0.607880
v -0.210718 7.135170 -0.607880
v -0.210718 7.135170 -0.607880
v -0.221073 7.128725 -0.602413
v -0.221073 7.128725 -0.602413
v -0.269679 7.074558 -0.772386
v -0.269679 7.074558 -0.772386
v -0.278805 7.079611 -0.770816
v -0.278805 7.079611 -0.770816
v -0.278805 7.079611 -0.770816
v -0.278805 7.079611 -0.770816
v -0.323411 7.039122 -0.919329
v -0.323411 7.039122 -0.919329
v -0.323411 7.039122 -0.919329
v -0.323411 7.039122 -0.919329
v -0.329311 7.035464 -0.915926
v -0.329311 7.035464 -0.915926
v -0.403440 7.003171 -1.078073
v -0.403440 7.003171 -1.078073
v -0.407033 7.005682 -1.076265
v -0.407033 7.005682 -1.076265
v -0.407033 7.005682 -1.076265
v -0.407033 7.005682 -1.076265
v -0.490942 6.998529 -1.212385
v -0.490942 6.998529 -1.212385
v -0.490942 6.998529 -1.212385
v -0.490959 6.996952 -1.212293
v -0.490959 6.996952 -1.212293
v -0.490959 6.996952 -1.212293
v -0.492097 6.997796 -1.211594
v -0.492097 6.997796 -1.211594
v -0.492097 6.997796 -1.211594
v -0.540396 6.993070 -1.288635
v -0.540396 6.993070 -1.288635
v -0.540396 6.993070 -1.288635
v -0.540396 6.993070 -1.288635
v -0.540396 6.993070 -1.288635
v -0.540396 6.993070 -1.288635
v -0.540396 6.993070 -1.288635
v -0.359961 7.019335 -0.999166
v -0.359961 7.019335 -0.999166
v -0.361427 7.014475 -0.998002
v -0.361427 7.014475 -0.998002
v -0.364869 7.018105 -0.998357
v -0.364869 7.018105 -0.998357
v -0.385786 6.974212 -1.212441
v -0.385786 6.974212 -1.212441
v -0.385786 6.974212 -1.212441
v -0.385752 6.972725 -1.212140
v -0.385752 6.972725 -1.212140
v -0.385752 6.972725 -1.212140
v -0.387075 6.973468 -1.212142
v -0.387075 6.973468 -1.212142
v -0.387075 6.973468 -1.212142
v -0.395351 6.956919 -1.292938
v -0.395351 6.956919 -1.292938
v -0.395351 6.956919 -1.292938
v -0.395351 6.956919 -1.292938
v -0.395351 6.956919 -1.292938
v -0.395351 6.956919 -1.292938
v -0.395351 6.956919 -1.292938
v 0.153896 7.508517 -0.141168
v 0.153896 7.508517 -0.141168
v 0.152923 7.495522 -0.145046
v 0.152923 7.495522 -0.145046
v 0.154630 7.506512 -0.152999
v 0.154630 7.506512 -0.152999
v 0.355020 7.489833 -0.126258
v 0.355020 7.489833 -0.126258
v 0.355020 7.489833 -0.126258
v 0.355020 7.489833 -0.126258
v 0.355279 7.484034 -0.136358
v 0.355279 7.484034 -0.136358
v 0.504377 7.467220 -0.117984
v 0.504377 7.467220 -0.117984
v 0.505067 7.471837 -0.125924
v 0.505067 7.471837 -0.125924
v 0.505067 7.471837 -0.125924
v 0.635253 7.466558 -0.114138
v 0.635253 7.466558 -0.114138
v 0.635503 7.463189 -0.120006
v 0.635503 7.463189 -0.120006
v 0.782920 7.465247 -0.100988
v 0.782920 7.465247 -0.100988
v 0.782920 7.465247 -0.100988
v 0.783212 7.467339 -0.104576
v 0.783212 7.467339 -0.104576
v 0.783212 7.467339 -0.104576
v 0.911031 7.484001 -0.081992
v 0.911031 7.484001 -0.081992
v 0.911207 7.482625 -0.081975
v 0.911207 7.482625 -0.081975
v 0.911207 7.482625 -0.081975
v 0.911207 7.482625 -0.081975
v 0.911305 7.483322 -0.083171
v 0.911305 7.483322 -0.083171
v 0.911305 7.483322 -0.083171
v 0.911305 7.483322 -0.083171
v 0.984145 7.492243 -0.071209
v 0.984145 7.492243 -0.071209
v 0.984145 7.492243 -0.071209
v 0.984145 7.492243 -0.071209
v 0.984145 7.492243 -0.071209
v 0.984145 7.492243 -0.071209
v 0.984145 7.492243 -0.071209
v 0.167765 7.677302 0.349057
v 0.168436 7.669202 0.346708
v 0.168436 7.669202 0.346708
v 0.172620 7.675857 0.343393
v 0.172620 7.675857 0.343393
v 0.304049 7.653316 0.472997
v 0.304049 7.653316 0.472997
v 0.307267 7.650294 0.468779
v 0.307267 7.650294 0.468779
v 0.410955 7.634254 0.558634
v 0.410955 7.634254 0.558634
v 0.413025 7.636162 0.556131
v 0.413025 7.636162 0.556131
v 0.509243 7.627844 0.626930
v 0.509243 7.627844 0.626930
v 0.509177 7.626592 0.626865
v 0.509177 7.626592 0.626865
v 0.509177 7.626592 0.626865
v 0.509833 7.627231 0.626007
v 0.509833 7.627231 0.626007
v 0.509833 7.627231 0.626007
v 0.564902 7.622108 0.665760
v 0.564902 7.622108 0.665760
v 0.564902 7.622108 0.665760
v 0.564902 7.622108 0.665760
v 0.564902 7.622108 0.665760
v 0.564902 7.622108 0.665760
v 0.564902 7.622108 0.665760
v 0.009717 7.834321 -0.297735
v 0.009717 7.834321 -0.297735
v 0.006786 7.823499 -0.299366
v 0.006786 7.823499 -0.299366
v 0.003212 7.832627 -0.305178
v 0.003212 7.832627 -0.305178
v 0.141623 7.816112 -0.409548
v 0.141623 7.816112 -0.409548
v 0.141623 7.816112 -0.409548
v 0.135821 7.811281 -0.415665
v 0.135821 7.811281 -0.415665
v 0.238085 7.795832 -0.494009
v 0.238085 7.795832 -0.494009
v 0.233901 7.799691 -0.499210
v 0.233901 7.799691 -0.499210
v 0.321004 7.794597 -0.569872
v 0.321004 7.794597 -0.569872
v 0.317608 7.791764 -0.573473
v 0.317608 7.791764 -0.573473
v 0.415381 7.791327 -0.655486
v 0.415381 7.791327 -0.655486
v 0.415381 7.791327 -0.655486
v 0.413276 7.793097 -0.657691
v 0.413276 7.793097 -0.657691
v 0.498238 7.804018 -0.730211
v 0.498238 7.804018 -0.730211
v 0.498238 7.804018 -0.730211
v 0.498320 7.802848 -0.730290
v 0.498320 7.802848 -0.730290
v 0.498320 7.802848 -0.730290
v 0.497602 7.803437 -0.731010
v 0.497602 7.803437 -0.731010
v 0.497602 7.803437 -0.731010
v 0.545490 7.809192 -0.772775
v 0.545490 7.809192 -0.772775
v 0.545490 7.809192 -0.772775
v 0.545490 7.809192 -0.772775
v 0.545490 7.809192 -0.772775
v 0.545490 7.809192 -0.772775
v 0.545490 7.809192 -0.772775
v -0.231772 8.116855 -0.290110
v -0.231772 8.116855 -0.290110
v -0.233754 8.108808 -0.288478
v -0.233754 8.108808 -0.288478
v -0.238916 8.115591 -0.288254
v -0.238916 8.115591 -0.288254
v -0.262324 8.098881 -0.419747
v -0.262324 8.098881 -0.419747
v -0.262324 8.098881 -0.419747
v -0.268338 8.095283 -0.417815
v -0.268338 8.095283 -0.417815
v -0.287183 8.079726 -0.515105
v -0.287183 8.079726 -0.515105
v -0.292128 8.082619 -0.514205
v -0.292128 8.082619 -0.514205
v -0.311359 8.074574 -0.598559
v -0.311359 8.074574 -0.598559
v -0.314905 8.072450 -0.597279
v -0.314905 8.072450 -0.597279
v -0.346409 8.073610 -0.690443
v -0.346409 8.073610 -0.690443
v -0.346409 8.073610 -0.690443
v -0.348485 8.074965 -0.689386
v -0.348485 8.074965 -0.689386
v -0.383459 8.090040 -0.767450
v -0.383459 8.090040 -0.767450
v -0.383459 8.090040 -0.767450
v -0.383528 8.089156 -0.767592
v -0.383528 8.089156 -0.767592
v -0.383528 8.089156 -0.767592
v -0.384195 8.089599 -0.767185
v -0.384195 8.089599 -0.767185
v -0.384195 8.089599 -0.767185
v -0.404494 8.097761 -0.811473
v -0.404494 8.097761 -0.811473
v -0.404494 8.097761 -0.811473
v -0.404494 8.097761 -0.811473
v -0.404494 8.097761 -0.811473
v -0.404494 8.097761 -0.811473
v -0.404494 8.097761 -0.811473
v -0.356333 8.062695 -0.441317
v -0.356333 8.062695 -0.441317
v -0.354042 8.057183 -0.442479
v -0.354042 8.057183 -0.442479
v -0.357786 8.058519 -0.437939
v -0.357786 8.058519 -0.437939
v -0.465184 8.033694 -0.525095
v -0.465184 8.033694 -0.525095
v -0.465184 8.033694 -0.525095
v -0.465184 8.033694 -0.525095
v -0.467118 8.031493 -0.521657
v -0.467118 8.031493 -0.521657
v -0.548372 8.006566 -0.582257
v -0.548372 8.006566 -0.582257
v -0.549987 8.007964 -0.580427
v -0.549987 8.007964 -0.580427
v -0.549987 8.007964 -0.580427
v -0.549987 8.007964 -0.580427
v -0.623156 7.985719 -0.628759
v -0.623156 7.985719 -0.628759
v -0.623156 7.985719 -0.628759
v -0.622966 7.984811 -0.628619
v -0.622966 7.984811 -0.628619
v -0.622966 7.984811 -0.628619
v -0.623495 7.985280 -0.628003
v -0.623495 7.985280 -0.628003
v -0.623495 7.985280 -0.628003
v -0.665326 7.972407 -0.655049
v -0.665326 7.972407 -0.655049
v -0.665326 7.972407 -0.655049
v -0.665326 7.972407 -0.655049
v -0.665326 7.972407 -0.655049
v -0.665326 7.972407 -0.655049
v -0.665326 7.972407 -0.655049
v -0.327594 8.072695 -0.644489
v -0.327594 8.072695 -0.644489
v -0.328338 8.070065 -0.644530
v -0.328338 8.070065 -0.644530
v -0.330206 8.072121 -0.644484
v -0.330206 8.072121 -0.644484
v -0.329207 8.074149 -0.772164
v -0.329207 8.074149 -0.772164
v -0.329207 8.074149 -0.772164
v -0.329207 8.073341 -0.772178
v -0.329207 8.073341 -0.772178
v -0.329207 8.073341 -0.772178
v -0.329907 8.073745 -0.772167
v -0.329907 8.073745 -0.772167
v -0.329907 8.073745 -0.772167
v -0.329703 8.074563 -0.820374
v -0.329703 8.074563 -0.820374
v -0.329703 8.074563 -0.820374
v -0.329703 8.074563 -0.820374
v -0.329703 8.074563 -0.820374
v -0.329703 8.074563 -0.820374
v -0.329703 8.074563 -0.820374
v -0.073672 8.223226 0.247607
v -0.073672 8.223226 0.247607
v -0.075627 8.218035 0.248442
v -0.075627 8.218035 0.248442
v -0.070725 8.219314 0.246202
v -0.070725 8.219314 0.246202
v -0.020017 8.221451 0.366309
v -0.020017 8.221451 0.366309
v -0.020017 8.221451 0.366309
v -0.016748 8.219365 0.364770
v -0.016748 8.219365 0.364770
v 0.020948 8.215448 0.454036
v 0.020948 8.215448 0.454036
v 0.020948 8.215448 0.454036
v 0.023016 8.216750 0.453134
v 0.023016 8.216750 0.453134
v 0.056739 8.213260 0.529984
v 0.056739 8.213260 0.529984
v 0.056739 8.213260 0.529984
v 0.056722 8.212393 0.529947
v 0.056722 8.212393 0.529947
v 0.056722 8.212393 0.529947
v 0.057413 8.212827 0.529649
v 0.057413 8.212827 0.529649
v 0.057413 8.212827 0.529649
v 0.077032 8.210616 0.573130
v 0.077032 8.210616 0.573130
v 0.077032 8.210616 0.573130
v 0.077032 8.210616 0.573130
v 0.077032 8.210616 0.573130
v 0.077032 8.210616 0.573130
v 0.077032 8.210616 0.573130
v -0.111526 8.913867 -0.321873
v -0.111526 8.913867 -0.321873
v -0.111231 8.912925 -0.321811
v -0.111231 8.912925 -0.321811
v -0.112175 8.913111 -0.322106
v -0.112175 8.913111 -0.322106
v -0.099494 8.914711 -0.359772
v -0.099494 8.914711 -0.359772
v -0.099494 8.914711 -0.359772
v -0.099491 8.914406 -0.359781
v -0.099491 8.914406 -0.359781
v -0.099491 8.914406 -0.359781
v -0.099743 8.914558 -0.359857
v -0.099743 8.914558 -0.359857
v -0.099743 8.914558 -0.359857
v -0.095012 8.915033 -0.374101
v -0.095012 8.915033 -0.374101
v -0.095012 8.915033 -0.374101
v -0.095012 8.915033 -0.374101
v -0.095012 8.915033 -0.374101
v -0.095012 8.915033 -0.374101
v -0.095012 8.915033 -0.374101
v -0.064450 -0.003795 0.148985
v -0.064450 -0.003795 0.148985
v 0.176347 0.000092 -0.019537
v 0.176347 0.000092 -0.019537
v 0.176347 0.000092 -0.019537
v 0.176347 0.000092 -0.019537
v 0.176347 0.000092 -0.019537
v -0.075497 -0.001719 -0.130144
v -0.075497 -0.001719 -0.130144
v -0.015704 5.950490 0.022523
v -0.015704 5.950490 0.022523
v -0.015704 5.950490 0.022523
v -0.015704 5.950490 0.022523
v -0.076489 6.163514 -0.033732
v -0.076489 6.163514 -0.033732
v -0.076489 6.163514 -0.033732
v -0.076489 6.163514 -0.033732
v -0.076489 6.163514 -0.033732
v -0.138217 8.099068 -0.125764
v -0.138217 8.099068 -0.125764
v -0.138217 8.099068 -0.125764
v -0.138217 8.099068 -0.125764
v -0.185534 8.988195 -0.146133
v -0.185534 8.988195 -0.146133
v -0.166768 8.387563 -0.117441
v -0.166768 8.387563 -0.117441
v -0.166768 8.387563 -0.117441
v -0.166768 8.387563 -0.117441
v -0.188735 8.987436 -0.156668
v -0.188735 8.987436 -0.156668
v -0.187627 8.987399 -0.158481
v -0.187627 8.987399 -0.158481
vn -0.2098 0.8401 0.5003
vn 0.1408 0.9692 0.2022
vn 0.2306 0.8788 0.4178
vn -0.4551 0.6400 -0.6191
vn -0.3583 0.7059 -0.6110
vn -0.5624 0.5258 -0.6381
vn -0.0564 0.4560 0.8882
vn -0.3221 0.4364 0.8401
vn 0.4725 0.5360 -0.6996
vn -0.6481 0.7290 -0.2202
vn -0.6828 0.6699 -0.2915
vn -0.4727 0.7164 -0.5131
vn -0.2043 0.3491 -0.9146
vn -0.3595 0.9302 0.0748
vn -0.3261 0.9450 -0.0242
vn -0.1676 0.9846 -0.0501
vn -0.8607 0.1896 -0.4725
vn -0.1104 0.9199 -0.3764
vn -0.6334 0.7389 0.2299
vn -0.0402 0.5972 -0.8011
vn -0.3674 0.9274 0.0700
vn -0.7763 0.6006 -0.1914
vn -0.1337 0.9815 0.1373
vn -0.1844 0.9744 0.1287
vn 0.0533 0.8885 0.4558
vn -0.5605 0.8229 -0.0927
vn -0.0742 0.9972 -0.0046
vn 0.1573 0.8656 -0.4754
vn 0.1728 0.9848 -0.0191
vn -0.3535 0.9249 -0.1402
vn 0.0081 0.9688 -0.2478
vn 0.0121 0.9672 -0.2537
vn -0.2230 0.6707 -0.7074
vn -0.3904 0.9101 -0.1388
vn -0.8153 0.5352 -0.2213
vn -0.3769 0.9196 -0.1111
vn 0.1763 0.8796 -0.4419
vn -0.5316 0.6286 -0.5677
vn -0.0720 0.8260 0.5591
vn 0.1078 0.9524 0.2850
vn 0.1691 0.9653 -0.1992
vn -0.3588 0.8421 -0.4027
vn 0.2531 0.9674 0.0020
vn -0.5206 0.7738 0.3609
vn -0.5224 0.7728 0.3602
vn 0.6584 0.6225 0.4232
vn 0.6577 0.6246 0.4210
vn 0.3722 0.8955 -0.2441
vn -0.3657 0.8137 0.4518
vn -0.4149 0.7924 0.4470
vn -0.0272 0.9609 0.2756
vn 0.0465 0.9985 0.0274
vn 0.5770 0.7827 0.2331
vn 0.3686 0.9232 -0.1084
vn -0.3092 0.8459 0.4346
vn -0.0976 0.9763 0.1933
vn -0.2051 0.5490 -0.8102
vn 0.1753 0.9840 -0.0306
vn 0.1785 0.9685 0.1736
vn 0.1100 0.9731 0.2026
vn -0.4061 0.5724 0.7124
vn 0.0833 0.8509 -0.5186
vn 0.4391 0.4424 -0.7820
vn 0.0163 0.9733 -0.2291
vn 0.1770 0.9542 -0.2411
vn 0.0201 0.6018 -0.7984
vn -0.1822 0.8477 -0.4981
vn -0.3862 0.9200 0.0661
vn 0.5962 0.5603 0.5750
vn -0.4202 0.8367 0.3512
vn 0.2394 0.9438 -0.2279
vn -0.0252 0.9171 -0.3980
vn 0.6844 0.5731 0.4508
vn 0.6966 0.6531 0.2969
vn -0.0207 0.9538 0.2999
vn -0.3558 0.9293 -0.0989
vn -0.4809 0.8384 -0.2567
vn 0.5045 0.8315 -0.2324
vn 0.0930 0.9209 0.3785
vn -0.5471 0.7932 0.2676
vn -0.1994 0.8360 0.5112
vn 0.1745 0.4971 -0.8500
vn 0.2300 0.9730 -0.0167
vn 0.1816 0.9832 -0.0207
vn 0.2770 0.6051 -0.7464
vn -0.2985 0.9038 -0.3066
vn 0.7849 0.4104 0.4643
vn 0.5620 0.8154 0.1384
vn 0.7664 0.6410 -0.0419
vn 0.7439 0.6544 -0.1358
vn 0.7410 0.6379 0.2095
vn -0.2286 0.9714 -0.0649
vn -0.3707 0.9274 0.0511
vn 0.7417 0.6700 -0.0310
vn 0.3379 0.8063 -0.4855
vn 0.1684 0.9833 -0.0693
vn 0.1611 0.9868 0.0191
vn 0.3486 0.8791 0.3251
vn -0.1529 0.8754 0.4585
vn -0.1106 0.8962 0.4298
vn -0.3551 0.7011 -0.6183
vn -0.2660 0.6673 -0.6957
vn 0.6558 0.7026 -0.2763
vn 0.0025 0.9734 0.2291
vn -0.2366 0.8372 0.4931
vn -0.2751 0.8244 0.4946
vn 0.1555 0.7295 -0.6660
vn 0.5424 0.8401 0.0095
vn 0.1356 0.9692 -0.2057
vn 0.3026 0.8788 -0.3690
vn -0.4064 0.6400 0.6521
vn -0.4348 0.7059 0.5592
vn -0.3844 0.5258 0.7588
vn 0.8459 0.4560 -0.2767
vn 0.8997 0.4364 -0.0120
vn -0.8249 0.5360 -0.1797
vn 0.0356 0.7290 0.6836
vn -0.0178 0.6699 0.7422
vn -0.3015 0.7164 0.6292
vn -0.7738 0.3491 0.5285
vn 0.2026 0.9302 0.3062
vn 0.0983 0.9450 0.3118
vn 0.0155 0.9846 0.1742
vn -0.1200 0.1896 0.9745
vn -0.3087 0.9199 0.2420
vn 0.4482 0.7389 0.5031
vn -0.7292 0.5972 0.3341
vn 0.2011 0.9274 0.3153
vn 0.1098 0.6006 0.7920
vn 0.1771 0.9815 0.0733
vn 0.4036 0.8885 -0.2184
vn 0.1215 0.8229 0.5550
vn 0.0232 0.9972 0.0706
vn -0.3304 0.6286 0.7041
vn -0.4999 0.8656 0.0300
vn -0.4757 0.8796 -0.0001
vn -0.0817 0.9848 -0.1534
vn 0.0007 0.9249 0.3803
vn -0.2331 0.9688 0.0842
vn -0.2402 0.9672 0.0827
vn -0.5745 0.6707 0.4692
vn 0.0157 0.9101 0.4141
vn 0.0965 0.5352 0.8392
vn 0.0364 0.9196 0.3912
vn 0.5459 0.8260 -0.1403
vn 0.3545 0.7316 -0.5823
vn 0.2248 0.9524 -0.2057
vn -0.2474 0.9653 -0.0831
vn -0.2411 0.8421 0.4824
vn -0.0920 0.9674 -0.2359
vn 0.5281 0.7738 0.3499
vn 0.5281 0.7728 0.3518
vn 0.1473 0.6246 -0.7669
vn -0.5047 0.8632 0.0061
vn -0.3647 0.8955 -0.2553
vn 0.5552 0.8137 0.1723
vn 0.5690 0.7924 0.2198
vn 0.2661 0.9609 -0.0768
vn 0.0082 0.9985 -0.0534
vn 0.0028 0.7827 -0.6223
vn -0.2372 0.9232 -0.3022
vn 0.5183 0.8459 0.1262
vn 0.2157 0.9763 0.0191
vn -0.6766 0.5490 0.4907
vn -0.0933 0.9840 -0.1515
vn 0.0952 0.9685 -0.2301
vn 0.1474 0.9731 -0.1773
vn 0.8121 0.5724 0.1133
vn -0.5126 0.8509 0.1147
vn -0.8890 0.4424 -0.1181
vn -0.2188 0.9733 0.0697
vn -0.2895 0.9542 -0.0751
vn -0.7491 0.6018 0.2771
vn -0.3952 0.8477 0.3537
vn 0.2044 0.9200 0.3342
vn 0.3132 0.5603 -0.7668
vn 0.4818 0.8367 0.2602
vn -0.3004 0.9438 -0.1380
vn -0.3603 0.9171 0.1708
vn 0.1652 0.5731 -0.8027
vn 0.0178 0.6531 -0.7571
vn 0.2862 0.9538 -0.0919
vn 0.0400 0.9293 0.3671
vn -0.0603 0.8384 0.5417
vn -0.4028 0.8315 -0.3825
vn 0.3171 0.9209 -0.2266
vn 0.4512 0.7932 0.4090
vn 0.5487 0.8360 -0.0042
vn -0.8542 0.4971 0.1528
vn -0.1007 0.9730 -0.2075
vn -0.0865 0.9832 -0.1610
vn -0.7959 0.6051 0.0192
vn -0.1742 0.9038 0.3908
vn 0.1405 0.4104 -0.9010
vn -0.0796 0.8154 -0.5733
vn -0.3228 0.6410 -0.6963
vn -0.4017 0.6544 -0.6406
vn -0.0799 0.6379 -0.7659
vn 0.0244 0.9714 0.2364
vn 0.1847 0.9274 0.3254
vn -0.3036 0.6700 -0.6775
vn -0.5762 0.8063 -0.1340
vn -0.1268 0.9833 -0.1307
vn -0.0419 0.9868 -0.1567
vn 0.1728 0.8791 -0.4442
vn 0.4825 0.8754 -0.0279
vn 0.4401 0.8962 -0.0565
vn -0.4428 0.7011 0.5589
vn -0.5476 0.6673 0.5048
vn -0.1062 0.3939 -0.9130
vn -0.4996 0.7026 -0.5067
vn 0.2119 0.9734 -0.0872
vn 0.5457 0.8372 0.0371
vn 0.5614 0.8244 0.0723
vn -0.6762 0.7295 0.1023
vn -0.4487 0.6564 0.6065
vn -0.4487 0.6565 0.6063
vn -0.4487 0.6567 0.6062
vn -0.4487 0.6566 0.6063
vn -0.8428 0.4595 0.2803
vn 0.2248 0.9732 0.0480
vn 0.2247 0.9732 0.0480
vn 0.5744 0.8013 -0.1674
vn -0.5639 0.4786 -0.6730
vn -0.5639 0.4787 -0.6730
vn 0.2171 0.8376 -0.5012
vn -0.4974 0.8593 0.1189
vn -0.3705 0.9172 0.1464
vn -0.1489 0.9518 -0.2682
vn -0.3026 0.9514 0.0575
vn -0.3861 0.8747 -0.2931
vn -0.3177 0.9473 0.0415
vn -0.3879 0.8573 -0.3385
vn -0.3880 0.8572 -0.3385
vn -0.3882 0.8571 -0.3386
vn -0.4669 0.8782 0.1033
vn -0.4493 0.8864 0.1114
vn 0.0109 0.9706 -0.2406
vn -0.6682 0.6823 -0.2966
vn -0.6683 0.6822 -0.2965
vn -0.6683 0.6823 -0.2966
vn 0.8033 0.5732 0.1618
vn 0.1533 0.9881 -0.0074
vn 0.0697 0.9956 -0.0627
vn 0.0381 0.9993 0.0017
vn 0.0963 0.8668 0.4893
vn 0.0963 0.8667 0.4895
vn 0.0963 0.8666 0.4897
vn -0.1660 0.7068 0.6877
vn -0.1659 0.7069 0.6876
vn -0.1658 0.7070 0.6875
vn -0.1659 0.7068 0.6876
vn -0.2074 0.9698 0.1280
vn 0.1398 0.9624 0.2329
vn 0.1778 0.9583 -0.2236
vn 0.1087 0.9518 0.2867
vn 0.7959 -0.1656 0.5823
vn -0.7872 0.5905 -0.1778
vn 0.4846 0.8667 -0.1182
vn -0.1735 0.8483 0.5003
vn -0.2225 0.6711 -0.7072
vn 0.1720 0.9849 -0.0193
vn 0.1687 0.9711 0.1686
vn -0.6548 0.5827 -0.4813
vn -0.6509 0.6193 -0.4391
vn -0.5798 0.7893 0.2020
vn -0.5797 0.7894 0.2020
vn -0.3772 0.9195 -0.1110
vn 0.1550 0.8581 -0.4896
vn 0.4099 0.7315 0.5448
vn 0.4076 0.7279 0.5514
vn -0.3957 0.8287 -0.3958
vn 0.2487 0.9686 -0.0021
vn -0.1777 0.9738 0.1417
vn 0.0025 0.9759 0.2180
vn -0.0183 0.9767 0.2138
vn 0.1813 0.8632 -0.4711
vn -0.1791 0.9761 0.1229
vn -0.1822 0.9786 0.0960
vn 0.3647 0.8936 -0.2616
vn -0.0533 0.9655 0.2549
vn 0.0548 0.8842 0.4639
vn -0.1362 0.9824 0.1278
vn 0.5767 0.7842 0.2292
vn 0.4341 0.8869 -0.1577
vn -0.5356 0.7365 -0.4132
vn -0.5357 0.7364 -0.4132
vn -0.2995 0.8559 0.4215
vn -0.1852 0.5576 -0.8092
vn 0.1015 0.9943 -0.0325
vn 0.2009 0.9650 0.1683
vn 0.2009 0.9650 0.1685
vn 0.2009 0.9650 0.1686
vn 0.3205 0.7152 0.6211
vn 0.3004 0.7192 0.6265
vn 0.2231 0.9281 -0.2980
vn 0.1729 0.9318 -0.3192
vn -0.7644 0.6266 -0.1516
vn -0.3775 0.9250 0.0435
vn 0.8082 0.5641 0.1692
vn 0.3453 0.9375 0.0431
vn 0.3099 0.9506 0.0189
vn -0.3687 0.5604 0.7416
vn -0.0976 0.9860 0.1351
vn -0.0973 0.9861 0.1350
vn 0.0598 0.8600 -0.5068
vn 0.3945 0.4326 -0.8107
vn 0.1849 0.9442 -0.2725
vn -0.1502 0.8752 -0.4598
vn 0.6017 0.5586 0.5709
vn -0.0598 0.9909 0.1202
vn -0.0599 0.9910 0.1200
vn -0.4566 0.8859 0.0814
vn 0.5811 0.8138 -0.0027
vn 0.5025 0.8633 0.0462
vn 0.0699 0.9955 0.0640
vn 0.0696 0.9957 0.0616
vn 0.4040 0.9029 -0.1468
vn 0.4042 0.9028 -0.1468
vn 0.4041 0.9029 -0.1468
vn -0.6524 0.7106 0.2636
vn -0.3442 0.8567 0.3843
vn 0.4698 0.7360 -0.4875
vn 0.4342 0.7784 -0.4534
vn 0.2360 0.9411 -0.2421
vn -0.1494 0.9532 0.2629
vn -0.1492 0.9532 0.2629
vn 0.0882 0.8447 0.5279
vn 0.0135 0.8943 -0.4472
vn 0.0777 0.9335 0.3500
vn -0.2831 0.9581 0.0426
vn 0.7509 0.5789 0.3179
vn 0.7508 0.5789 0.3179
vn -0.1644 0.9326 -0.3212
vn -0.3161 0.9338 -0.1678
vn -0.1250 0.7999 -0.5870
vn -0.7935 0.0948 -0.6012
vn -0.4852 0.8509 -0.2015
vn 0.6657 0.7431 0.0680
vn 0.1417 0.9497 -0.2794
vn -0.1087 0.7370 -0.6671
vn -0.1084 0.7372 -0.6669
vn -0.1084 0.7373 -0.6669
vn -0.1084 0.7373 -0.6668
vn 0.6799 0.7332 0.0107
vn 0.7013 0.6954 -0.1569
vn 0.7860 0.6168 -0.0420
vn 0.0673 0.8717 0.4853
vn -0.5294 0.8123 0.2448
vn 0.1519 0.9864 -0.0634
vn 0.1478 0.9861 -0.0766
vn -0.2714 0.7983 0.5376
vn -0.3178 0.9479 0.0225
vn -0.2958 0.9551 0.0149
vn 0.3007 0.5814 -0.7560
vn 0.0432 0.9888 0.1426
vn 0.7510 0.6147 0.2410
vn 0.7513 0.6144 0.2412
vn 0.7512 0.6145 0.2411
vn 0.7512 0.6144 0.2412
vn 0.7738 0.4049 0.4871
vn 0.5610 0.8027 0.2023
vn 0.4744 0.8645 -0.1659
vn 0.4744 0.8645 -0.1658
vn -0.0388 0.9602 -0.2767
vn 0.6816 0.7019 0.2067
vn -0.1423 0.9803 -0.1369
vn -0.7313 0.5734 -0.3692
vn -0.4269 0.8910 0.1546
vn -0.6236 0.7518 -0.2144
vn -0.3837 0.9085 -0.1653
vn -0.4273 0.8668 -0.2570
vn 0.3994 0.6245 -0.6712
vn 0.0363 0.9090 -0.4152
vn 0.1400 0.9088 -0.3930
vn 0.5918 0.7553 -0.2816
vn 0.5945 0.7887 -0.1565
vn 0.7404 0.6720 0.0165
vn 0.1772 0.9320 -0.3163
vn 0.0436 0.9987 -0.0271
vn 0.0436 0.9987 -0.0270
vn -0.3633 0.4054 0.8389
vn -0.0994 0.8166 -0.5686
vn -0.0995 0.8166 -0.5686
vn -0.0994 0.8165 -0.5687
vn 0.0478 0.5174 0.8544
vn 0.5198 0.8374 0.1692
vn 0.1738 0.9492 0.2623
vn 0.3036 0.8760 0.3748
vn -0.5429 0.5565 -0.6290
vn -0.5429 0.5564 -0.6290
vn -0.6060 0.5109 -0.6098
vn 0.6094 0.6735 0.4185
vn 0.6096 0.6732 0.4185
vn -0.0824 0.8550 -0.5120
vn -0.0452 0.7692 -0.6374
vn 0.2253 0.9691 -0.1004
vn 0.2876 0.9460 -0.1494
vn 0.2347 0.4974 -0.8352
vn 0.2347 0.4974 -0.8351
vn -0.1512 0.9545 0.2571
vn 0.4291 0.8191 0.3807
vn 0.1617 0.9790 0.1245
vn -0.2796 0.8169 0.5045
vn 0.0778 0.8981 -0.4328
vn 0.0777 0.8982 -0.4326
vn 0.0777 0.8982 -0.4327
vn 0.2606 0.9500 -0.1718
vn 0.1266 0.9865 -0.1034
vn 0.7296 0.6564 0.1920
vn 0.7294 0.6565 0.1922
vn 0.7293 0.6567 0.1923
vn 0.7294 0.6566 0.1922
vn 0.4411 0.7033 -0.5575
vn 0.4322 0.6552 -0.6196
vn -0.1080 0.8202 -0.5619
vn 0.5726 0.4595 0.6790
vn 0.5725 0.4595 0.6790
vn -0.0387 0.9732 -0.2265
vn -0.0387 0.9732 -0.2266
vn -0.3683 0.8013 -0.4715
vn -0.4162 0.4786 0.7731
vn -0.4162 0.4787 0.7731
vn -0.5460 0.8376 -0.0160
vn -0.5460 0.8376 -0.0159
vn 0.2947 0.8593 0.4180
vn 0.2732 0.9172 0.2899
vn -0.1939 0.9518 0.2377
vn 0.1655 0.9514 0.2598
vn -0.1292 0.8747 0.4672
vn 0.1562 0.9473 0.2797
vn -0.1707 0.8573 0.4857
vn -0.1707 0.8572 0.4858
vn -0.1707 0.8571 0.4860
vn 0.2689 0.8782 0.3954
vn 0.2699 0.8864 0.3760
vn -0.2275 0.9706 0.0790
vn -0.0280 0.6823 0.7305
vn -0.0279 0.6823 0.7306
vn -0.1473 0.5732 -0.8061
vn -0.0636 0.9881 -0.1397
vn -0.0841 0.9956 -0.0415
vn -0.0126 0.9993 -0.0360
vn 0.4189 0.8668 -0.2707
vn 0.4190 0.8667 -0.2707
vn 0.4189 0.8667 -0.2707
vn 0.4190 0.8667 -0.2708
vn 0.7003 0.7068 -0.1006
vn 0.7002 0.7069 -0.1006
vn 0.7000 0.7070 -0.1007
vn 0.7002 0.7068 -0.1006
vn 0.1957 0.9698 0.1453
vn 0.1645 0.9624 -0.2161
vn -0.2737 0.9583 -0.0821
vn 0.2260 0.9518 -0.2071
vn 0.4024 0.7893 0.4637
vn 0.2460 -0.1656 -0.9550
vn 0.1264 0.5905 0.7971
vn -0.2894 0.8667 -0.4064
vn -0.2894 0.8667 -0.4063
vn 0.5289 0.8483 -0.0242
vn 0.5290 0.8483 -0.0242
vn -0.5745 0.6711 0.4687
vn -0.0816 0.9849 -0.1527
vn 0.0941 0.9711 -0.2191
vn 0.0941 0.9712 -0.2191
vn 0.0941 0.9711 -0.2192
vn -0.2045 0.5827 0.7865
vn -0.1667 0.6193 0.7672
vn 0.4024 0.7894 0.4637
vn 0.0366 0.9195 0.3915
vn -0.5122 0.8581 0.0374
vn 0.3609 0.7282 -0.5826
vn -0.2210 0.8287 0.5142
vn -0.0941 0.9686 -0.2302
vn 0.1975 0.9738 0.1125
vn 0.2016 0.9759 -0.0831
vn 0.2054 0.9767 -0.0622
vn 0.1492 0.6224 -0.7684
vn 0.1805 0.9761 0.1208
vn 0.1567 0.9786 0.1337
vn -0.3781 0.8936 -0.2418
vn 0.2565 0.9655 -0.0450
vn 0.4106 0.8842 -0.2227
vn 0.1698 0.9823 0.0794
vn 0.1894 0.9738 0.1259
vn -0.0008 0.7842 -0.6206
vn -0.3073 0.8869 -0.3449
vn -0.1854 0.7365 0.6506
vn -0.1853 0.7364 0.6507
vn -0.1853 0.7364 0.6506
vn 0.5025 0.8559 0.1221
vn -0.6830 0.5576 0.4718
vn -0.0678 0.9943 -0.0822
vn 0.0819 0.9650 -0.2490
vn 0.0822 0.9650 -0.2490
vn 0.0821 0.9650 -0.2490
vn 0.4581 0.7152 -0.5278
vn 0.4707 0.7192 -0.5111
vn -0.3594 0.9281 -0.0969
vn -0.3605 0.9318 -0.0423
vn 0.1424 0.6266 0.7662
vn 0.1803 0.9250 0.3346
vn -0.1423 0.5641 -0.8134
vn -0.0879 0.9375 -0.3367
vn -0.0973 0.9506 -0.2948
vn 0.8255 0.5604 0.0677
vn 0.1617 0.9860 0.0406
vn 0.1615 0.9861 0.0403
vn -0.4929 0.8600 0.1322
vn -0.8992 0.4326 -0.0661
vn -0.3216 0.9442 -0.0708
vn -0.3714 0.8752 0.3099
vn 0.3074 0.5586 -0.7704
vn 0.1338 0.9909 0.0111
vn 0.1338 0.9909 0.0110
vn 0.1339 0.9909 0.0109
vn 0.2448 0.8859 0.3939
vn -0.2178 0.8138 -0.5387
vn -0.1433 0.8633 -0.4839
vn 0.0336 0.9955 -0.0887
vn 0.0314 0.9957 -0.0875
vn -0.2860 0.9029 -0.3209
vn -0.2861 0.9028 -0.3211
vn -0.2861 0.9027 -0.3213
vn 0.4865 0.7106 0.5083
vn 0.4844 0.8567 0.1774
vn -0.6268 0.7360 -0.2558
vn -0.5820 0.7784 -0.2353
vn -0.3123 0.9411 -0.1296
vn 0.2995 0.9532 0.0413
vn 0.2996 0.9532 0.0414
vn 0.2996 0.9532 0.0415
vn 0.2995 0.9532 0.0414
vn 0.4577 0.8447 -0.2775
vn -0.4204 0.8943 0.1532
vn 0.2963 0.9335 -0.2018
vn 0.1445 0.9581 0.2471
vn 0.0172 0.5789 -0.8152
vn 0.0171 0.5789 -0.8152
vn -0.2374 0.9326 0.2717
vn -0.0388 0.9338 0.3558
vn -0.4989 0.7999 0.3335
vn -0.2645 0.0948 0.9597
vn -0.0074 0.8509 0.5253
vn -0.1834 0.7431 -0.6435
vn -0.1835 0.7431 -0.6435
vn -0.3120 0.9497 -0.0281
vn -0.5792 0.7373 0.3477
vn -0.5793 0.7372 0.3478
vn -0.2420 0.7332 -0.6355
vn -0.4055 0.6954 -0.5933
vn -0.3301 0.6168 -0.7145
vn 0.4259 0.8717 -0.2423
vn 0.4235 0.8123 0.4010
vn -0.1152 0.9864 -0.1176
vn -0.1259 0.9861 -0.1089
vn 0.5999 0.7983 0.0529
vn 0.1386 0.9479 0.2868
vn 0.1234 0.9551 0.2692
vn -0.8136 0.5814 0.0007
vn 0.1164 0.9888 -0.0930
vn -0.0543 0.6145 -0.7871
vn -0.0543 0.6144 -0.7872
vn -0.0543 0.6144 -0.7871
vn 0.1658 0.4049 -0.8992
vn -0.0199 0.8027 -0.5960
vn -0.3298 0.8645 -0.3792
vn -0.2426 0.9602 0.1385
vn -0.0605 0.7019 -0.7097
vn -0.0744 0.9803 0.1829
vn -0.0720 0.5734 0.8161
vn 0.3018 0.8910 0.3392
vn 0.0319 0.7518 0.6586
vn -0.0114 0.9085 0.4177
vn -0.0804 0.8668 0.4921
vn -0.7714 0.6245 -0.1223
vn -0.3991 0.9090 0.1201
vn -0.4169 0.9088 0.0156
vn -0.4808 0.7553 -0.4453
vn -0.3656 0.7887 -0.4942
vn -0.2590 0.6720 -0.6938
vn -0.3594 0.9320 -0.0475
vn -0.0413 0.9987 -0.0305
vn -0.0412 0.9987 -0.0305
vn 0.9137 0.4054 0.0267
vn -0.4913 0.8166 0.3030
vn -0.4914 0.8165 0.3030
vn 0.7759 0.5174 -0.3609
vn -0.0354 0.8374 -0.5455
vn 0.1792 0.9492 -0.2585
vn 0.2357 0.8760 -0.4208
vn -0.3831 0.5565 0.7372
vn -0.3831 0.5565 0.7373
vn -0.3831 0.5564 0.7373
vn -0.3419 0.5109 0.7887
vn 0.1630 0.6735 -0.7210
vn 0.1629 0.6732 -0.7213
vn -0.4450 0.8550 0.2662
vn -0.5753 0.7692 0.2781
vn -0.1472 0.4321 -0.8897
vn -0.1767 0.9691 -0.1721
vn -0.2454 0.9460 -0.2118
vn -0.8627 0.4974 0.0913
vn -0.8627 0.4974 0.0914
vn 0.2948 0.9545 0.0452
vn 0.1946 0.8191 -0.5396
vn 0.0558 0.9790 -0.1963
vn 0.5722 0.8169 0.0728
vn -0.4309 0.8981 0.0880
vn -0.4306 0.8982 0.0881
vn -0.4307 0.8982 0.0881
vn -0.2561 0.9500 -0.1784
vn -0.1430 0.9865 -0.0793
vn -0.6813 0.7033 -0.2032
vn -0.7356 0.6552 -0.1719
vn -0.4819 0.8202 0.3084
vn 0.5077 -0.5502 0.6629
vn -0.1937 0.1368 -0.9715
vn -0.2121 -0.7013 -0.6806
vn 0.7729 0.3140 0.5514
vn 0.8234 0.3674 0.4325
vn -0.3899 0.2362 -0.8900
vn 0.9795 0.1499 0.1344
vn 0.7137 -0.6092 0.3457
vn -0.5018 -0.5450 -0.6717
vn -0.3899 0.2362 -0.8901
vn 0.9488 0.2885 0.1286
vn -0.5019 -0.5450 -0.6717
vn 0.2681 -0.1580 -0.9503
vn 0.9795 0.1498 0.1345
vn -0.2122 -0.7014 -0.6805
vn -0.1938 0.1368 -0.9715
vn 0.9795 0.1499 0.1345
vn 0.5678 -0.8023 -0.1842
vn -0.0879 0.2807 0.9558
vn -0.2443 0.3092 -0.9191
vn 0.7137 -0.6092 0.3456
vn -0.0087 -0.6836 0.7298
vn 0.5647 0.8203 0.0911
vn 0.2681 -0.1581 -0.9503
vn -0.4942 0.5394 -0.6818
vn -0.3382 0.3717 -0.8645
vn -0.5275 -0.1532 -0.8356
vn 0.2682 -0.1581 -0.9503
vn 0.5646 0.8203 0.0912
vn -0.2442 0.3091 -0.9191
vn -0.2801 0.2380 0.9300
vn 0.1145 -0.5563 -0.8230
vn -0.0458 -0.5767 0.8157
vn 0.5420 0.1447 0.8278
vn 0.0228 0.6755 -0.7370
vn -0.5516 -0.8284 -0.0978
vn -0.0088 -0.6836 0.7298
vn -0.5275 -0.1533 -0.8356
vn -0.2802 0.2380 0.9300
vn 0.1146 -0.5563 -0.8230
vn -0.6205 0.2592 -0.7401
vn -0.0000 1.0000 -0.0000
vn -0.5517 -0.8283 -0.0979
vn -0.5274 -0.1532 -0.8357
vn -0.2442 0.3092 -0.9191
vn -0.0000 -1.0000 -0.0000
vn 0.5419 0.1447 0.8279
vn 0.0229 0.6755 -0.7370
vn 0.5646 0.8203 0.0913
vn -0.0778 -0.5858 -0.8067
vn -0.4013 0.2238 0.8882
vn -0.2225 -0.6178 0.7542
vn -0.2443 0.3091 -0.9191
vn -0.3381 0.3717 -0.8646
vn -0.2802 0.2379 0.9300
vn -0.7525 0.1276 -0.6461
vn -0.4917 -0.6403 -0.5901
vn -0.0458 -0.5767 0.8156
vn -0.2801 0.2379 0.9300
vn -0.6206 0.2592 -0.7401
vn -0.2226 -0.6178 0.7542
vn -0.7261 -0.0176 0.6874
vn -0.4916 -0.6402 -0.5903
vn -0.4014 0.2238 0.8882
vn -0.7526 0.1277 -0.6460
vn -0.4013 0.2237 0.8882
vn -0.5240 -0.8014 -0.2883
vn 0.7194 0.3153 -0.6189
vn -0.4068 0.2678 0.8734
vn -0.4916 -0.6403 -0.5902
vn 0.3003 -0.7879 -0.5377
vn -0.3490 0.8156 -0.4614
vn -0.7260 -0.0175 0.6874
vn -0.1159 0.5091 0.8529
vn -0.5239 -0.8015 -0.2883
vn -0.3562 0.3953 0.8467
vn -0.3490 0.8156 -0.4615
vn 0.0170 -0.0398 0.9991
vn -0.4069 0.2677 0.8734
vn 0.9003 0.1182 -0.4190
vn -0.7101 -0.5619 0.4243
vn -0.7101 -0.5619 0.4242
vn 0.9002 0.1182 -0.4190
vn 0.6658 -0.6599 -0.3482
vn -0.0332 0.0338 -0.9989
vn -0.3163 0.7817 0.5374
vn 0.3346 -0.8215 0.4617
vn 0.3003 -0.7880 -0.5375
vn 0.0169 -0.0398 0.9991
vn 0.9003 0.1182 -0.4189
vn -0.2399 0.3947 0.8869
vn 0.3346 -0.8216 0.4616
vn 0.0170 -0.0399 0.9991
vn -0.4069 0.2678 0.8734
vn 0.3003 -0.7879 -0.5376
vn -0.3163 0.7817 0.5375
vn -0.3491 0.8156 -0.4614
vn -0.6195 -0.4891 0.6141
vn 0.9595 0.1673 -0.2268
vn 0.7262 -0.6581 -0.1988
vn 0.9003 0.1181 -0.4190
vn -0.0494 0.2607 0.9642
vn -0.1649 -0.5413 0.8245
vn 0.9594 0.1675 -0.2269
vn -0.6194 -0.4892 0.6140
vn 0.9594 0.1673 -0.2269
vn 0.9898 -0.0123 0.1417
vn 0.9595 0.1673 -0.2269
vn -0.6195 -0.4891 0.6140
vn 0.7261 -0.6582 -0.1989
vn 0.9594 0.1672 -0.2270
vn -0.0493 0.2607 0.9642
vn 0.2215 -0.7862 0.5770
vn -0.9609 0.2742 -0.0395
vn 0.9039 0.3026 -0.3023
vn -0.1650 -0.5414 0.8244
vn -0.6164 -0.7629 0.1951
vn -0.1195 0.8724 0.4739
vn 0.9898 -0.0125 0.1418
vn 0.6485 0.5290 -0.5473
vn 0.2216 -0.7862 0.5770
vn 0.8432 0.3610 -0.3985
vn 0.9898 -0.0123 0.1418
vn 0.7589 -0.1207 -0.6399
vn 0.9898 -0.0124 0.1418
vn -0.1197 0.8723 0.4740
vn 0.9039 0.3025 -0.3023
vn -0.9447 0.2308 -0.2331
vn 0.8300 -0.5525 0.0760
vn -0.8127 -0.5823 -0.0229
vn -0.7473 0.1152 0.6545
vn 0.6276 0.7574 -0.1802
vn 0.1302 -0.8780 -0.4606
vn -0.6164 -0.7629 0.1950
vn 0.7589 -0.1209 -0.6399
vn 0.8300 -0.5525 0.0761
vn 0.7067 0.2783 -0.6504
vn 0.1303 -0.8780 -0.4605
vn 0.7589 -0.1208 -0.6399
vn 0.8300 -0.5526 0.0761
vn -0.7474 0.1152 0.6543
vn 0.6278 0.7572 -0.1802
vn -0.1196 0.8724 0.4739
vn 0.8100 -0.5852 -0.0380
vn -0.8966 0.1347 -0.4220
vn -0.6318 -0.6785 -0.3747
vn 0.8431 0.3611 -0.3985
vn -0.9447 0.2307 -0.2331
vn 0.7331 0.2422 -0.6355
vn 0.6823 -0.5180 -0.5159
vn -0.8126 -0.5823 -0.0228
vn -0.9447 0.2307 -0.2330
vn -0.8966 0.1346 -0.4219
vn -0.6202 0.0307 -0.7838
vn -0.8965 0.1347 -0.4220
vn -0.6317 -0.6786 -0.3748
vn 0.7332 0.2422 -0.6355
vn 0.1732 -0.8150 -0.5529
vn 0.7318 0.2881 0.6176
vn -0.8796 0.3185 -0.3533
vn 0.6822 -0.5181 -0.5159
vn 0.5803 -0.7903 0.1966
vn 0.4146 0.8930 -0.1748
vn -0.6317 -0.6787 -0.3747
vn 0.7330 0.2424 -0.6355
vn -0.6202 0.0308 -0.7838
vn -0.8389 0.5443 -0.0019
vn -0.8990 0.3756 -0.2251
vn 0.4146 0.8930 -0.1749
vn -0.9927 -0.1084 -0.0539
vn -0.8796 0.3184 -0.3534
vn 0.6069 0.2556 0.7525
vn -0.6216 -0.5623 -0.5454
vn 0.6552 -0.5554 0.5120
vn 0.9937 0.1058 0.0377
vn -0.5786 0.7872 -0.2134
vn -0.4143 -0.8959 0.1605
vn 0.5801 -0.7905 0.1966
vn -0.9927 -0.1083 -0.0539
vn 0.6069 0.2557 0.7525
vn -0.9583 0.2651 0.1070
vn -0.4140 -0.8960 0.1605
vn -0.9926 -0.1085 -0.0538
vn -0.8797 0.3184 -0.3533
vn -0.6216 -0.5624 -0.5454
vn 0.9937 0.1057 0.0377
vn 0.5803 -0.7904 0.1965
vn -0.5788 0.7871 -0.2134
vn 0.4146 0.8931 -0.1749
vn -0.7004 -0.5963 -0.3922
vn 0.4995 0.2171 0.8387
vn 0.4779 -0.6385 0.6033
vn -0.9671 0.1044 0.2321
vn -0.7422 -0.6550 0.1423
vn 0.6552 -0.5555 0.5120
vn 0.4994 0.2171 0.8387
vn 0.2195 0.0197 0.9754
vn -0.7422 -0.6550 0.1421
vn -0.9671 0.1043 0.2321
vn -0.5262 -0.8196 0.2268
vn -0.0237 0.3078 -0.9511
vn 0.4257 0.2664 0.8648
vn -0.7421 -0.6550 0.1422
vn -0.2949 -0.8253 -0.4816
vn -0.6251 0.7749 0.0936
vn 0.2195 0.0196 0.9754
vn 0.5600 0.5368 0.6311
vn -0.5261 -0.8196 0.2268
vn 0.4045 0.3977 0.8236
vn -0.7422 -0.6549 0.1421
vn -0.6253 0.7748 0.0935
vn 0.9075 0.0377 0.4184
vn 0.2746 0.1299 -0.9527
vn -0.1225 -0.5701 0.8124
vn 0.2184 -0.6538 -0.7245
vn -0.9137 -0.0436 -0.4040
vn 0.2882 0.8184 0.4972
vn 0.6194 -0.7811 -0.0790
vn -0.2947 -0.8254 -0.4815
vn 0.9074 0.0376 0.4185
vn 0.2747 0.1300 -0.9527
vn -0.1224 -0.5700 0.8124
vn 0.4897 0.4179 0.7652
vn 0.6194 -0.7811 -0.0792
vn 0.9075 0.0374 0.4184
vn 0.4044 0.3976 0.8236
vn -0.9137 -0.0435 -0.4040
vn 0.2883 0.8183 0.4972
vn 0.0552 -0.4743 0.8786
vn 0.4857 0.1771 -0.8560
vn 0.3954 -0.6675 -0.6310
vn 0.2747 0.1299 -0.9527
vn 0.6414 0.2926 0.7092
vn 0.5122 -0.4765 0.7146
vn 0.2183 -0.6538 -0.7244
vn 0.4898 0.4178 0.7652
vn 0.4856 0.1770 -0.8561
vn 0.8022 0.0343 -0.5961
vn 0.6415 0.2925 0.7092
vn 0.4856 0.1770 -0.8560
vn 0.6414 0.2925 0.7092
vn 0.5732 -0.8030 0.1633
vn -0.5721 0.3096 0.7595
vn 0.2094 0.2628 -0.9419
vn 0.5121 -0.4766 0.7146
vn -0.1972 -0.7718 0.6045
vn 0.0889 0.9210 0.3792
vn 0.8022 0.0342 -0.5960
vn -0.0670 0.5163 -0.8538
vn 0.5732 -0.8030 0.1632
vn 0.1720 0.3917 -0.9039
vn 0.1411 -0.1527 -0.9781
vn 0.8022 0.0343 -0.5960
vn 0.0888 0.9210 0.3793
vn 0.2094 0.2627 -0.9419
vn -0.7917 0.1235 0.5984
vn 0.5981 -0.5649 -0.5684
vn -0.5988 -0.6368 0.4858
vn -0.1242 0.1511 0.9807
vn 0.2140 0.7699 -0.6012
vn -0.0745 -0.9232 -0.3770
vn -0.1973 -0.7719 0.6044
vn 0.1411 -0.1529 -0.9781
vn -0.7917 0.1236 0.5983
vn 0.5982 -0.5648 -0.5684
vn 0.0299 0.4059 -0.9134
vn 0.1411 -0.1528 -0.9781
vn -0.1972 -0.7719 0.6044
vn 0.5039 -0.4749 -0.7216
vn -0.9084 0.1609 0.3860
vn -0.6380 -0.6937 0.3343
vn 0.1720 0.3918 -0.9038
vn -0.7917 0.1235 0.5983
vn -0.1281 0.2117 -0.9689
vn -0.6379 -0.6937 0.3343
vn 0.0315 -0.5644 -0.8249
vn -0.5988 -0.6369 0.4857
vn -0.7916 0.1235 0.5984
vn -0.5988 -0.6368 0.4857
vn -0.9083 0.1610 0.3860
vn -0.6381 -0.6936 0.3344
vn -0.9973 -0.0572 0.0452
vn 0.0316 -0.5644 -0.8249
vn -0.9084 0.1610 0.3860
vn 0.5038 -0.4749 -0.7215
vn -0.6379 -0.6937 0.3344
vn -0.9083 0.1609 0.3860
vn -0.1281 0.2116 -0.9689
vn -0.3056 -0.8160 -0.4907
vn 0.9315 0.3154 -0.1814
vn -0.7854 0.2605 0.5616
vn 0.5947 -0.7493 -0.2914
vn -0.0089 0.8588 -0.5121
vn -0.9973 -0.0573 0.0452
vn -0.5305 0.5248 0.6657
vn -0.7402 0.3999 0.5405
vn 0.0316 -0.5645 -0.8249
vn -0.0089 0.8588 -0.5122
vn -0.6120 -0.1217 0.7814
vn -0.7854 0.2604 0.5616
vn 0.9874 0.1207 0.1024
vn -0.8189 -0.5736 0.0172
vn -0.8189 -0.5737 0.0171
vn 0.9874 0.1207 0.1025
vn 0.7631 -0.6415 0.0788
vn 0.5990 0.1158 -0.7924
vn -0.6081 0.7429 0.2800
vn -0.0032 -0.8648 0.5021
vn 0.5948 -0.7493 -0.2913
vn -0.6120 -0.1219 0.7814
vn 0.9874 0.1206 0.1025
vn -0.8189 -0.5736 0.0171
vn -0.6564 0.4212 0.6258
vn -0.0033 -0.8648 0.5020
vn -0.6120 -0.1217 0.7815
vn -0.8190 -0.5736 0.0172
vn 0.5989 0.1158 -0.7924
vn 0.5948 -0.7492 -0.2913
vn -0.6080 0.7430 0.2800
vn -0.8576 -0.4689 0.2115
vn 0.9264 0.1850 0.3279
vn 0.7102 -0.6734 0.2054
vn -0.7853 0.2605 0.5616
vn -0.7402 0.4000 0.5405
vn 0.9874 0.1206 0.1024
vn -0.5530 0.2397 0.7979
vn -0.6001 -0.5357 0.5941
vn 0.7630 -0.6415 0.0787
vn 0.7631 -0.6415 0.0787
vn 0.7439 -0.0299 0.6677
vn 0.9264 0.1851 0.3279
vn -0.8576 -0.4688 0.2115
vn -0.5530 0.2396 0.7980
vn -0.1308 -0.8368 0.5317
vn -0.7755 0.3035 -0.5536
vn 0.8986 0.3087 0.3117
vn -0.6000 -0.5357 0.5941
vn -0.6338 -0.7550 -0.1681
vn -0.3515 0.8951 0.2742
vn 0.7439 -0.0300 0.6676
vn 0.8337 0.5510 -0.0371
vn -0.1307 -0.8368 0.5317
vn 0.9050 0.3862 0.1785
vn 0.7439 -0.0299 0.6676
vn 0.9863 -0.1489 -0.0710
vn -0.6712 0.2526 -0.6969
vn 0.6591 -0.5814 0.4770
vn -0.6525 -0.5635 -0.5067
vn -0.9855 0.1444 0.0891
vn 0.6341 0.7506 0.1859
vn 0.3523 -0.8995 -0.2585
vn -0.6337 -0.7551 -0.1682
vn 0.9863 -0.1487 -0.0709
vn 0.9423 0.3084 -0.1300
vn 0.3521 -0.8995 -0.2585
vn 0.9863 -0.1488 -0.0710
vn 0.9049 0.3863 0.1786
vn -0.6338 -0.7550 -0.1682
vn 0.7507 -0.5969 0.2829
vn -0.5735 0.2562 -0.7781
vn -0.5142 -0.5768 -0.6347
vn 0.8986 0.3087 0.3118
vn -0.6711 0.2525 -0.6970
vn 0.9282 0.1944 -0.3172
vn 0.7476 -0.6186 -0.2415
vn -0.6524 -0.5636 -0.5067
vn 0.9423 0.3084 -0.1299
vn -0.5737 0.2562 -0.7780
vn -0.2977 0.0740 -0.9518
vn -0.5736 0.2562 -0.7781
vn 0.7507 -0.5970 0.2829
vn 0.9282 0.1944 -0.3171
vn -0.5141 -0.5769 -0.6347
vn -0.5736 0.2562 -0.7780
vn 0.4398 -0.8215 -0.3629
vn 0.2874 0.3076 0.9071
vn -0.6492 0.2597 -0.7149
vn 0.7476 -0.6187 -0.2415
vn 0.3393 -0.8272 0.4478
vn 0.6131 0.7760 -0.1483
vn -0.2976 0.0740 -0.9518
vn -0.7111 0.5390 -0.4515
vn 0.4397 -0.8215 -0.3630
vn -0.6139 0.3970 -0.6823
vn -0.9425 0.0371 -0.3322
vn -0.2978 0.0738 -0.9518
vn 0.6128 0.7762 -0.1484
vn -0.6492 0.2596 -0.7150
vn 0.0009 0.1292 0.9916
vn -0.1111 -0.5772 -0.8090
vn -0.0206 -0.6355 0.7718
vn 0.9475 -0.0440 0.3169
vn -0.3345 0.8201 -0.4643
vn -0.6080 -0.7829 0.1320
vn 0.3395 -0.8272 0.4477
vn -0.9424 0.0371 -0.3324
vn -0.6815 0.4308 -0.5916
vn -0.6082 -0.7827 0.1320
vn -0.9424 0.0373 -0.3323
vn -0.1110 -0.5772 -0.8090
vn 0.9475 -0.0439 0.3168
vn 0.3393 -0.8273 0.4478
vn -0.3343 0.8201 -0.4643
vn -0.2833 -0.4614 -0.8407
vn -0.2582 0.1820 0.9488
vn -0.2124 -0.6424 0.7363
vn -0.6491 0.2597 -0.7150
vn -0.6138 0.3971 -0.6823
vn -0.8203 0.3234 -0.4718
vn -0.2124 -0.6425 0.7362
vn -0.5160 -0.4919 -0.7013
vn -0.0207 -0.6356 0.7717
vn -0.7457 -0.0994 0.6589
vn -0.5160 -0.4918 -0.7014
vn -0.2832 -0.4615 -0.8407
vn -0.2124 -0.6425 0.7363
vn -0.5166 -0.8536 -0.0676
vn 0.4520 0.3165 -0.8340
vn -0.2145 0.3188 0.9232
vn -0.5160 -0.4918 -0.7013
vn 0.3451 -0.6642 -0.6631
vn -0.2395 0.9238 -0.2988
vn 0.1146 0.5565 0.8229
vn -0.5165 -0.8536 -0.0675
vn -0.0832 0.3977 0.9137
vn -0.1360 -0.2684 0.9537
vn -0.2146 0.3187 0.9232
vn 0.6219 0.2502 -0.7421
vn -0.3998 -0.5808 0.7091
vn 0.6219 0.2502 -0.7420
vn 0.4417 -0.5591 -0.7016
vn 0.1185 0.2634 -0.9574
vn -0.3592 0.6604 0.6594
vn 0.2263 -0.9284 0.2948
vn 0.3452 -0.6642 -0.6631
vn -0.1360 -0.2685 0.9536
vn 0.2306 0.3218 0.9183
vn -0.1362 -0.2685 0.9536
vn -0.0833 0.3978 0.9137
vn -0.2146 0.3188 0.9232
vn -0.3998 -0.5809 0.7091
vn 0.1186 0.2634 -0.9574
vn -0.3593 0.6603 0.6594
vn -0.2036 -0.5795 0.7891
vn 0.7167 0.2670 -0.6442
vn 0.5523 -0.5926 -0.5864
vn -0.2145 0.3187 0.9233
vn -0.0833 0.3977 0.9137
vn 0.6219 0.2501 -0.7421
vn 0.4196 0.1725 0.8912
vn 0.5522 -0.5926 -0.5864
vn 0.2576 -0.5969 0.7598
vn 0.2305 0.3218 0.9183
vn -0.2035 -0.5795 0.7892
vn 0.7168 0.2669 -0.6442
vn 0.9453 0.0538 -0.3217
vn -0.2035 -0.5795 0.7891
vn 0.4196 0.1724 0.8912
vn 0.7167 0.2669 -0.6442
vn 0.4195 0.1724 0.8912
vn 0.3613 -0.8258 0.4330
vn -0.9136 0.2931 0.2817
vn 0.7658 0.3021 -0.5677
vn -0.3972 -0.8244 0.4033
vn -0.0109 0.8601 0.5100
vn 0.9453 0.0537 -0.3217
vn 0.4629 0.5513 -0.6941
vn 0.3614 -0.8258 0.4330
vn 0.6861 0.3853 -0.6171
vn 0.9453 0.0539 -0.3217
vn 0.4419 -0.0436 -0.8960
vn 0.9453 0.0536 -0.3217
vn -0.0108 0.8602 0.5099
vn 0.7660 0.3020 -0.5676
vn -0.9688 0.2316 0.0879
vn 0.7891 -0.5752 -0.2154
vn -0.7814 -0.5728 0.2474
vn -0.4239 0.0396 0.9049
vn 0.4143 0.8203 -0.3943
vn 0.0258 -0.8642 -0.5025
vn -0.3974 -0.8242 0.4035
vn 0.4418 -0.0437 -0.8961
vn -0.9689 0.2315 0.0878
vn 0.7892 -0.5751 -0.2153
vn 0.4591 0.2714 -0.8459
vn 0.0259 -0.8641 -0.5026
vn 0.4420 -0.0434 -0.8960
vn 0.7659 0.3021 -0.5676
vn 0.7892 -0.5752 -0.2154
vn -0.4242 0.0396 0.9047
vn 0.4143 0.8203 -0.3942
vn 0.6476 -0.5872 -0.4855
vn -0.9453 0.3260 -0.0045
vn -0.7886 -0.5368 0.2999
vn 0.6860 0.3853 -0.6172
vn -0.9689 0.2315 0.0879
vn 0.1115 0.0097 -0.9937
vn 0.2013 -0.7320 -0.6509
vn -0.7814 -0.5730 0.2473
vn -0.9689 0.2314 0.0879
vn -0.7814 -0.5729 0.2474
vn -0.9453 0.3261 -0.0045
vn -0.9706 -0.0065 -0.2405
vn -0.9454 0.3260 -0.0045
vn 0.6477 -0.5872 -0.4855
vn 0.1115 0.0098 -0.9937
vn -0.7887 -0.5367 0.2999
vn -0.9453 0.3262 -0.0044
vn -0.0625 -0.8705 -0.4881
vn 0.9123 0.3267 0.2470
vn -0.9251 0.3566 0.1301
vn 0.2013 -0.7321 -0.6508
vn 0.5866 -0.8073 0.0641
vn 0.2427 0.7453 -0.6210
vn -0.9706 -0.0066 -0.2405
vn -0.7712 0.5740 0.2753
vn -0.0626 -0.8705 -0.4881
vn -0.8954 0.4316 0.1090
vn -0.8462 0.0471 0.5308
vn -0.9706 -0.0069 -0.2404
vn 0.2423 0.7454 -0.6210
vn 0.7901 0.1731 0.5880
vn -0.7571 -0.5337 -0.3767
vn 0.7902 0.1731 0.5879
vn 0.6177 -0.6826 0.3905
vn 0.8373 -0.0548 -0.5440
vn -0.5952 0.7999 -0.0772
vn -0.2501 -0.7525 0.6093
vn 0.5867 -0.8073 0.0641
vn -0.8461 0.0473 0.5308
vn 0.7902 0.1732 0.5879
vn -0.9026 0.3673 0.2246
vn -0.2504 -0.7523 0.6093
vn -0.8462 0.0474 0.5307
vn -0.9251 0.3567 0.1301
vn -0.7571 -0.5338 -0.3766
vn 0.8372 -0.0547 -0.5442
vn -0.5950 0.8000 -0.0771
vn -0.8365 -0.4964 -0.2321
vn 0.6687 0.1542 0.7274
vn 0.5298 -0.6810 0.5055
vn -0.8954 0.4317 0.1090
vn -0.8694 0.2171 0.4440
vn -0.7257 -0.5679 0.3883
vn 0.6177 -0.6827 0.3905
vn 0.6176 -0.6827 0.3905
vn 0.6687 0.1543 0.7274
vn 0.4864 0.0374 0.8729
vn -0.7258 -0.5679 0.3883
vn -0.8364 -0.4964 -0.2322
vn -0.8693 0.2171 0.4440
vn -0.3712 -0.8699 0.3249
vn -0.3146 0.3128 -0.8962
vn 0.5194 0.3127 0.7952
vn -0.4872 -0.8136 -0.3171
vn -0.5101 0.8204 0.2585
vn 0.4864 0.0373 0.8729
vn 0.6608 0.5757 0.4816
vn -0.3711 -0.8699 0.3249
vn 0.6006 0.3989 0.6929
vn 0.9957 -0.0175 0.0906
vn -0.1496 0.2787 -0.9486
vn 0.2894 -0.5924 0.7519
vn -0.2245 -0.5328 -0.8159
vn -0.9970 0.0126 -0.0761
vn 0.4864 0.8074 0.3339
vn 0.5096 -0.8255 -0.2427
vn -0.4872 -0.8137 -0.3171
vn 0.9957 -0.0175 0.0907
vn -0.1496 0.2787 -0.9487
vn 0.2894 -0.5923 0.7519
vn 0.8354 0.3337 0.4367
vn 0.6006 0.3990 0.6929
vn -0.9970 0.0126 -0.0762
vn -0.4872 -0.8136 -0.3172
vn 0.4863 0.8075 0.3339
vn -0.5101 0.8203 0.2585
vn 0.4916 -0.5855 0.6447
vn -0.0304 0.3139 -0.9490
vn -0.0929 -0.5671 -0.8184
vn 0.5194 0.3127 0.7953
vn -0.1497 0.2786 -0.9487
vn 0.9524 0.1697 0.2533
vn 0.7596 -0.5997 0.2515
vn -0.2244 -0.5328 -0.8159
vn -0.1496 0.2786 -0.9487
vn 0.3419 0.0967 -0.9347
vn -0.0303 0.3139 -0.9490
vn 0.4916 -0.5855 0.6446
vn 0.9524 0.1696 0.2534
vn -0.0930 -0.5671 -0.8184
vn -0.0304 0.3138 -0.9490
vn 0.9524 0.1696 0.2533
vn 0.5221 -0.8490 -0.0813
vn -0.2215 0.3044 0.9264
vn -0.0507 0.3164 -0.9473
vn 0.7596 -0.5998 0.2515
vn 0.0726 -0.8467 0.5271
vn 0.3947 0.8462 0.3580
vn 0.3419 0.0967 -0.9348
vn -0.3283 0.5641 -0.7576
vn 0.5220 -0.8490 -0.0814
vn -0.1593 0.3925 -0.9059
vn 0.3948 0.8461 0.3581
vn -0.4342 -0.0061 -0.9008
vn -0.0506 0.3164 -0.9473
vn -0.4103 0.2574 0.8749
vn 0.2022 -0.5765 -0.7917
vn -0.2540 -0.5490 0.7963
vn 0.4513 0.0030 0.8924
vn -0.0556 0.8432 -0.5347
vn -0.3803 -0.8497 -0.3652
vn -0.4343 -0.0064 -0.9007
vn -0.4104 0.2573 0.8749
vn 0.2022 -0.5764 -0.7917
vn -0.4648 0.3308 -0.8213
vn -0.3802 -0.8497 -0.3652
vn -0.4342 -0.0063 -0.9008
vn 0.2023 -0.5765 -0.7917
vn 0.4512 0.0029 0.8924
vn -0.0555 0.8431 -0.5348
vn 0.3948 0.8462 0.3580
vn 0.0350 -0.5739 -0.8182
vn -0.5566 0.2415 0.7949
vn -0.3773 -0.6463 0.6632
vn -0.1593 0.3925 -0.9058
vn -0.4104 0.2572 0.8749
vn -0.5973 0.1324 -0.7910
vn -0.3773 -0.6463 0.6633
vn -0.4995 -0.6223 -0.6026
vn -0.2540 -0.5491 0.7962
vn -0.4103 0.2573 0.8749
vn -0.4649 0.3308 -0.8213
vn -0.2541 -0.5491 0.7962
vn -0.5566 0.2414 0.7949
vn -0.7749 0.0715 0.6281
vn -0.5567 0.2415 0.7949
vn 0.0351 -0.5739 -0.8182
vn -0.5972 0.1323 -0.7911
vn -0.5973 0.1323 -0.7910
vn -0.3801 -0.8879 -0.2592
vn 0.7954 0.3172 -0.5164
vn -0.6393 0.3283 0.6953
vn -0.4995 -0.6224 -0.6026
vn 0.2187 -0.8526 -0.4746
vn -0.3124 0.7958 -0.5187
vn -0.7749 0.0714 0.6281
vn -0.3353 0.5923 0.7326
vn -0.5497 0.4130 0.7261
vn -0.3124 0.7958 -0.5188
vn 0.0596 0.0466 0.9971
vn -0.6394 0.3283 0.6953
vn 0.9010 0.2773 -0.3337
vn -0.6778 -0.5856 0.4447
vn 0.7388 -0.5642 -0.3686
vn -0.0755 -0.0513 -0.9958
vn -0.2367 0.8467 0.4765
vn 0.2962 -0.8006 0.5209
vn 0.2187 -0.8526 -0.4745
vn 0.0597 0.0467 0.9971
vn 0.9010 0.2772 -0.3337
vn -0.6778 -0.5855 0.4447
vn -0.2795 0.3265 0.9030
vn 0.2962 -0.8007 0.5208
vn 0.0597 0.0465 0.9971
vn -0.5498 0.4131 0.7261
vn -0.6777 -0.5856 0.4447
vn -0.0755 -0.0512 -0.9958
vn 0.2188 -0.8525 -0.4747
vn -0.2367 0.8468 0.4764
vn -0.3125 0.7958 -0.5187
vn -0.4814 -0.5781 0.6588
vn 0.8973 0.3570 -0.2595
vn 0.7367 -0.5672 -0.3681
vn -0.6393 0.3282 0.6954
vn 0.9010 0.2772 -0.3336
vn 0.0476 0.0959 0.9943
vn 0.7367 -0.5673 -0.3681
vn 0.1745 -0.6021 0.7792
vn 0.7387 -0.5643 -0.3685
vn -0.2794 0.3265 0.9029
vn 0.7388 -0.5643 -0.3686
vn 0.7387 -0.5643 -0.3686
vn -0.2793 0.3265 0.9030
vn 0.8974 0.3569 -0.2595
vn 0.9724 0.2121 -0.0971
vn 0.1745 -0.6021 0.7791
vn -0.4814 -0.5781 0.6589
vn 0.0386 -0.8802 0.4730
vn -0.9021 0.3373 -0.2693
vn 0.9298 0.3599 -0.0767
vn -0.2742 -0.9104 0.3098
vn -0.2313 0.8050 0.5463
vn 0.7835 0.5731 -0.2402
vn 0.8970 0.4364 -0.0710
vn 0.1744 -0.6020 0.7792
vn -0.2312 0.8050 0.5463
vn 0.5359 0.1034 -0.8379
vn -0.7817 0.1828 -0.5962
vn 0.7443 -0.5484 0.3811
vn -0.6135 -0.6551 -0.4410
vn -0.5216 -0.1043 0.8468
vn 0.2906 0.9087 -0.2995
vn 0.2453 -0.8061 -0.5385
vn -0.2740 -0.9104 0.3099
vn 0.5360 0.1035 -0.8379
vn -0.7817 0.1828 -0.5963
vn 0.7443 -0.5484 0.3812
vn 0.8966 0.3962 -0.1976
vn 0.2454 -0.8060 -0.5387
vn 0.5360 0.1034 -0.8379
vn 0.8969 0.4365 -0.0709
vn -0.5215 -0.1043 0.8468
vn -0.2741 -0.9104 0.3098
vn 0.2905 0.9088 -0.2994
vn 0.8261 -0.4948 0.2697
vn -0.6355 0.1589 -0.7556
vn -0.4514 -0.6991 -0.5545
vn 0.9298 0.3600 -0.0768
vn 0.8969 0.4364 -0.0710
vn -0.7818 0.1827 -0.5962
vn 0.9071 0.2384 -0.3470
vn 0.7796 -0.5036 -0.3722
vn -0.6135 -0.6551 -0.4409
vn 0.8966 0.3963 -0.1976
vn -0.6356 0.1589 -0.7555
vn -0.4225 0.0828 -0.9026
vn -0.6354 0.1590 -0.7556
vn 0.8261 -0.4948 0.2698
vn 0.9071 0.2384 -0.3469
vn -0.4513 -0.6992 -0.5545
vn -0.6356 0.1588 -0.7555
vn 0.9070 0.2386 -0.3470
vn 0.1760 -0.8961 -0.4075
vn 0.6652 0.3398 0.6649
vn -0.8324 0.3715 -0.4112
vn 0.7796 -0.5036 -0.3723
vn 0.5220 -0.8225 0.2259
vn 0.4606 0.8860 -0.0538
vn -0.4514 -0.6991 -0.5546
vn -0.7879 0.5864 -0.1880
vn 0.1760 -0.8960 -0.4076
vn -0.8112 0.4403 -0.3848
vn 0.4604 0.8861 -0.0539
vn -0.9758 -0.0681 -0.2078
vn 0.4121 0.2134 0.8858
vn -0.4922 -0.5548 -0.6708
vn 0.3547 -0.6363 0.6850
vn 0.9793 0.0659 0.1913
vn -0.5178 0.8196 -0.2452
vn -0.4584 -0.8879 0.0375
vn -0.9758 -0.0680 -0.2078
vn 0.4121 0.2133 0.8858
vn -0.4921 -0.5548 -0.6709
vn -0.8936 0.3793 -0.2400
vn -0.4579 -0.8882 0.0373
vn -0.9758 -0.0679 -0.2078
vn -0.8111 0.4404 -0.3848
vn 0.9793 0.0658 0.1914
vn -0.5178 0.8196 -0.2453
vn -0.6219 -0.5123 -0.5923
vn 0.2261 0.1972 0.9539
vn 0.1584 -0.6351 0.7560
vn -0.8325 0.3715 -0.4111
vn -0.8111 0.4404 -0.3849
vn -0.9553 0.2819 -0.0891
vn 0.1583 -0.6352 0.7560
vn -0.8471 -0.4859 -0.2151
vn 0.3547 -0.6364 0.6849
vn 0.3547 -0.6364 0.6850
vn 0.2262 0.1972 0.9539
vn -0.2456 0.0544 0.9678
vn -0.8470 -0.4861 -0.2151
vn -0.9553 0.2819 -0.0892
vn 0.1583 -0.6352 0.7559
vn -0.4231 -0.9001 0.1040
vn 0.1715 0.3100 -0.9351
vn 0.0340 0.3175 0.9477
vn -0.8470 -0.4860 -0.2151
vn -0.2399 -0.7847 -0.5716
vn -0.2300 0.9253 -0.3016
vn 0.2754 0.6105 0.7426
vn -0.4231 -0.9001 0.1041
vn 0.1266 0.4082 0.9041
vn -0.8471 -0.4860 -0.2152
vn -0.2300 0.9253 -0.3015
vn 0.4365 -0.1413 0.8886
vn 0.0341 0.3175 0.9477
vn 0.3419 0.3080 -0.8878
vn -0.0967 -0.5958 0.7973
vn 0.2726 -0.5206 -0.8091
vn -0.4542 0.1413 -0.8796
vn 0.2227 0.7842 0.5791
vn 0.2160 -0.9265 0.3081
vn -0.2400 -0.7846 -0.5716
vn 0.4364 -0.1413 0.8886
vn 0.4610 0.3680 0.8075
vn 0.2159 -0.9265 0.3081
vn 0.4365 -0.1413 0.8885
vn 0.1266 0.4083 0.9040
vn -0.4543 0.1413 -0.8796
vn 0.2228 0.7842 0.5791
vn -0.2299 0.9253 -0.3015
vn 0.1194 -0.5721 0.8115
vn 0.4537 0.3406 -0.8235
vn 0.4393 -0.5211 -0.7318
vn 0.0341 0.3174 0.9477
vn 0.3420 0.3079 -0.8878
vn 0.6348 0.2788 0.7206
vn 0.4493 -0.5396 0.7120
vn 0.2726 -0.5207 -0.8091
vn 0.4536 0.3406 -0.8235
vn 0.8617 0.1164 -0.4940
vn 0.4537 0.3405 -0.8235
vn 0.1193 -0.5721 0.8115
vn 0.6348 0.2789 0.7206
vn 0.4290 -0.8787 0.2094
vn -0.7125 0.3119 0.6286
vn 0.5419 0.3126 -0.7802
vn 0.4493 -0.5396 0.7121
vn -0.2824 -0.8268 0.4864
vn -0.0370 0.8865 0.4612
vn 0.8617 0.1164 -0.4939
vn 0.2096 0.5867 -0.7822
vn 0.4289 -0.8787 0.2094
vn 0.4296 0.4020 -0.8086
vn 0.8616 0.1165 -0.4940
vn 0.3501 -0.0627 -0.9346
vn -0.8268 0.2819 0.4867
vn 0.5902 -0.5928 -0.5480
vn -0.7006 -0.5279 0.4802
vn -0.3328 0.0615 0.9410
vn 0.2975 0.8254 -0.4799
vn 0.0500 -0.8888 -0.4556
vn -0.2823 -0.8269 0.4864
vn 0.3502 -0.0628 -0.9346
vn 0.1213 0.3629 -0.9239
vn 0.0500 -0.8888 -0.4555
vn 0.3502 -0.0627 -0.9346
vn -0.3326 0.0614 0.9411
vn 0.2973 0.8254 -0.4799
vn 0.4588 -0.5722 -0.6798
vn -0.8920 0.2960 0.3416
vn -0.7659 -0.5817 0.2737
vn -0.8268 0.2818 0.4868
vn -0.0059 0.2323 -0.9726
vn 0.0761 -0.5358 -0.8409
vn -0.7006 -0.5278 0.4802
vn -0.8269 0.2818 0.4867
vn 0.1213 0.3630 -0.9239
vn -0.8920 0.2959 0.3416
vn -0.9868 0.1056 -0.1226
vn -0.8920 0.2959 0.3417
vn 0.4588 -0.5721 -0.6798
vn -0.0059 0.2322 -0.9726
vn -0.7659 -0.5817 0.2738
vn -0.0059 0.2324 -0.9726
vn -0.8289 -0.5591 -0.0190
vn 0.9134 -0.2867 -0.2889
vn 0.7513 -0.5101 -0.4188
vn 0.4908 -0.8297 -0.2660
vn 0.3104 0.8909 -0.3315
vn -0.0947 0.9306 0.3536
vn -0.8289 -0.5591 -0.0189
vn 0.6771 -0.6342 -0.3734
vn 0.0761 -0.5357 -0.8409
vn 0.3105 0.8908 -0.3316
vn -0.8209 -0.0628 0.5677
vn 0.9050 0.4252 -0.0094
vn -0.7737 -0.5738 0.2686
vn 0.8665 -0.4727 -0.1602
vn 0.8098 0.0624 -0.5833
vn -0.5005 0.8287 0.2505
vn -0.3191 -0.8924 0.3191
vn 0.4906 -0.8298 -0.2659
vn -0.8209 -0.0627 0.5676
vn 0.9050 0.4252 -0.0095
vn -0.7737 -0.5738 0.2685
vn -0.5255 0.2974 0.7971
vn -0.3189 -0.8925 0.3190
vn -0.8208 -0.0630 0.5677
vn 0.6771 -0.6341 -0.3734
vn 0.8098 0.0624 -0.5834
vn 0.4908 -0.8296 -0.2661
vn -0.5006 0.8286 0.2506
vn 0.3103 0.8910 -0.3315
vn -0.6119 -0.6433 0.4601
vn 0.9206 0.3904 0.0093
vn 0.8768 -0.4792 0.0402
vn 0.7513 -0.5101 -0.4187
vn -0.3765 0.2093 0.9025
vn 0.8769 -0.4790 0.0402
vn -0.2673 -0.5604 0.7839
vn 0.8665 -0.4728 -0.1602
vn 0.8666 -0.4726 -0.1602
vn 0.9206 0.3905 0.0093
vn 0.8769 -0.4791 0.0401
vn 0.8753 0.2334 0.4234
vn -0.2675 -0.5603 0.7839
vn -0.6118 -0.6434 0.4601
vn -0.3764 0.2095 0.9025
vn -0.2084 -0.9117 0.3542
vn -0.5422 0.3158 -0.7786
vn 0.6790 0.3314 0.6551
vn -0.2674 -0.5603 0.7840
vn -0.4375 -0.8937 0.0991
vn -0.4893 0.8283 0.2730
vn 0.8754 0.2335 0.4233
vn 0.7057 0.6183 0.3460
vn 0.7202 0.4143 0.5564
vn -0.2675 -0.5602 0.7839
vn -0.4895 0.8282 0.2731
vn 0.9382 0.0640 -0.3400
vn -0.3696 0.3173 -0.8734
vn 0.4925 -0.5864 0.6430
vn -0.3249 -0.5105 -0.7961
vn -0.9321 -0.0643 0.3566
vn 0.4430 0.8927 -0.0825
vn 0.4942 -0.8299 -0.2589
vn -0.4378 -0.8936 0.0992
vn 0.9383 0.0634 -0.3401
vn -0.3695 0.3172 -0.8734
vn 0.4926 -0.5864 0.6431
vn 0.8628 0.4181 0.2841
vn 0.4948 -0.8295 -0.2590
vn 0.9382 0.0637 -0.3402
vn 0.7202 0.4143 0.5565
vn -0.9321 -0.0641 0.3565
vn 0.4429 0.8928 -0.0825
vn -0.4893 0.8283 0.2729
vn 0.5500 -0.5865 0.5946
vn -0.1348 0.2518 -0.9583
vn 0.1010 -0.5529 -0.8271
vn 0.8675 0.3680 0.3346
vn 0.8278 -0.4541 0.3294
vn -0.1347 0.2518 -0.9584
vn 0.3993 0.1553 -0.9036
vn 0.8675 0.3680 0.3347
vn 0.1010 -0.5530 -0.8271
vn -0.1348 0.2517 -0.9584
vn 0.8675 0.3681 0.3346
vn 0.3151 -0.9049 -0.2863
vn 0.3133 0.3289 0.8909
vn -0.5691 0.3000 -0.7656
vn 0.8278 -0.4542 0.3293
vn 0.1266 -0.8154 0.5649
vn 0.2926 0.8936 0.3404
vn -0.6093 0.6042 -0.5135
vn 0.3150 -0.9049 -0.2864
vn -0.5335 0.4277 -0.7297
vn 0.8279 -0.4540 0.3294
vn 0.2925 0.8937 0.3402
vn -0.3878 -0.0826 -0.9180
vn 0.0290 0.2198 0.9751
vn -0.2012 -0.6135 -0.7636
vn -0.0992 -0.5448 0.8326
vn 0.4038 0.0804 0.9113
vn -0.1110 0.8133 -0.5712
vn -0.2782 -0.8959 -0.3463
vn 0.1264 -0.8154 0.5650
vn -0.3879 -0.0825 -0.9180
vn 0.0288 0.2198 0.9751
vn -0.6169 0.4826 -0.6217
vn -0.2781 -0.8960 -0.3462
vn -0.3878 -0.0825 -0.9181
vn 0.4037 0.0805 0.9113
vn 0.1266 -0.8153 0.5650
vn -0.1109 0.8134 -0.5711
vn 0.2925 0.8936 0.3403
vn -0.3531 -0.4900 -0.7970
vn -0.2051 0.3023 0.9309
vn -0.2592 -0.6331 0.7294
vn -0.5334 0.4277 -0.7297
vn -0.7785 0.2773 -0.5631
vn -0.8211 -0.4279 -0.3778
vn -0.0993 -0.5449 0.8326
vn -0.0992 -0.5449 0.8326
vn -0.2051 0.3022 0.9309
vn -0.2592 -0.6331 0.7293
vn -0.4652 0.2129 0.8592
vn -0.8211 -0.4278 -0.3779
vn -0.3530 -0.4899 -0.7971
vn -0.2592 -0.6332 0.7293
vn -0.2888 -0.9566 -0.0380
vn 0.5752 0.3264 -0.7501
vn -0.4990 0.3352 0.7992
vn -0.8211 -0.4280 -0.3778
vn -0.2561 -0.8363 -0.4848
vn -0.1536 0.8918 -0.4255
vn -0.2248 0.6543 0.7221
vn -0.2889 -0.9566 -0.0379
vn -0.4008 0.4311 0.8084
vn -0.8211 -0.4278 -0.3778
vn -0.1534 0.8919 -0.4255
vn 0.3788 -0.0527 0.9240
vn 0.6966 0.3628 -0.6190
vn -0.4135 -0.5894 0.6940
vn -0.4136 -0.5893 0.6940
vn 0.7215 -0.4805 -0.4984
vn -0.3935 0.0542 -0.9177
vn 0.2389 0.8373 0.4917
vn 0.1399 -0.8908 0.4323
vn -0.2559 -0.8364 -0.4847
vn 0.6967 0.3629 -0.6189
vn -0.0918 0.4504 0.8881
vn 0.1398 -0.8909 0.4321
vn 0.3787 -0.0527 0.9240
vn -0.4007 0.4311 0.8084
vn -0.4990 0.3353 0.7991
vn -0.4135 -0.5895 0.6940
vn -0.3932 0.0541 -0.9179
vn 0.2386 0.8373 0.4919
vn -0.1536 0.8919 -0.4254
vn -0.2928 -0.5777 0.7619
vn 0.8114 0.3472 -0.4702
vn 0.8899 -0.4267 -0.1616
vn -0.4007 0.4311 0.8085
vn -0.0753 0.4313 0.8990
vn 0.0631 -0.3619 0.9301
vn 0.7216 -0.4806 -0.4984
vn 0.6966 0.3628 -0.6189
vn 0.8114 0.3471 -0.4702
vn 0.9398 0.3405 0.0290
vn 0.8114 0.3473 -0.4702
vn -0.2927 -0.5778 0.7619
vn -0.0755 0.4314 0.8990
vn 0.8897 -0.4269 -0.1616
vn -0.0753 0.4314 0.8990
vn 0.1693 -0.9065 0.3869
vn -0.9427 0.3337 0.0036
vn 0.8804 0.3725 -0.2934
vn 0.0631 -0.3618 0.9301
vn -0.3084 -0.8542 0.4186
vn -0.4144 0.8681 0.2733
vn 0.9399 0.3404 0.0290
vn 0.6886 0.6039 -0.4014
vn 0.1693 -0.9065 0.3868
vn 0.8506 0.4434 -0.2826
vn 0.9398 0.3404 0.0290
vn 0.7451 -0.0096 -0.6669
vn 0.9399 0.3401 0.0290
vn -0.9114 0.2277 -0.3427
vn 0.8214 -0.5563 0.1259
vn -0.7305 -0.6260 -0.2729
vn -0.7335 0.0120 0.6796
vn 0.3194 0.8563 -0.4059
vn 0.4251 -0.8664 -0.2622
vn -0.3085 -0.8541 0.4187
vn 0.7451 -0.0099 -0.6668
vn -0.9113 0.2278 -0.3429
vn 0.8087 0.4025 -0.4290
vn 0.4247 -0.8665 -0.2622
vn 0.7451 -0.0097 -0.6669
vn 0.8506 0.4434 -0.2825
vn -0.7335 0.0119 0.6796
vn 0.3197 0.8562 -0.4059
vn -0.4143 0.8681 0.2733
vn 0.8633 -0.5045 0.0151
vn -0.8181 0.2022 -0.5384
vn -0.6208 -0.6439 -0.4473
vn 0.8804 0.3725 -0.2935
vn -0.9114 0.2276 -0.3428
vn 0.7642 0.2844 -0.5789
vn 0.7176 -0.5093 -0.4750
vn -0.7305 -0.6261 -0.2729
vn -0.9114 0.2276 -0.3427
vn 0.8086 0.4026 -0.4291
vn -0.8182 0.2021 -0.5383
vn -0.5628 0.0522 -0.8250
vn -0.8181 0.2021 -0.5384
vn 0.8633 -0.5045 0.0152
vn 0.7641 0.2845 -0.5790
vn -0.8180 0.2023 -0.5385
vn 0.7642 0.2843 -0.5789
vn -0.0729 -0.9471 -0.3125
vn 0.9135 0.3246 0.2452
vn -0.9315 0.3412 -0.1256
vn 0.7175 -0.5095 -0.4750
vn 0.5580 -0.7914 0.2497
vn 0.4338 0.8865 -0.1608
vn -0.6208 -0.6439 -0.4472
vn 0.7641 0.2845 -0.5789
vn -0.5628 0.0522 -0.8249
vn -0.7566 0.6464 0.0984
vn -0.0730 -0.9471 -0.3125
vn -0.9014 0.4312 -0.0380
vn 0.7176 -0.5095 -0.4749
vn 0.4335 0.8867 -0.1608
vn -0.9871 -0.1027 -0.1226
vn 0.8380 0.3504 0.4182
vn -0.7959 -0.5889 -0.1404
vn 0.7474 -0.5098 0.4260
vn 0.9895 0.0989 0.1055
vn -0.5557 0.7874 -0.2668
vn -0.4319 -0.8901 0.1455
vn 0.5582 -0.7912 0.2498
vn -0.9871 -0.1027 -0.1224
vn 0.8381 0.3504 0.4182
vn -0.8622 0.4101 0.2975
vn -0.4317 -0.8902 0.1453
vn -0.9872 -0.1024 -0.1226
vn -0.9014 0.4312 -0.0381
vn 0.9895 0.0989 0.1058
vn -0.5554 0.7876 -0.2669
vn 0.4338 0.8866 -0.1608
vn -0.8243 -0.5621 0.0671
vn 0.7775 0.3732 0.5062
vn 0.6412 -0.4889 0.5915
vn -0.9315 0.3413 -0.1256
vn -0.9015 0.4312 -0.0381
vn -0.8116 0.3354 0.4784
vn -0.7076 -0.4342 0.5574
vn 0.7776 0.3731 0.5061
vn 0.5127 0.2873 0.8091
vn -0.8244 -0.5619 0.0671
vn -0.8116 0.3353 0.4784
vn 0.6413 -0.4887 0.5915
vn -0.0598 -0.5748 0.8161
vn -0.1744 -0.2888 -0.9414
vn -0.3045 -0.5307 -0.7910
vn -0.7076 -0.4343 0.5575
vn -0.4993 -0.8652 -0.0451
vn -0.4856 0.8642 -0.1318
vn 0.2726 0.9516 0.1419
vn -0.0598 -0.5747 0.8162
vn -0.2593 -0.6548 -0.7099
vn -0.7076 -0.4343 0.5574
vn -0.4861 0.8639 -0.1319
vn 0.9776 0.0044 0.2106
vn 0.0259 0.4421 -0.8966
vn 0.2490 -0.5702 0.7829
vn -0.0408 -0.4530 -0.8906
vn -0.9811 -0.0022 -0.1933
vn 0.4950 0.8666 0.0624
vn 0.4829 -0.8633 0.1469
vn -0.4985 -0.8657 -0.0452
vn 0.9776 0.0046 0.2103
vn 0.0258 0.4421 -0.8966
vn 0.2489 -0.5703 0.7828
vn 0.7108 0.3675 0.5997
vn 0.4825 -0.8635 0.1469
vn 0.9776 0.0038 0.2105
vn -0.2593 -0.6549 -0.7098
vn -0.9811 -0.0023 -0.1936
vn -0.4992 -0.8653 -0.0452
vn 0.4951 0.8666 0.0626
vn -0.4855 0.8642 -0.1319
vn 0.4487 -0.6143 0.6491
vn 0.0551 0.4119 -0.9096
vn 0.1773 -0.4397 -0.8805
vn -0.2593 -0.6549 -0.7099
vn 0.0258 0.4420 -0.8966
vn 0.8269 0.3050 0.4724
vn 0.7726 -0.5140 0.3728
vn 0.0552 0.4119 -0.9096
vn 0.5162 0.2596 -0.8162
vn 0.4486 -0.6144 0.6491
vn 0.3702 -0.9264 -0.0697
vn -0.2724 0.3101 0.9109
vn 0.1052 0.3373 -0.9355
vn 0.7726 -0.5139 0.3727
vn 0.0490 -0.8837 0.4655
vn 0.2128 0.8398 0.4995
vn -0.1304 0.6390 -0.7581
vn 0.3701 -0.9264 -0.0698
vn 0.0205 0.4200 -0.9073
vn 0.7726 -0.5139 0.3728
vn 0.2129 0.8398 0.4995
vn -0.2285 0.0414 -0.9727
vn 0.1052 0.3371 -0.9356
vn -0.4366 0.3415 0.8323
vn 0.1724 -0.5866 -0.7913
vn -0.3968 -0.5059 0.7659
vn 0.2455 -0.0426 0.9685
vn -0.0320 0.8824 -0.4693
vn -0.1979 -0.8412 -0.5033
vn 0.0490 -0.8838 0.4652
vn -0.2286 0.0416 -0.9726
vn -0.4366 0.3416 0.8323
vn 0.1725 -0.5866 -0.7913
vn -0.3298 0.3939 -0.8580
vn -0.1976 -0.8413 -0.5031
vn -0.2286 0.0414 -0.9726
vn 0.1051 0.3373 -0.9355
vn 0.2457 -0.0426 0.9684
vn 0.0491 -0.8838 0.4654
vn -0.0324 0.8825 -0.4692
vn 0.2128 0.8397 0.4995
vn -0.0032 -0.5663 -0.8242
vn -0.5478 0.3532 0.7584
vn -0.5514 -0.5264 0.6472
vn 0.1051 0.3372 -0.9355
vn 0.0205 0.4199 -0.9073
vn -0.4993 0.2858 -0.8179
vn -0.5514 -0.5263 0.6472
vn -0.4277 -0.5256 -0.7354
vn -0.3969 -0.5060 0.7658
vn -0.5478 0.3531 0.7584
vn -0.8794 0.1615 0.4479
vn -0.4276 -0.5256 -0.7354
vn -0.0031 -0.5664 -0.8241
vn -0.2583 -0.9569 -0.1327
vn 0.8270 0.3153 -0.4654
vn -0.7590 0.3465 0.5513
vn -0.4275 -0.5258 -0.7354
vn 0.2684 -0.8451 -0.4624
vn 0.0030 0.8656 -0.5008
vn -0.8794 0.1617 0.4479
vn -0.4887 0.6670 0.5624
vn -0.2584 -0.9569 -0.1326
vn -0.6898 0.4318 0.5812
vn 0.0024 0.8657 -0.5005
vn -0.3014 -0.0254 0.9531
vn 0.8849 0.3694 -0.2838
vn -0.6643 -0.5825 0.4685
vn -0.6641 -0.5828 0.4683
vn 0.8848 0.3697 -0.2837
vn 0.8809 -0.4339 -0.1889
vn 0.2856 0.0227 -0.9581
vn -0.2837 0.8426 0.4576
vn -0.0166 -0.8681 0.4961
vn 0.2682 -0.8450 -0.4626
vn -0.3013 -0.0250 0.9532
vn 0.8848 0.3695 -0.2837
vn -0.6643 -0.5826 0.4684
vn -0.3977 0.4905 0.7754
vn -0.0164 -0.8681 0.4962
vn -0.3013 -0.0249 0.9532
vn -0.6898 0.4317 0.5812
vn -0.6642 -0.5827 0.4683
vn 0.2854 0.0225 -0.9581
vn 0.2682 -0.8451 -0.4625
vn -0.2834 0.8429 0.4574
vn 0.0027 0.8656 -0.5007
vn -0.6655 -0.5431 0.5120
vn 0.9394 0.3422 -0.0225
vn 0.8096 -0.5729 0.1281
vn -0.4197 0.3060 0.8545
vn 0.8095 -0.5730 0.1281
vn -0.3974 -0.4950 0.7727
vn 0.8810 -0.4339 -0.1888
vn 0.9394 0.3420 -0.0226
vn -0.6655 -0.5430 0.5121
vn 0.9394 0.3422 -0.0224
vn 0.8650 0.1380 0.4824
vn -0.6655 -0.5431 0.5121
vn -0.4196 0.3062 0.8545
vn 0.8094 -0.5731 0.1281
vn 0.5406 -0.5840 0.6056
vn -0.7894 -0.2837 -0.5444
vn -0.7703 -0.5307 -0.3536
vn -0.3973 -0.4951 0.7727
vn -0.5628 -0.8248 0.0555
vn -0.3815 0.8840 0.2702
vn 0.8649 0.1383 0.4825
vn 0.2844 0.9557 -0.0757
vn 0.5404 -0.5840 0.6057
vn -0.6847 -0.6456 -0.3381
vn -0.3974 -0.4951 0.7726
vn -0.3819 0.8838 0.2702
vn 0.9530 -0.0627 -0.2964
vn -0.6106 0.4488 -0.6525
vn 0.7336 -0.5601 0.3848
vn -0.6638 -0.4455 -0.6007
vn -0.9483 0.0614 0.3113
vn 0.5670 0.8227 -0.0408
vn 0.3859 -0.8861 -0.2569
vn -0.5619 -0.8254 0.0552
vn 0.9531 -0.0623 -0.2962
vn -0.6107 0.4488 -0.6524
vn 0.7336 -0.5602 0.3847
vn 0.9221 0.3776 -0.0842
vn 0.3857 -0.8861 -0.2570
vn 0.9530 -0.0633 -0.2963
vn -0.6848 -0.6456 -0.3381
vn -0.9483 0.0613 0.3114
vn -0.5629 -0.8247 0.0556
vn 0.5671 0.8226 -0.0407
vn -0.3814 0.8840 0.2702
vn 0.7754 -0.6036 0.1856
vn -0.5846 0.4073 -0.7017
vn -0.5082 -0.4902 -0.7081
vn -0.7702 -0.5308 -0.3536
vn 0.9321 0.2505 -0.2617
vn 0.7884 -0.5533 -0.2689
vn -0.6638 -0.4456 -0.6007
vn -0.5846 0.4072 -0.7017
vn -0.2312 0.2076 -0.9505
vn 0.7755 -0.6034 0.1856
vn 0.9322 0.2502 -0.2617
vn -0.5082 -0.4901 -0.7082
vn 0.0475 -0.9509 -0.3059
vn 0.7324 0.3175 0.6023
vn -0.7966 0.3385 -0.5008
vn 0.7885 -0.5531 -0.2690
vn 0.3522 -0.8761 0.3292
vn 0.5389 0.8332 0.1238
vn -0.7163 0.6575 -0.2337
vn 0.0474 -0.9509 -0.3059
vn -0.7984 0.4302 -0.4214
vn 0.7885 -0.5531 -0.2689
vn 0.5390 0.8331 0.1239
vn -0.8752 0.0384 -0.4822
vn 0.5981 0.3574 0.7173
vn -0.6727 -0.5907 -0.4456
vn 0.5091 -0.4848 0.7112
vn 0.8833 -0.0405 0.4671
vn -0.3437 0.8739 -0.3437
vn -0.5324 -0.8353 -0.1374
vn 0.3514 -0.8765 0.3291
vn -0.8752 0.0389 -0.4821
vn -0.8959 0.4348 -0.0914
vn -0.5319 -0.8356 -0.1375
vn -0.8752 0.0383 -0.4822
vn -0.7983 0.4302 -0.4214
vn 0.8831 -0.0405 0.4674
vn 0.3521 -0.8762 0.3291
vn -0.3439 0.8738 -0.3437
vn 0.5390 0.8332 0.1239
vn -0.7886 -0.5436 -0.2873
vn 0.4995 0.4026 0.7671
vn 0.3778 -0.5096 0.7730
vn -0.7967 0.3385 -0.5008
vn -0.7984 0.4301 -0.4214
vn -0.9441 0.3044 0.1264
vn -0.8518 -0.4680 0.2356
vn 0.5091 -0.4847 0.7112
vn 0.1681 0.2615 0.9505
vn -0.7886 -0.5436 -0.2874
vn -0.9441 0.3045 0.1265
vn 0.3778 -0.5097 0.7730
vn -0.2268 -0.9723 0.0558
vn 0.3401 0.3344 -0.8789
vn -0.2865 0.3468 0.8931
vn -0.8516 -0.4681 0.2358
vn -0.4178 -0.8708 -0.2591
vn -0.4432 0.8609 -0.2500
vn 0.1680 0.2615 0.9505
vn -0.0733 0.6646 0.7436
vn -0.2121 0.4444 0.8704
vn -0.8519 -0.4678 0.2355
vn -0.4435 0.8607 -0.2500
vn 0.8433 0.0106 0.5373
vn 0.5110 0.3672 -0.7772
vn -0.2179 -0.5900 0.7774
vn 0.5867 -0.4785 -0.6533
vn -0.8520 -0.0102 -0.5234
vn 0.4085 0.8707 0.2739
vn 0.4353 -0.8611 0.2627
vn 0.8434 0.0102 0.5372
vn 0.5110 0.3671 -0.7772
vn 0.1005 0.4604 0.8820
vn 0.4353 -0.8611 0.2628
vn 0.8435 0.0102 0.5371
vn -0.2121 0.4443 0.8704
vn -0.8521 -0.0102 -0.5232
vn 0.4087 0.8707 0.2737
vn -0.4431 0.8609 -0.2500
vn -0.0382 -0.5303 0.8470
vn 0.5815 0.4151 -0.6997
vn 0.7055 -0.4526 -0.5453
vn -0.2120 0.4444 0.8704
vn 0.5111 0.3671 -0.7772
vn 0.3181 0.3898 0.8642
vn 0.4489 -0.3944 0.8019
vn 0.5868 -0.4785 -0.6533
vn 0.5110 0.3671 -0.7773
vn 0.1004 0.4605 0.8820
vn 0.5814 0.4150 -0.6998
vn 0.8665 0.3269 -0.3773
vn -0.0383 -0.5303 0.8470
vn 0.3181 0.3897 0.8642
vn 0.7055 -0.4527 -0.5453
vn 0.5814 0.4151 -0.6998
vn 0.3180 0.3898 0.8643
vn 0.7856 -0.5858 -0.1991
vn -0.8359 -0.2753 0.4749
vn -0.6505 -0.5272 0.5467
vn 0.4488 -0.3943 0.8019
vn -0.0919 -0.8604 0.5013
vn -0.2661 0.8610 0.4333
vn 0.8665 0.3269 -0.3772
vn 0.0516 0.9478 -0.3148
vn 0.7856 -0.5859 -0.1991
vn -0.6051 -0.6389 0.4750
vn 0.8665 0.3270 -0.3772
vn 0.3908 0.0038 -0.9205
vn 0.8664 0.3269 -0.3774
vn -0.2661 0.8612 0.4330
vn -0.8591 0.4491 0.2453
vn 0.6808 -0.5585 -0.4739
vn -0.8510 -0.4076 0.3312
vn -0.3744 -0.0016 0.9273
vn 0.1090 0.8625 -0.4942
vn 0.2813 -0.8595 -0.4268
vn -0.0919 -0.8603 0.5014
vn 0.3910 0.0040 -0.9204
vn -0.8591 0.4492 0.2454
vn 0.3140 0.4177 -0.8526
vn 0.2809 -0.8594 -0.4271
vn 0.3908 0.0042 -0.9204
vn -0.3740 -0.0016 0.9274
vn -0.0918 -0.8604 0.5012
vn 0.1087 0.8629 -0.4936
vn 0.6285 -0.5998 -0.4953
vn -0.9394 0.3324 0.0837
vn -0.7955 -0.6057 -0.0159
vn -0.6506 -0.5272 0.5466
vn -0.6052 -0.6389 0.4750
vn -0.8592 0.4490 0.2453
vn 0.3821 0.2194 -0.8977
vn 0.3237 -0.5459 -0.7728
vn -0.8510 -0.4075 0.3313
vn -0.8591 0.4492 0.2453
vn 0.3139 0.4177 -0.8527
vn -0.9394 0.3323 0.0837
vn -0.9055 0.1186 -0.4075
vn 0.6284 -0.5999 -0.4952
vn 0.3822 0.2193 -0.8977
vn -0.9396 0.3320 0.0838
vn -0.1778 -0.9733 -0.1450
vn 0.9352 0.3173 -0.1571
vn -0.9173 0.3396 0.2079
vn 0.3237 -0.5457 -0.7729
vn 0.5305 -0.8418 -0.0996
vn 0.3757 0.8684 -0.3235
vn -0.9054 0.1188 -0.4076
vn -0.6691 0.6819 0.2955
vn -0.1779 -0.9733 -0.1449
vn -0.8635 0.4349 0.2554
vn -0.9055 0.1185 -0.4075
vn -0.9188 -0.0315 0.3935
vn -0.9056 0.1181 -0.4074
vn 0.3750 0.8688 -0.3233
vn 0.9222 0.3866 0.0064
vn -0.7727 -0.5840 0.2488
vn 0.9033 -0.3906 0.1771
vn 0.9124 0.0287 -0.4084
vn -0.5374 0.8391 0.0845
vn -0.3815 -0.8707 0.3104
vn 0.5313 -0.8413 -0.0999
vn -0.9187 -0.0318 0.3936
vn -0.6633 0.5425 0.5156
vn -0.3816 -0.8706 0.3105
vn -0.9188 -0.0305 0.3934
vn -0.8635 0.4350 0.2553
vn 0.9123 0.0287 -0.4084
vn 0.5304 -0.8419 -0.0995
vn -0.5367 0.8396 0.0841
vn 0.3758 0.8684 -0.3235
vn -0.7966 -0.5408 0.2702
vn 0.8772 0.3932 0.2755
vn 0.7030 -0.5211 0.4840
vn -0.9173 0.3396 0.2080
vn -0.8635 0.4349 0.2553
vn -0.7399 0.3539 0.5721
vn -0.6362 -0.4251 0.6438
vn 0.9034 -0.3906 0.1771
vn 0.6338 0.2610 0.7281
vn -0.7966 -0.5407 0.2702
vn 0.7029 -0.5212 0.4840
vn -0.1217 -0.9727 0.1973
vn -0.2519 0.3128 -0.9158
vn 0.3080 0.3573 0.8818
vn -0.6361 -0.4251 0.6440
vn -0.5240 -0.8517 0.0051
vn -0.4762 0.8792 -0.0159
vn 0.6336 0.2614 0.7282
vn 0.3579 0.6863 0.6331
vn -0.1217 -0.9727 0.1974
vn 0.3399 0.4398 0.8313
vn -0.6359 -0.4255 0.6438
vn -0.4775 0.8785 -0.0156
vn 0.9988 -0.0247 0.0427
vn -0.0766 0.3932 -0.9163
vn 0.3119 -0.5765 0.7553
vn 0.0593 -0.4623 -0.8847
vn -0.9993 0.0270 -0.0270
vn 0.5226 0.8525 0.0113
vn 0.4742 -0.8799 0.0305
vn -0.5231 -0.8523 0.0052
vn 0.9988 -0.0253 0.0426
vn -0.0766 0.3933 -0.9162
vn 0.3119 -0.5764 0.7553
vn 0.6158 0.4686 0.6334
vn 0.4756 -0.8791 0.0303
vn 0.9988 -0.0261 0.0426
vn 0.3398 0.4399 0.8313
vn -0.9993 0.0269 -0.0266
vn -0.5239 -0.8517 0.0051
vn 0.5228 0.8524 0.0113
vn -0.4762 0.8792 -0.0158
vn 0.4692 -0.5261 0.7092
vn 0.0368 0.4293 -0.9024
vn 0.2274 -0.4669 -0.8546
vn 0.3081 0.3573 0.8817
vn 0.7750 0.3745 0.5090
vn 0.8274 -0.4174 0.3757
vn 0.0594 -0.4624 -0.8847
vn 0.0369 0.4292 -0.9024
vn 0.4730 0.3062 -0.8261
vn 0.4692 -0.5261 0.7093
vn 0.7751 0.3745 0.5090
vn 0.2274 -0.4668 -0.8546
vn 0.1305 -0.9656 -0.2249
vn 0.3960 0.3211 0.8603
vn -0.4632 0.3422 -0.8175
vn 0.8275 -0.4172 0.3757
vn 0.1823 -0.8650 0.4676
vn 0.1176 0.8656 0.4868
vn 0.4730 0.3063 -0.8261
vn -0.4965 0.6704 -0.5515
vn 0.1304 -0.9656 -0.2249
vn -0.4932 0.4371 -0.7521
vn 0.8275 -0.4172 0.3758
vn 0.1178 0.8655 0.4868
vn -0.2702 0.0012 -0.9628
vn 0.2272 0.3683 0.9015
vn -0.4123 -0.5908 -0.6936
vn 0.0937 -0.4668 0.8794
vn 0.2852 -0.0004 0.9585
vn -0.1671 0.8656 -0.4720
vn -0.1043 -0.8651 -0.4906
vn 0.1822 -0.8649 0.4676
vn -0.2704 0.0010 -0.9627
vn 0.2272 0.3684 0.9015
vn -0.4123 -0.5907 -0.6936
vn -0.7097 0.4698 -0.5250
vn -0.2705 0.0011 -0.9627
vn -0.4932 0.4372 -0.7521
vn 0.1822 -0.8650 0.4675
vn -0.1672 0.8656 -0.4720
vn 0.1176 0.8656 0.4867
vn -0.5683 -0.5298 -0.6296
vn 0.1148 0.4215 0.8995
vn -0.0728 -0.4672 0.8811
vn -0.4633 0.3421 -0.8175
vn -0.8464 0.3804 -0.3726
vn -0.8688 -0.4289 -0.2473
vn 0.0938 -0.4668 0.8794
vn 0.1148 0.4215 0.8996
vn -0.3404 0.2913 0.8940
vn -0.5683 -0.5298 -0.6295
vn -0.8465 0.3803 -0.3726
vn -0.0728 -0.4673 0.8811
vn -0.1763 -0.9842 0.0192
vn 0.6395 0.3309 -0.6939
vn -0.6374 0.3446 0.6892
vn -0.8689 -0.4288 -0.2472
vn -0.2364 -0.8638 -0.4450
vn -0.2065 0.8676 -0.4523
vn -0.3404 0.2914 0.8940
vn -0.3977 0.6809 0.6150
vn -0.1764 -0.9841 0.0193
vn -0.5655 0.4461 0.6936
vn -0.8689 -0.4286 -0.2475
vn -0.2062 0.8680 -0.4517
vn 0.4112 -0.0035 0.9115
vn 0.7393 0.3888 -0.5499
vn -0.4706 -0.5844 0.6611
vn 0.8244 -0.4307 -0.3671
vn -0.4270 0.0032 -0.9042
vn 0.2205 0.8640 0.4527
vn 0.1916 -0.8679 0.4583
vn -0.2369 -0.8633 -0.4456
vn 0.4109 -0.0035 0.9117
vn 0.7392 0.3891 -0.5498
vn -0.4705 -0.5845 0.6610
vn -0.2851 0.5076 0.8131
vn 0.1920 -0.8676 0.4587
vn 0.4112 -0.0026 0.9115
vn -0.5657 0.4459 0.6937
vn -0.4271 0.0031 -0.9042
vn -0.2363 -0.8638 -0.4450
vn 0.2202 0.8644 0.4521
vn -0.2065 0.8676 -0.4524
vn -0.3789 -0.5147 0.7691
vn 0.7824 0.4443 -0.4364
vn 0.8887 -0.4155 -0.1938
vn -0.6373 0.3448 0.6892
vn -0.1103 0.4431 0.8897
vn 0.0322 -0.3827 0.9233
vn 0.8244 -0.4308 -0.3671
vn 0.7392 0.3889 -0.5498
vn -0.2854 0.5075 0.8130
vn 0.7823 0.4444 -0.4364
vn 0.9383 0.3418 0.0516
vn 0.7824 0.4442 -0.4364
vn -0.3790 -0.5147 0.7691
vn -0.1103 0.4429 0.8898
vn 0.8888 -0.4152 -0.1939
vn 0.7825 0.4442 -0.4363
vn -0.1104 0.4428 0.8898
vn 0.0355 -0.9671 0.2521
vn -0.8035 0.3085 -0.5091
vn 0.8357 0.3533 0.4204
vn 0.0322 -0.3826 0.9234
vn -0.3278 -0.8625 0.3854
vn -0.4267 0.8625 0.2721
vn 0.9383 0.3418 0.0517
vn 0.6984 0.6860 0.2041
vn 0.0355 -0.9671 0.2520
vn 0.8169 0.4369 0.3767
vn 0.9384 0.3417 0.0516
vn 0.7775 0.0023 -0.6288
vn 0.9382 0.3422 0.0514
vn -0.4254 0.8633 0.2716
vn -0.6769 0.3750 -0.6334
vn 0.7226 -0.5879 0.3636
vn -0.5373 -0.4681 -0.7016
vn -0.7657 -0.0018 0.6432
vn 0.3422 0.8631 -0.3713
vn 0.4355 -0.8621 -0.2591
vn -0.3281 -0.8622 0.3858
vn 0.7772 0.0030 -0.6292
vn -0.6769 0.3751 -0.6333
vn 0.7226 -0.5880 0.3635
vn 0.8760 0.4742 0.0880
vn 0.4372 -0.8611 -0.2594
vn 0.7773 0.0036 -0.6291
vn 0.8168 0.4369 0.3767
vn -0.7652 -0.0018 0.6438
vn -0.3277 -0.8625 0.3856
vn 0.3392 0.8643 -0.3714
vn -0.4265 0.8625 0.2722
vn 0.8275 -0.5124 0.2295
vn -0.5856 0.4432 -0.6787
vn -0.4110 -0.4668 -0.7830
vn 0.8358 0.3533 0.4204
vn 0.8168 0.4369 0.3766
vn 0.9140 0.3867 -0.1231
vn 0.8786 -0.4000 -0.2610
vn -0.5374 -0.4680 -0.7016
vn -0.1859 0.3220 -0.9283
vn 0.9138 0.3871 -0.1232
vn -0.4108 -0.4672 -0.7829
vn -0.1282 -0.9823 -0.1368
vn 0.9373 0.3211 0.1355
vn -0.9273 0.3550 -0.1185
vn 0.8786 -0.3995 -0.2617
vn 0.4663 -0.8600 0.2071
vn 0.3581 0.8612 0.3606
vn -0.1859 0.3221 -0.9283
vn -0.7238 0.6897 0.0210
vn -0.1284 -0.9822 -0.1368
vn -0.8922 0.4457 -0.0730
vn 0.8785 -0.4001 -0.2610
vn 0.3590 0.8607 0.3609
vn -0.8057 0.0043 -0.5923
vn 0.8705 0.3929 0.2963
vn -0.8129 -0.5819 -0.0255
vn 0.7658 -0.4399 0.4691
vn 0.8143 -0.0006 0.5804
vn -0.4550 0.8629 -0.2200
vn -0.3500 -0.8601 -0.3712
vn 0.4645 -0.8611 0.2067
vn -0.8064 0.0048 -0.5914
vn 0.8705 0.3930 0.2963
vn -0.8127 -0.5821 -0.0255
vn -0.8375 0.5027 0.2144
vn -0.3501 -0.8599 -0.3714
vn -0.8059 0.0034 -0.5920
vn -0.8921 0.4459 -0.0730
vn 0.8152 -0.0007 0.5792
vn 0.4662 -0.8601 0.2072
vn -0.4563 0.8624 -0.2192
vn 0.3581 0.8612 0.3607
vn -0.8527 -0.5109 0.1088
vn 0.8058 0.4503 0.3847
vn 0.6656 -0.4235 0.6145
vn -0.9274 0.3548 -0.1185
vn -0.8923 0.4456 -0.0729
vn -0.8033 0.4393 0.4022
vn -0.7399 -0.3718 0.5606
vn 0.7656 -0.4402 0.4691
vn 0.8057 0.4504 0.3847
vn 0.4964 0.3559 0.7918
vn -0.8526 -0.5111 0.1087
vn -0.8033 0.4392 0.4022
vn 0.6657 -0.4234 0.6144
vn -0.1251 -0.9850 0.1189
vn 0.1641 0.3261 -0.9310
vn -0.1690 0.3452 0.9232
vn -0.7404 -0.3709 0.5605
vn -0.5097 -0.8601 -0.0202
vn -0.4595 0.8577 -0.2307
vn 0.4965 0.3558 0.7918
vn -0.0165 0.6871 0.7264
vn -0.1250 -0.9850 0.1190
vn -0.1179 0.4457 0.8874
vn -0.7399 -0.3720 0.5606
vn -0.4595 0.8578 -0.2303
vn 0.9591 0.0077 0.2831
vn 0.3155 0.3886 -0.8657
vn -0.0426 -0.5875 0.8081
vn 0.5025 -0.4233 -0.7538
vn -0.9636 -0.0045 -0.2675
vn 0.5031 0.8634 0.0364
vn 0.4545 -0.8560 0.2462
vn -0.5090 -0.8606 -0.0195
vn 0.9591 0.0088 0.2831
vn 0.3156 0.3887 -0.8657
vn -0.0426 -0.5874 0.8082
vn 0.1634 0.5177 0.8398
vn 0.4555 -0.8558 0.2453
vn 0.9591 0.0079 0.2831
vn -0.1181 0.4456 0.8874
vn -0.9640 -0.0045 -0.2660
vn -0.5097 -0.8601 -0.0199
vn 0.5038 0.8631 0.0362
vn -0.4597 0.8577 -0.2304
vn 0.0957 -0.4964 0.8628
vn 0.3762 0.4698 -0.7986
vn 0.5993 -0.4403 -0.6685
vn -0.1180 0.4456 0.8874
vn 0.3157 0.3884 -0.8657
vn 0.4041 0.4234 0.8109
vn 0.6109 -0.3588 0.7057
vn 0.5026 -0.4233 -0.7538
vn 0.3763 0.4700 -0.7985
vn 0.7496 0.3681 -0.5500
vn 0.0957 -0.4966 0.8627
vn 0.4040 0.4233 0.8109
vn 0.5993 -0.4404 -0.6685
vn 0.2531 -0.9648 -0.0708
vn -0.3768 0.3090 0.8732
vn 0.2940 0.3638 -0.8839
vn 0.6110 -0.3592 0.7055
vn 0.0607 -0.8549 0.5153
vn -0.1908 0.8582 0.4765
vn 0.7497 0.3672 -0.5506
vn 0.0839 0.6832 -0.7254
vn 0.2530 -0.9649 -0.0708
vn 0.2352 0.4403 -0.8665
vn 0.1650 0.0027 -0.9863
vn 0.2939 0.3639 -0.8839
vn -0.5095 0.3858 0.7691
vn 0.2722 -0.5771 -0.7700
vn -0.5638 -0.4958 0.6605
vn -0.1477 0.0001 0.9890
vn -0.0433 0.8577 -0.5123
vn 0.2082 -0.8553 -0.4745
vn 0.0621 -0.8550 0.5150
vn 0.1654 0.0033 -0.9862
vn -0.5095 0.3861 0.7690
vn 0.2723 -0.5772 -0.7699
vn -0.0611 0.4496 -0.8912
vn 0.2066 -0.8558 -0.4743
vn 0.2941 0.3637 -0.8839
vn 0.2720 -0.5774 -0.7698
vn -0.1465 0.0001 0.9892
vn 0.0615 -0.8549 0.5152
vn -0.0425 0.8577 -0.5124
vn -0.1896 0.8583 0.4768
vn 0.1226 -0.5383 -0.8338
vn -0.5585 0.4219 0.7142
vn -0.7015 -0.4572 0.5468
vn -0.2423 0.4083 -0.8801
vn -0.3901 -0.4071 -0.8259
vn -0.5637 -0.4960 0.6605
vn -0.5585 0.4220 0.7142
vn -0.8855 0.3199 0.3370
vn 0.1227 -0.5384 -0.8337
vn -0.2423 0.4082 -0.8802
vn -0.7014 -0.4573 0.5467
vn -0.1653 -0.9862 0.0088
vn 0.8308 0.3176 -0.4571
vn -0.8278 0.3577 0.4321
vn -0.3902 -0.4071 -0.8259
vn 0.1496 -0.8626 -0.4832
vn 0.2617 0.8645 -0.4292
vn -0.8857 0.3198 0.3366
vn -0.5863 0.6977 0.4116
vn -0.1653 -0.9862 0.0089
vn -0.7765 0.4469 0.4442
vn -0.8853 0.3208 0.3366
vn -0.4416 -0.0007 0.8972
vn -0.8857 0.3196 0.3368
vn 0.2601 0.8656 -0.4280
vn 0.8628 0.4027 -0.3058
vn -0.6643 -0.5793 0.4723
vn 0.8975 -0.4346 -0.0749
vn 0.4266 0.0003 -0.9045
vn -0.1672 0.8630 0.4767
vn -0.2751 -0.8632 0.4232
vn 0.1492 -0.8628 -0.4830
vn -0.4408 0.0015 0.8976
vn 0.8630 0.4021 -0.3058
vn -0.6646 -0.5789 0.4724
vn -0.5767 0.5102 0.6381
vn -0.2751 -0.8635 0.4227
vn -0.4409 0.0013 0.8976
vn -0.7764 0.4471 0.4441
vn 0.4253 0.0004 -0.9051
vn 0.1492 -0.8626 -0.4833
vn -0.1647 0.8641 0.4756
vn 0.2613 0.8645 -0.4293
vn -0.6125 -0.4921 0.6186
vn 0.8432 0.4771 -0.2477
vn 0.9122 -0.4071 0.0463
vn -0.8279 0.3574 0.4322
vn -0.7766 0.4467 0.4443
vn -0.3973 0.4658 0.7907
vn -0.1906 -0.3295 0.9247
vn 0.8975 -0.4346 -0.0750
vn 0.8431 0.4774 -0.2476
vn 0.8818 0.3992 0.2510
vn -0.6124 -0.4924 0.6185
vn -0.3970 0.4665 0.7905
vn 0.9119 -0.4078 0.0465
vn -0.0435 -0.9801 0.1938
vn -0.3520 0.3053 -0.8848
vn 0.3631 0.3612 0.8589
vn -0.1907 -0.3298 0.9246
vn -0.3660 -0.8517 0.3750
vn -0.5279 0.8460 0.0748
vn 0.8813 0.4003 0.2511
vn 0.3684 0.7034 0.6079
vn -0.0434 -0.9800 0.1940
vn 0.3783 0.4412 0.8138
vn -0.1901 -0.3300 0.9246
vn -0.5281 0.8459 0.0752
vn 0.9094 0.0089 -0.4158
vn 0.8832 0.3957 0.2519
vn -0.5234 0.8489 0.0735
vn -0.2167 0.4026 -0.8894
vn 0.3853 -0.5783 0.7191
vn -0.0145 -0.4348 -0.9004
vn -0.9006 -0.0093 0.4345
vn 0.3771 0.8544 -0.3574
vn 0.5290 -0.8465 -0.0600
vn -0.3693 -0.8499 0.3759
vn 0.9087 0.0100 -0.4173
vn 0.3854 -0.5783 0.7191
vn 0.5910 0.5119 0.6235
vn 0.5352 -0.8425 -0.0607
vn 0.9085 0.0140 -0.4176
vn 0.3783 0.4411 0.8139
vn -0.9008 -0.0092 0.4341
vn -0.3658 -0.8517 0.3752
vn 0.3730 0.8557 -0.3585
vn -0.5279 0.8460 0.0750
vn 0.5129 -0.4996 0.6981
vn -0.1394 0.4766 -0.8680
vn 0.1317 -0.4406 -0.8880
vn 0.3632 0.3612 0.8588
vn 0.3783 0.4411 0.8138
vn 0.7551 0.4349 0.4907
vn 0.8684 -0.3769 0.3222
vn -0.0144 -0.4348 -0.9004
vn 0.3886 0.3547 -0.8504
vn 0.5129 -0.4998 0.6980
vn 0.1317 -0.4407 -0.8880
vn -0.0942 -0.9829 -0.1582
vn 0.8532 0.3134 0.4169
vn -0.8337 0.3591 -0.4196
vn 0.8685 -0.3766 0.3221
vn 0.2624 -0.8604 0.4368
vn 0.0657 0.8585 0.5086
vn 0.3886 0.3548 -0.8503
vn -0.6827 0.6980 -0.2160
vn -0.0944 -0.9829 -0.1580
vn -0.8195 0.4457 -0.3601
vn 0.8684 -0.3768 0.3223
vn 0.0654 0.8586 0.5085
vn -0.2964 0.0067 -0.9551
vn 0.7594 0.4029 0.5109
vn -0.7643 -0.5786 -0.2845
vn 0.6114 -0.4447 0.6545
vn 0.3129 -0.0040 0.9498
vn -0.2467 0.8627 -0.4415
vn -0.0515 -0.8566 -0.5134
vn 0.2621 -0.8605 0.4368
vn -0.2964 0.0069 -0.9550
vn 0.7594 0.4028 0.5109
vn -0.7644 -0.5785 -0.2846
vn -0.8572 0.5076 -0.0869
vn -0.0515 -0.8566 -0.5133
vn -0.2962 0.0068 -0.9551
vn -0.8194 0.4459 -0.3602
vn 0.3124 -0.0040 0.9499
vn 0.2623 -0.8604 0.4370
vn -0.2462 0.8628 -0.4416
vn 0.0655 0.8585 0.5086
vn -0.8440 -0.5082 -0.1716
vn 0.7079 0.4682 0.5288
vn 0.5011 -0.4356 0.7478
vn -0.8337 0.3590 -0.4196
vn -0.8195 0.4457 -0.3603
vn -0.8876 0.4444 0.1212
vn -0.8511 -0.3370 0.4025
vn 0.6114 -0.4448 0.6545
vn 0.7078 0.4685 0.5287
vn 0.3401 0.3929 0.8544
vn -0.8437 -0.5086 -0.1716
vn -0.8875 0.4446 0.1213
vn 0.5010 -0.4357 0.7478
vn -0.1353 -0.9842 0.1144
vn 0.4833 0.3019 -0.8218
vn -0.4920 0.3674 0.7893
vn -0.8511 -0.3369 0.4026
vn -0.5262 -0.8489 -0.0498
vn -0.3907 0.8509 -0.3511
vn 0.3402 0.3926 0.8545
vn -0.3011 0.7114 0.6350
vn -0.1349 -0.9843 0.1140
vn -0.4488 0.4429 0.7761
vn -0.8514 -0.3366 0.4024
vn -0.3942 0.8490 -0.3518
vn 0.9001 0.0105 0.4356
vn 0.5477 0.4170 -0.7254
vn -0.3332 -0.5696 0.7513
vn 0.7115 -0.4297 -0.5559
vn -0.9089 -0.0018 -0.4171
vn 0.5149 0.8546 0.0678
vn 0.3869 -0.8468 0.3650
vn -0.5236 -0.8505 -0.0499
vn 0.9008 0.0086 0.4342
vn 0.5477 0.4169 -0.7254
vn -0.1785 0.5198 0.8354
vn 0.3831 -0.8477 0.3670
vn 0.9002 0.0063 0.4355
vn -0.4488 0.4430 0.7761
vn -0.9082 -0.0018 -0.4185
vn -0.5262 -0.8489 -0.0503
vn 0.5172 0.8532 0.0675
vn -0.3903 0.8509 -0.3515
vn -0.2440 -0.4926 0.8353
vn 0.5573 0.4865 -0.6728
vn 0.7939 -0.4043 -0.4542
vn -0.4919 0.3675 0.7893
vn -0.4488 0.4431 0.7761
vn 0.5477 0.4168 -0.7255
vn 0.0374 0.4849 0.8738
vn 0.2694 -0.3587 0.8937
vn 0.7113 -0.4304 -0.5557
vn 0.5477 0.4171 -0.7253
vn -0.1785 0.5196 0.8355
vn 0.5576 0.4868 -0.6724
vn 0.9016 0.3775 -0.2111
vn 0.5572 0.4871 -0.6726
vn -0.2440 -0.4929 0.8351
vn 0.0374 0.4851 0.8737
vn 0.7937 -0.4048 -0.4540
vn 0.5572 0.4869 -0.6726
vn 0.0976 -0.9741 0.2039
vn -0.8702 0.2998 -0.3909
vn 0.8617 0.3695 0.3479
vn 0.2695 -0.3588 0.8937
vn -0.1991 -0.8627 0.4649
vn -0.3612 0.8585 0.3640
vn 0.9018 0.3773 -0.2106
vn 0.6948 0.7038 0.1479
vn 0.0977 -0.9741 0.2037
vn 0.8454 0.4415 0.3006
vn 0.9014 0.3781 -0.2110
vn 0.5877 0.0069 -0.8091
vn 0.9019 0.3770 -0.2109
vn -0.3601 0.8594 0.3630
vn -0.7826 0.4027 -0.4746
vn 0.7640 -0.5777 0.2875
vn -0.6509 -0.4680 -0.5977
vn -0.5738 -0.0059 0.8190
vn 0.2132 0.8640 -0.4561
vn 0.3756 -0.8555 -0.3564
vn -0.1994 -0.8626 0.4648
vn 0.5871 0.0082 -0.8095
vn -0.7827 0.4026 -0.4747
vn 0.7641 -0.5775 0.2875
vn 0.8689 0.4925 0.0496
vn 0.3741 -0.8564 -0.3558
vn 0.5875 0.0086 -0.8092
vn -0.5731 -0.0059 0.8195
vn -0.1989 -0.8627 0.4649
vn 0.2126 0.8646 -0.4552
vn -0.3609 0.8585 0.3642
vn 0.8286 -0.5249 0.1948
vn -0.7316 0.4521 -0.5103
vn -0.5078 -0.4030 -0.7614
vn 0.8617 0.3692 0.3479
vn 0.8456 0.4411 0.3007
vn 0.8658 0.4952 -0.0712
vn 0.8963 -0.3749 -0.2370
vn -0.6504 -0.4690 -0.5974
vn -0.7310 0.4532 -0.5101
vn -0.1716 0.3744 -0.9113
vn 0.8279 -0.5261 0.1945
vn 0.8657 0.4954 -0.0712
vn -0.5078 -0.4031 -0.7613
vn -0.1720 -0.9848 -0.0232
vn 0.9324 0.3055 -0.1929
vn -0.9159 0.3730 0.1481
vn 0.8962 -0.3751 -0.2369
vn 0.4571 -0.8648 0.2077
vn 0.2863 0.8388 0.4631
vn -0.1718 0.3746 -0.9112
vn -0.6745 0.7103 0.2014
vn -0.1734 -0.9846 -0.0229
vn -0.8752 0.4491 0.1796
vn 0.8959 -0.3756 -0.2373
vn 0.2882 0.8382 0.4630
vn -0.7179 0.0344 -0.6953
vn 0.9058 0.4167 -0.0773
vn -0.7905 -0.5714 0.2205
vn 0.8749 -0.4585 0.1561
vn 0.7321 -0.0288 0.6806
vn -0.4422 0.8693 -0.2210
vn -0.2796 -0.8363 -0.4716
vn 0.4541 -0.8666 0.2068
vn -0.7201 0.0349 -0.6930
vn 0.9058 0.4166 -0.0773
vn -0.7906 -0.5712 0.2205
vn -0.7677 0.5015 0.3989
vn -0.2756 -0.8366 -0.4735
vn -0.7186 0.0331 -0.6946
vn -0.8759 0.4477 0.1798
vn 0.7319 -0.0289 0.6808
vn 0.4570 -0.8649 0.2076
vn -0.4450 0.8683 -0.2193
vn 0.2863 0.8387 0.4632
vn -0.7844 -0.5102 0.3528
vn 0.8805 0.4691 -0.0689
vn 0.8790 -0.3806 0.2873
vn -0.9160 0.3729 0.1482
vn -0.8760 0.4476 0.1798
vn -0.6450 0.5140 0.5655
vn -0.4793 -0.3297 0.8134
vn 0.8804 0.4692 -0.0689
vn 0.7628 0.4087 0.5011
vn -0.7843 -0.5104 0.3527
vn -0.6445 0.5148 0.5653
vn 0.8786 -0.3813 0.2874
vn -0.0581 -0.6472 0.7601
vn 0.0067 -0.2223 -0.9750
vn -0.0535 -0.5471 -0.8353
vn -0.4794 -0.3294 0.8134
vn -0.4707 -0.8593 0.2003
vn -0.5165 0.8556 -0.0352
vn 0.7627 0.4089 0.5012
vn 0.0579 0.9718 0.2287
vn -0.0580 -0.6474 0.7599
vn -0.1040 -0.6155 -0.7812
vn -0.4793 -0.3296 0.8134
vn -0.5191 0.8540 -0.0350
vn 0.9918 0.0132 -0.1271
vn 0.0871 0.4174 -0.9045
vn 0.0627 -0.5702 0.8191
vn 0.3095 -0.4525 -0.8364
vn -0.9891 -0.0059 0.1468
vn 0.4723 0.8625 -0.1817
vn 0.5181 -0.8537 0.0530
vn -0.4719 -0.8586 0.2002
vn 0.9920 0.0087 -0.1262
vn 0.0872 0.4174 -0.9046
vn 0.0626 -0.5701 0.8192
vn 0.2382 0.5088 0.8273
vn 0.5194 -0.8529 0.0532
vn 0.9919 0.0097 -0.1265
vn -0.1041 -0.6156 -0.7811
vn -0.9893 -0.0059 0.1457
vn -0.4709 -0.8592 0.2000
vn 0.4726 0.8625 -0.1812
vn -0.5164 0.8556 -0.0355
vn 0.2060 -0.5051 0.8381
vn 0.0643 0.4742 -0.8780
vn 0.4296 -0.4021 -0.8086
vn 0.4405 0.5003 0.7454
vn 0.7557 -0.3021 0.5811
vn 0.3095 -0.4522 -0.8365
vn 0.0643 0.4742 -0.8781
vn 0.5772 0.4263 -0.6965
vn 0.2060 -0.5050 0.8382
vn 0.4405 0.5003 0.7455
vn 0.4296 -0.4023 -0.8085
vn -0.0139 -0.9794 -0.2014
vn 0.5983 0.3045 0.7412
vn -0.5744 0.3675 -0.7314
vn 0.7555 -0.3022 0.5813
vn 0.2034 -0.8462 0.4924
vn -0.1290 0.8535 0.5049
vn 0.5771 0.4267 -0.6963
vn -0.5312 0.7048 -0.4702
vn -0.0133 -0.9795 -0.2012
vn -0.5896 0.4457 -0.6736
vn 0.7557 -0.3019 0.5812
vn -0.1284 0.8532 0.5055
vn -0.0373 0.0015 -0.9993
vn 0.5038 0.4009 0.7652
vn -0.5349 -0.5825 -0.6120
vn 0.3223 -0.4521 0.8317
vn 0.0551 0.0034 0.9985
vn -0.1852 0.8504 -0.4925
vn 0.1480 -0.8496 -0.5062
vn 0.2041 -0.8456 0.4933
vn -0.0368 -0.0001 -0.9993
vn 0.5038 0.4007 0.7652
vn -0.5351 -0.5823 -0.6120
vn -0.7106 0.5145 -0.4800
vn 0.1463 -0.8496 -0.5068
vn -0.0374 0.0009 -0.9993
vn -0.5897 0.4463 -0.6731
vn 0.0561 0.0035 0.9984
vn 0.2039 -0.8462 0.4923
vn -0.1845 0.8500 -0.4933
vn -0.1286 0.8535 0.5050
vn -0.6362 -0.5091 -0.5798
vn 0.4696 0.4790 0.7417
vn 0.1907 -0.4397 0.8776
vn -0.5744 0.3675 -0.7315
vn -0.8261 0.4701 -0.3107
vn -0.9229 -0.3791 -0.0676
vn 0.3223 -0.4518 0.8319
vn 0.4695 0.4792 0.7416
vn -0.1063 0.3627 0.9258
vn -0.6360 -0.5095 -0.5796
vn 0.1907 -0.4397 0.8777
vn -0.5531 -0.1470 -0.8200
vn -0.4766 0.0312 0.8786
vn 0.9396 -0.0138 -0.3421
vn -0.9228 -0.3793 -0.0673
vn -0.3815 -0.8599 -0.3392
vn -0.2117 0.8588 -0.4665
vn -0.1063 0.3626 0.9259
vn 0.9926 0.1195 0.0193
vn -0.5530 -0.1471 -0.8201
vn 0.9545 0.0437 -0.2949
vn -0.9233 -0.3781 -0.0682
vn -0.2109 0.8596 -0.4654
vn 0.5577 0.0053 0.8300
vn 0.9395 -0.0138 -0.3422
vn -0.3198 0.1678 0.9325
vn 0.2357 -0.0686 -0.9694
vn -0.9443 0.1966 0.2638
vn -0.5763 -0.0040 -0.8172
vn 0.3627 0.8622 0.3536
vn 0.1987 -0.8560 0.4773
vn -0.3809 -0.8601 -0.3393
vn 0.5583 0.0069 0.8296
vn -0.3199 0.1678 0.9325
vn 0.2358 -0.0686 -0.9694
vn 0.9148 0.3347 -0.2262
vn 0.1959 -0.8562 0.4780
vn 0.5579 0.0067 0.8299
vn 0.9395 -0.0138 -0.3421
vn 0.2354 -0.0687 -0.9695
vn -0.5759 -0.0040 -0.8175
vn -0.3814 -0.8599 -0.3394
vn 0.3640 0.8624 0.3518
vn -0.2115 0.8588 -0.4665
vn 0.2690 -0.0614 -0.9612
vn -0.2978 0.2693 0.9158
vn -0.9325 0.3147 0.1770
vn 0.9395 -0.0138 -0.3423
vn 0.9545 0.0437 -0.2950
vn 0.8047 0.5184 -0.2894
vn -0.9326 0.3146 0.1768
vn 0.0945 0.4475 -0.8893
vn -0.9443 0.1967 0.2640
vn -0.9442 0.1967 0.2641
vn -0.2980 0.2693 0.9158
vn -0.9325 0.3148 0.1771
vn -0.3491 0.8020 0.4847
vn 0.0943 0.4475 -0.8893
vn 0.2692 -0.0614 -0.9611
vn 0.8046 0.5184 -0.2896
vn -0.9326 0.3147 0.1769
vn 0.0153 -0.8997 0.4363
vn -0.8194 0.2556 -0.5130
vn 0.9366 0.3162 0.1507
vn 0.0941 0.4475 -0.8893
vn -0.2099 -0.3310 -0.9200
vn 0.9418 0.2297 0.2455
vn -0.3493 0.8019 0.4847
vn 0.7441 0.6680 0.0133
vn 0.9157 0.3677 0.1623
vn 0.9418 0.2296 0.2456
vn -0.7400 0.1355 0.6589
vn -0.3510 0.8016 0.4839
vn 0.9403 0.2312 0.2497
vn -0.2604 0.0565 -0.9639
vn 0.7626 -0.6177 -0.1921
vn -0.5899 -0.8058 -0.0520
vn 0.5248 0.2408 -0.8164
vn -0.1291 0.2779 0.9519
vn 0.7345 -0.1185 -0.6682
vn 0.2022 0.3484 0.9153
vn -0.9439 -0.2134 -0.2519
vn -0.2092 -0.3311 -0.9201
vn -0.7373 0.1365 0.6616
vn -0.2604 0.0564 -0.9639
vn 0.7627 -0.6176 -0.1921
vn 0.6010 0.7922 -0.1057
vn -0.9443 -0.2125 -0.2512
vn -0.7368 0.1368 0.6621
vn 0.9157 0.3677 0.1624
vn 0.7342 -0.1187 -0.6685
vn -0.2100 -0.3311 -0.9199
vn 0.2073 0.3482 0.9142
vn 0.9418 0.2296 0.2454
vn -0.1292 0.2778 0.9519
vn 0.7599 0.2200 -0.6117
vn -0.3194 -0.6040 0.7302
vn 0.9156 0.3677 0.1623
vn 0.5035 -0.6185 -0.6033
vn -0.9162 0.0110 -0.4006
vn -0.2604 0.0563 -0.9638
vn 0.6011 0.7922 -0.1057
vn 0.1305 0.5883 0.7980
vn -0.5899 -0.8058 -0.0519
vn -0.0846 0.3444 0.9350
vn 0.9220 -0.0170 0.3869
vn 0.3269 -0.8154 0.4778
vn -0.3209 0.8092 -0.4921
vn -0.5954 -0.7982 0.0919
vn 0.3268 -0.8154 0.4778
vn 0.7598 0.2200 -0.6118
vn 0.3912 0.0605 0.9183
vn -0.5955 -0.7981 0.0919
vn 0.9220 -0.0170 0.3868
vn -0.3210 0.8092 -0.4921
vn 0.8244 -0.5637 -0.0505
vn -0.8149 -0.2268 0.5334
vn -0.6346 -0.5221 0.5697
vn -0.1291 0.2778 0.9519
vn 0.1816 -0.6700 0.7198
vn -0.4852 -0.8074 0.3355
vn 0.0817 0.8104 0.5802
vn 0.5035 -0.6184 -0.6034
vn 0.3912 0.0606 0.9183
vn 0.5034 -0.6185 -0.6034
vn 0.9530 -0.0167 -0.3026
vn 0.1816 -0.6699 0.7199
vn -0.0244 0.8427 -0.5378
vn 0.8244 -0.5637 -0.0506
vn -0.6222 -0.5752 0.5311
vn 0.9530 -0.0166 -0.3027
vn 0.4313 -0.0137 -0.9021
vn 0.9530 -0.0168 -0.3026
vn 0.0817 0.8104 0.5801
vn -0.6346 -0.5222 0.5698
vn -0.9182 -0.0668 -0.3905
vn 0.3664 -0.6889 -0.6255
vn 0.0167 -0.5290 0.8485
vn -0.5119 -0.2388 -0.8252
vn -0.6071 -0.4773 -0.6353
vn -0.4170 0.0083 0.9089
vn 0.4994 0.8018 -0.3283
vn -0.0694 -0.8156 -0.5744
vn -0.4853 -0.8074 0.3355
vn -0.9182 -0.0668 -0.3906
vn 0.3663 -0.6889 -0.6255
vn 0.2025 0.6848 -0.7001
vn -0.0693 -0.8156 -0.5745
vn 0.4313 -0.0136 -0.9021
vn -0.6221 -0.5752 0.5311
vn -0.6347 -0.5221 0.5697
vn 0.3663 -0.6888 -0.6255
vn -0.4853 -0.8075 0.3354
vn 0.4994 0.8018 -0.3282
vn -0.6071 -0.4774 -0.6353
vn 0.0674 0.2418 -0.9680
vn 0.3436 -0.6007 0.7219
vn -0.6347 -0.5220 0.5698
vn -0.6221 -0.5753 0.5310
vn -0.1212 -0.6108 -0.7824
vn -0.8709 0.0293 0.4906
vn -0.9181 -0.0667 -0.3906
vn 0.2027 0.6847 -0.7001
vn 0.5560 0.8306 -0.0320
vn 0.0168 -0.5289 0.8485
vn -0.5685 -0.5670 -0.5961
vn 0.8637 -0.0390 -0.5025
vn 0.6531 -0.7344 0.1849
vn -0.6605 0.7246 -0.1970
vn -0.2103 -0.6949 0.6877
vn 0.6530 -0.7344 0.1851
vn -0.8709 0.0291 0.4906
vn 0.1614 0.8409 0.5166
vn 0.6490 -0.1122 0.7524
vn -0.4246 0.8914 -0.1585
vn -0.2101 -0.6949 0.6877
vn -0.8708 0.0290 0.4908
vn 0.8637 -0.0389 -0.5025
vn 0.6531 -0.7343 0.1850
vn -0.6607 0.7244 -0.1969
vn 0.2025 0.6847 -0.7001
vn 0.0674 0.2417 -0.9680
vn 0.9476 0.0470 0.3160
vn 0.4713 -0.8434 0.2579
vn -0.2438 -0.7851 -0.5693
vn 0.6491 -0.1123 0.7524
vn -0.6448 -0.0013 -0.7643
vn -0.2439 -0.7851 -0.5693
vn 0.4715 -0.8434 0.2578
vn -0.6450 -0.0013 -0.7642
vn 0.1614 0.8408 0.5167
vn -0.4246 0.8914 -0.1584
vn 0.5781 -0.8130 -0.0696
vn -0.3369 0.2524 0.9071
vn -0.0841 0.2831 -0.9554
vn 0.6549 -0.6840 0.3212
vn -0.0700 -0.8179 0.5711
vn 0.5165 0.7926 0.3240
vn -0.1213 -0.6108 -0.7824
vn 0.0673 0.2418 -0.9680
vn 0.9476 0.0470 0.3161
vn 0.3916 -0.0069 -0.9201
vn 0.3917 -0.0070 -0.9201
vn -0.2908 0.5855 -0.7567
vn -0.1245 0.3487 -0.9289
vn -0.4160 0.0130 -0.9093
vn -0.0840 0.2831 -0.9554
vn -0.6346 0.2029 0.7457
vn 0.1749 -0.5921 -0.7867
vn -0.3629 -0.6369 0.6802
vn 0.4315 -0.0191 0.9019
vn 0.0858 0.8115 -0.5780
vn -0.5031 -0.7985 -0.3306
vn -0.0701 -0.8179 0.5711
vn -0.4161 0.0130 -0.9092
vn 0.1750 -0.5921 -0.7867
vn -0.5617 0.0566 -0.8254
vn -0.0841 0.2832 -0.9554
vn 0.1749 -0.5921 -0.7866
vn 0.4314 -0.0190 0.9019
vn 0.0859 0.8115 -0.5781
vn 0.5166 0.7926 0.3240
vn -0.8429 -0.5136 0.1602
vn 0.7299 -0.2505 -0.6360
vn 0.5028 -0.4814 -0.7180
vn -0.1247 0.3487 -0.9289
vn -0.2360 -0.6553 -0.7175
vn 0.4751 -0.7665 -0.4322
vn -0.1200 0.8578 -0.4997
vn -0.3628 -0.6369 0.6802
vn -0.6346 0.2028 0.7457
vn -0.9064 -0.0850 0.4138
vn -0.2359 -0.6553 -0.7176
vn -0.9064 -0.0849 0.4138
vn 0.1372 0.8316 0.5381
vn -0.8429 -0.5136 0.1603
vn 0.4896 -0.6099 -0.6231
vn -0.1201 0.8579 -0.4996
vn -0.3859 -0.1019 0.9169
vn 0.5027 -0.4815 -0.7180
vn 0.9303 0.3321 -0.1561
vn -0.5553 -0.6306 0.5422
vn 0.7273 -0.4991 -0.4710
vn 0.3689 0.0964 -0.9244
vn -0.4910 0.7608 0.4244
vn 0.1071 -0.8631 0.4935
vn 0.4752 -0.7664 -0.4323
vn -0.3858 -0.1019 0.9169
vn -0.3681 0.7544 0.5435
vn 0.1577 -0.1070 0.9817
vn -0.4957 0.8007 -0.3365
vn 0.1071 -0.8631 0.4936
vn -0.3860 -0.1017 0.9169
vn 0.3690 0.0964 -0.9244
vn 0.4752 -0.7664 -0.4322
vn -0.4906 0.7611 0.4242
vn -0.5554 -0.6306 0.5421
vn 0.0699 -0.0475 0.9964
vn 0.4695 -0.7589 0.4513
vn 0.3128 -0.7017 -0.6401
vn 0.1578 -0.1068 0.9817
vn -0.1134 -0.0023 -0.9935
vn -0.4955 0.8007 -0.3366
vn 0.4695 -0.7588 0.4514
vn 0.4897 -0.6099 -0.6231
vn 0.5028 -0.4813 -0.7180
vn -0.5554 -0.6306 0.5422
vn 0.3128 -0.7017 -0.6402
vn -0.8024 -0.5916 0.0785
vn 0.8399 -0.2369 -0.4883
vn 0.6724 -0.5440 -0.5020
vn 0.4896 -0.6100 -0.6231
vn -0.0428 -0.7634 0.6445
vn -0.5365 -0.8435 0.0273
vn -0.1754 0.7248 0.6663
vn 0.7273 -0.4992 -0.4710
vn 0.9303 0.3321 -0.1560
vn 0.7274 -0.4991 -0.4710
vn 0.9980 0.0330 0.0539
vn -0.0428 -0.7634 0.6446
vn 0.7274 -0.4991 -0.4709
vn 0.9980 0.0330 0.0540
vn -0.0273 0.8865 0.4619
vn -0.8024 -0.5916 0.0786
vn 0.6594 -0.5952 -0.4592
vn -0.0426 -0.7634 0.6445
vn 0.7345 0.1051 -0.6704
vn 0.6723 -0.5441 -0.5019
vn 0.9092 0.0214 0.4159
vn -0.3475 -0.6413 0.6841
vn -0.2486 -0.5411 -0.8033
vn 0.7156 -0.2337 0.6582
vn 0.7499 -0.4798 0.4555
vn -0.7225 -0.1119 0.6823
vn 0.5477 0.8365 -0.0153
vn 0.1855 -0.7314 -0.6563
vn -0.5364 -0.8435 0.0271
vn 0.7346 0.1051 -0.6703
vn -0.3475 -0.6414 0.6840
vn -0.2658 0.7509 0.6046
vn 0.1856 -0.7313 -0.6563
vn 0.7345 0.1050 -0.6705
vn -0.7225 -0.1118 0.6822
vn 0.5477 0.8365 -0.0154
vn 0.7499 -0.4799 0.4554
vn 0.1741 0.2288 0.9578
vn -0.5195 -0.5898 -0.6183
vn 0.6724 -0.5441 -0.5019
vn 0.9091 0.0214 0.4159
vn 0.2781 -0.6133 0.7393
vn 0.8833 0.0240 -0.4683
vn 0.9092 0.0212 0.4159
vn -0.2656 0.7509 0.6046
vn -0.5201 0.8373 0.1687
vn -0.2487 -0.5412 -0.8033
vn 0.7076 -0.5595 0.4315
vn -0.8757 -0.0321 0.4818
vn -0.2657 0.7509 0.6046
vn -0.6014 -0.7915 -0.1086
vn 0.6096 0.7833 0.1222
vn 0.2735 -0.7590 -0.5908
vn -0.6016 -0.7914 -0.1085
vn 0.8832 0.0238 -0.4684
vn -0.2139 0.8425 -0.4944
vn -0.6782 0.1170 -0.7255
vn 0.5622 0.7743 0.2904
vn 0.2738 -0.7590 -0.5908
vn 0.8832 0.0240 -0.4683
vn -0.8758 -0.0321 0.4817
vn -0.6015 -0.7915 -0.1086
vn 0.6095 0.7833 0.1222
vn 0.1742 0.2288 0.9578
vn -0.5194 -0.5898 -0.6183
vn -0.9929 0.0940 -0.0731
vn -0.4883 -0.8452 -0.2172
vn 0.1420 -0.8974 0.4176
vn -0.6785 0.1167 -0.7253
vn 0.7139 -0.0012 0.7003
vn 0.5623 0.7743 0.2903
vn 0.1418 -0.8975 0.4176
vn -0.4886 -0.8450 -0.2173
vn -0.6784 0.1169 -0.7254
vn 0.7077 -0.5595 0.4314
vn 0.7499 -0.4798 0.4554
vn 0.1417 -0.8976 0.4175
vn 0.5624 0.7743 0.2902
vn 0.2782 -0.9001 0.3352
vn -0.9612 0.2570 0.1000
vn 0.8279 0.3046 -0.4710
vn -0.7019 -0.6525 -0.2856
vn 0.0164 -0.7424 -0.6697
vn -0.5110 0.8370 -0.1959
vn 0.2782 -0.6133 0.7392
vn -0.2662 -0.0883 0.9599
vn -0.2662 -0.0884 0.9599
vn 0.5955 0.6653 -0.4503
vn 0.2783 -0.9001 0.3352
vn 0.8185 0.3634 -0.4449
vn -0.7020 -0.6525 -0.2856
vn 0.4660 -0.1069 0.8783
vn -0.8066 0.0598 -0.5880
vn 0.4687 -0.6193 -0.6299
vn -0.1988 -0.9265 -0.3194
vn 0.9584 0.2839 0.0292
vn -0.9072 0.3379 0.2507
vn -0.4813 0.1005 -0.8708
vn -0.0305 0.7364 0.6758
vn 0.4987 -0.8431 0.2013
vn 0.0163 -0.7424 -0.6697
vn 0.4661 -0.1070 0.8782
vn -0.0272 0.8480 0.5294
vn 0.2926 -0.1128 0.9496
vn -0.2950 0.8991 -0.3235
vn -0.4814 0.1004 -0.8708
vn 0.0164 -0.7424 -0.6698
vn -0.0305 0.7364 0.6759
vn -0.5110 0.8370 -0.1958
vn 0.2679 0.8294 0.4903
vn 0.7893 0.1145 0.6032
vn -0.6295 0.7619 -0.1521
vn 0.3001 -0.8501 0.4327
vn -0.0260 -0.7912 -0.6110
vn 0.2927 -0.1129 0.9495
vn -0.2884 -0.0010 -0.9575
vn -0.2950 0.8991 -0.3234
vn -0.0259 -0.7911 -0.6111
vn 0.3001 -0.8501 0.4328
vn -0.0272 0.8479 0.5294
vn -0.8066 0.0599 -0.5881
vn 0.4687 -0.6194 -0.6299
vn 0.4044 0.7889 -0.4627
vn 0.5466 -0.8326 0.0896
vn -0.1818 -0.8845 -0.4296
vn -0.8238 -0.0015 -0.5670
vn -0.6296 0.7619 -0.1521
vn -0.1818 -0.8845 -0.4297
vn 0.5468 -0.8325 0.0895
vn 0.8185 0.3635 -0.4449
vn -0.8239 -0.0015 -0.5668
vn 0.2680 0.8293 0.4903
vn -0.6297 0.7618 -0.1520
vn -0.9072 0.3378 0.2506
vn 0.8776 0.3189 0.3579
vn -0.7927 -0.5832 0.1774
vn 0.8186 0.3634 -0.4449
vn -0.8066 0.0598 -0.5881
vn 0.7447 -0.5884 0.3151
vn -0.9618 0.0198 0.2731
vn -0.8066 0.0597 -0.5881
vn 0.4042 0.7890 -0.4628
vn -0.6695 0.6750 0.3101
vn -0.1988 -0.9266 -0.3193
vn -0.8757 0.4118 0.2521
vn 0.9571 -0.0264 -0.2886
vn 0.5472 -0.8220 0.1575
vn -0.5524 0.8153 -0.1737
vn -0.4095 -0.7951 0.4473
vn 0.5474 -0.8219 0.1575
vn -0.9617 0.0198 0.2734
vn 0.8776 0.3188 0.3580
vn -0.6690 0.1878 0.7191
vn -0.4094 -0.7952 0.4473
vn -0.9618 0.0201 0.2731
vn -0.7928 -0.5832 0.1773
vn 0.9571 -0.0263 -0.2886
vn 0.5472 -0.8220 0.1576
vn -0.5523 0.8153 -0.1737
vn -0.7462 -0.6343 0.2021
vn 0.8489 -0.2471 -0.4672
vn 0.7082 -0.5652 -0.4232
vn -0.9072 0.3379 0.2506
vn -0.4773 -0.5479 0.6870
vn -0.4729 -0.8809 0.0198
vn -0.4934 0.8380 0.2329
vn 0.7446 -0.5884 0.3151
vn 0.7447 -0.5884 0.3150
vn 0.7556 0.1898 0.6270
vn -0.4774 -0.5478 0.6870
vn 0.7556 0.1899 0.6270
vn -0.0977 0.9474 0.3048
vn -0.7463 -0.6342 0.2021
vn 0.6996 -0.6063 -0.3781
vn -0.4774 -0.5479 0.6869
vn -0.4932 0.8382 0.2328
vn 0.9748 0.0396 -0.2194
vn 0.7082 -0.5652 -0.4231
vn 0.9045 0.1606 0.3951
vn -0.2977 -0.5393 0.7877
vn 0.1905 -0.9360 0.2959
vn -0.9586 0.2802 -0.0502
vn 0.9234 0.3338 -0.1893
vn -0.9711 -0.0412 0.2351
vn 0.4773 0.8788 -0.0020
vn 0.4980 -0.8395 -0.2175
vn -0.4730 -0.8809 0.0197
vn 0.9748 0.0397 -0.2194
vn 0.3218 0.8465 0.4241
vn 0.8438 -0.1180 0.5235
vn -0.4442 0.8946 -0.0489
vn 0.4977 -0.8396 -0.2176
vn 0.9748 0.0397 -0.2193
vn 0.4772 0.8788 -0.0018
vn -0.4934 0.8381 0.2329
vn 0.4363 0.8358 0.3332
vn 0.9722 -0.1161 0.2032
vn -0.4340 0.8880 0.1522
vn 0.5141 -0.8487 0.1242
vn -0.4174 -0.7888 -0.4512
vn 0.8437 -0.1184 0.5237
vn -0.8448 -0.0011 -0.5350
vn -0.4443 0.8946 -0.0488
vn -0.4171 -0.7890 -0.4511
vn 0.8438 -0.1181 0.5235
vn -0.8449 -0.0012 -0.5349
vn -0.4172 -0.7889 -0.4512
vn 0.3221 0.8464 0.4241
vn -0.4442 0.8946 -0.0488
vn -0.3314 0.8518 0.4057
vn -0.3596 -0.1223 0.9251
vn -0.0107 0.9030 -0.4296
vn 0.5360 -0.8384 -0.0987
vn -0.5430 -0.7743 -0.3249
vn 0.9722 -0.1162 0.2031
vn -0.9757 -0.0014 -0.2193
vn -0.4338 0.8881 0.1521
vn -0.5431 -0.7743 -0.3249
vn 0.5358 -0.8386 -0.0988
vn 0.9722 -0.1163 0.2030
vn -0.5432 -0.7742 -0.3249
vn 0.4363 0.8358 0.3333
vn -0.4337 0.8881 0.1524
vn 0.9046 0.1603 0.3949
vn -0.2977 -0.5392 0.7878
vn -0.3274 0.8233 0.4637
vn -0.0508 -0.8539 0.5180
vn 0.3449 -0.7866 -0.5121
vn -0.3594 -0.1224 0.9251
vn 0.3681 -0.0009 -0.9298
vn -0.0108 0.9029 -0.4298
vn 0.3447 -0.7868 -0.5120
vn -0.0513 -0.8537 0.5182
vn -0.3595 -0.1222 0.9251
vn 0.6996 -0.6062 -0.3782
vn 0.7081 -0.5652 -0.4232
vn -0.2976 -0.5393 0.7878
vn 0.3447 -0.7867 -0.5121
vn -0.3315 0.8518 0.4056
vn -0.8751 0.3548 -0.3290
vn 0.7816 -0.5828 -0.2223
vn 0.7082 -0.5651 -0.4232
vn -0.7833 -0.5160 -0.3468
vn 0.8865 0.0060 -0.4626
vn 0.6760 0.6869 -0.2669
vn 0.1906 -0.9360 0.2959
vn 0.8878 0.4091 -0.2107
vn -0.8789 -0.0106 0.4769
vn -0.3273 0.8234 0.4636
vn -0.5434 -0.8390 0.0280
vn 0.5511 0.8343 -0.0139
vn 0.3353 -0.8281 -0.4492
vn 0.8865 0.0057 -0.4627
vn 0.5339 0.8405 -0.0924
vn 0.8275 -0.1269 -0.5470
vn -0.2050 0.8950 0.3961
vn 0.3350 -0.8282 -0.4493
vn -0.8789 -0.0105 0.4769
vn -0.5435 -0.8390 0.0281
vn 0.5513 0.8342 -0.0139
vn -0.3272 0.8234 0.4637
vn -0.8752 0.3548 -0.3290
vn 0.7816 -0.5829 -0.2223
vn 0.6458 0.2588 -0.7183
vn 0.3173 -0.8435 -0.4334
vn -0.6065 -0.7753 0.1763
vn 0.8274 -0.1269 -0.5471
vn -0.8423 -0.0013 0.5389
vn -0.2050 0.8950 0.3962
vn -0.6065 -0.7754 0.1761
vn 0.3174 -0.8434 -0.4334
vn 0.8274 -0.1268 -0.5471
vn 0.8878 0.4092 -0.2106
vn -0.8422 -0.0012 0.5392
vn -0.6064 -0.7754 0.1762
vn 0.5333 0.8409 -0.0923
vn -0.0408 -0.9448 -0.3251
vn 0.8328 0.2897 0.4717
vn -0.9137 0.3309 -0.2359
vn 0.9234 0.3338 -0.1892
vn 0.8879 0.4090 -0.2107
vn 0.5405 -0.5096 -0.6695
vn 0.4910 -0.8711 0.0119
vn 0.5089 0.8591 -0.0542
vn -0.7832 -0.5161 -0.3468
vn -0.8752 0.3547 -0.3290
vn 0.6458 0.2589 -0.7183
vn -0.6958 0.2212 -0.6833
vn -0.7201 0.6885 -0.0861
vn -0.0407 -0.9448 -0.3251
vn -0.8787 0.4183 -0.2299
vn 0.5405 -0.5096 -0.6694
vn 0.5088 0.8592 -0.0542
vn -0.9999 0.0118 0.0091
vn 0.6226 0.3391 0.7053
vn -0.7918 -0.5856 -0.1737
vn 0.4970 -0.5188 0.6956
vn 0.9996 -0.0117 -0.0263
vn -0.4904 0.8710 -0.0293
vn -0.5092 -0.8597 0.0396
vn 0.4912 -0.8710 0.0118
vn -0.9999 0.0115 0.0091
vn -0.2203 0.8245 -0.5212
vn -0.7857 -0.1154 -0.6077
vn 0.4818 0.8760 0.0236
vn -0.5092 -0.8598 0.0396
vn 0.4909 -0.8711 0.0118
vn -0.4906 0.8709 -0.0290
vn -0.7917 -0.5857 -0.1738
vn -0.9091 0.2857 0.3033
vn -0.5481 -0.8280 -0.1187
vn 0.3218 -0.7645 0.5585
vn -0.7857 -0.1155 -0.6078
vn 0.7782 -0.0016 0.6280
vn 0.4820 0.8758 0.0238
vn 0.3216 -0.7647 0.5585
vn -0.5483 -0.8278 -0.1187
vn -0.7856 -0.1153 -0.6079
vn 0.7784 -0.0016 0.6278
vn 0.3216 -0.7646 0.5586
vn -0.2202 0.8245 -0.5212
vn 0.4819 0.8759 0.0237
vn -0.1763 -0.9659 -0.1896
vn 0.9551 0.2887 0.0674
vn -0.9310 0.3496 0.1046
vn -0.8788 0.4183 -0.2298
vn -0.7482 -0.5136 0.4200
vn -0.4217 -0.8791 -0.2220
vn -0.5654 0.8210 0.0797
vn 0.4969 -0.5188 0.6956
vn 0.3901 0.2324 0.8910
vn -0.7480 -0.5139 0.4199
vn 0.3901 0.2323 0.8910
vn -0.6880 0.7113 0.1439
vn -0.1764 -0.9659 -0.1895
vn -0.8977 0.4275 0.1062
vn -0.7482 -0.5137 0.4200
vn -0.5649 0.8213 0.0797
vn 0.9830 0.0513 0.1765
vn 0.8584 0.3918 0.3311
vn -0.7929 -0.5594 0.2416
vn 0.7632 -0.4706 0.4427
vn -0.9854 -0.0547 -0.1611
vn 0.4201 0.8753 0.2395
vn 0.5634 -0.8238 -0.0624
vn -0.4220 -0.8790 -0.2218
vn 0.9829 0.0515 0.1767
vn 0.2776 0.8421 0.4624
vn 0.8029 -0.1166 0.5846
vn -0.4419 0.8951 -0.0595
vn 0.9829 0.0519 0.1767
vn -0.9854 -0.0548 -0.1612
vn -0.4217 -0.8792 -0.2220
vn 0.4195 0.8755 0.2397
vn -0.5654 0.8209 0.0797
vn 0.3779 0.8643 0.3320
vn 0.8029 0.1120 0.5855
vn -0.5170 0.8032 -0.2960
vn 0.5147 -0.8445 0.1480
vn -0.3765 -0.7795 -0.5007
vn 0.8029 -0.1167 0.5846
vn -0.8010 -0.0012 -0.5987
vn -0.4420 0.8950 -0.0594
vn -0.3765 -0.7795 -0.5006
vn 0.5149 -0.8444 0.1480
vn 0.8030 -0.1165 0.5845
vn -0.8009 -0.0011 -0.5988
vn -0.3764 -0.7795 -0.5007
vn 0.2773 0.8421 0.4625
vn -0.4420 0.8950 -0.0595
vn 0.1922 0.8274 -0.5277
vn -0.1450 -0.1109 -0.9832
vn 0.3220 0.8769 0.3570
vn 0.4336 -0.8651 0.2523
vn -0.2984 -0.9182 -0.2605
vn 0.8028 0.1119 0.5857
vn -0.8209 -0.0002 -0.5710
vn -0.5172 0.8030 -0.2961
vn -0.2983 -0.9182 -0.2604
vn 0.4338 -0.8650 0.2523
vn 0.8028 0.1121 0.5856
vn -0.8209 -0.0003 -0.5711
vn -0.2982 -0.9183 -0.2604
vn 0.3777 0.8643 0.3320
vn -0.4304 0.8375 0.3368
vn -0.4510 -0.1173 0.8848
vn -0.0203 0.8851 -0.4649
vn -0.3053 -0.8304 -0.4661
vn -0.1486 -0.7734 0.6162
vn -0.1449 -0.1109 -0.9832
vn 0.1282 -0.0015 0.9917
vn 0.3219 0.8769 0.3569
vn -0.1486 -0.7734 0.6163
vn -0.3052 -0.8305 -0.4660
vn -0.1449 -0.1110 -0.9832
vn 0.3220 0.8769 0.3568
vn 0.8584 0.3918 0.3310
vn -0.7930 -0.5593 0.2417
vn -0.6795 0.3389 0.6507
vn -0.0498 -0.8401 0.5401
vn 0.4487 -0.7811 -0.4343
vn -0.4507 -0.1172 0.8849
vn 0.4677 -0.0013 -0.8839
vn -0.0199 0.8851 -0.4649
vn 0.4488 -0.7811 -0.4341
vn -0.0503 -0.8400 0.5402
vn -0.4508 -0.1171 0.8849
vn -0.8977 0.4276 0.1062
vn 0.4677 -0.0014 -0.8839
vn 0.4486 -0.7812 -0.4341
vn -0.4303 0.8375 0.3368
vn -0.0201 0.8851 -0.4650
vn 0.4739 -0.5971 0.6473
vn -0.8062 -0.2470 -0.5376
vn -0.7303 -0.5690 -0.3780
vn -0.9311 0.3495 0.1046
vn -0.8978 0.4275 0.1062
vn -0.4975 -0.4472 0.7433
vn -0.4732 -0.8787 0.0635
vn -0.4939 0.8493 0.1864
vn 0.7632 -0.4707 0.4428
vn 0.7293 0.2968 0.6164
vn 0.7294 0.2968 0.6164
vn 0.3714 0.9171 -0.1445
vn 0.4739 -0.5970 0.6473
vn -0.6709 -0.6241 -0.4005
vn -0.4974 -0.4472 0.7433
vn -0.4942 0.8491 0.1866
vn 0.9755 0.0280 -0.2182
vn -0.2022 0.1587 -0.9664
vn 0.7704 -0.5997 -0.2166
vn -0.2996 -0.5991 -0.7425
vn 0.6732 -0.2226 0.7052
vn 0.6708 -0.5200 0.5288
vn -0.9721 -0.0283 0.2329
vn 0.4773 0.8775 -0.0470
vn 0.4986 -0.8498 -0.1709
vn -0.4728 -0.8789 0.0635
vn 0.9755 0.0278 -0.2182
vn 0.4987 0.8650 0.0559
vn 0.9709 0.1250 0.2045
vn -0.5785 0.8000 -0.1588
vn 0.4983 -0.8500 -0.1709
vn 0.9755 0.0274 -0.2183
vn -0.9720 -0.0282 0.2331
vn 0.4776 0.8773 -0.0471
vn -0.4938 0.8493 0.1865
vn 0.7706 -0.5994 -0.2167
vn 0.6440 0.7600 -0.0875
vn 0.4772 -0.8645 0.1582
vn -0.3957 -0.9182 -0.0151
vn 0.9710 0.1243 0.2045
vn -0.9801 0.0003 -0.1985
vn -0.5781 0.8003 -0.1591
vn -0.3955 -0.9183 -0.0153
vn 0.4778 -0.8641 0.1580
vn 0.9709 0.1246 0.2044
vn -0.6710 -0.6241 -0.4004
vn -0.9802 0.0003 -0.1980
vn -0.3954 -0.9184 -0.0151
vn 0.4991 0.8648 0.0556
vn -0.5782 0.8003 -0.1589
vn 0.2137 0.3042 0.9283
vn -0.5829 -0.5904 -0.5583
vn -0.7304 -0.5689 -0.3779
vn -0.6710 -0.6240 -0.4005
vn -0.2022 0.1586 -0.9664
vn 0.1545 -0.5767 0.8022
vn -0.9469 0.1120 -0.3015
vn -0.2020 0.1588 -0.9664
vn 0.6441 0.7599 -0.0873
vn -0.4179 0.9065 0.0598
vn -0.2997 -0.5991 -0.7425
vn 0.6200 -0.5979 0.5080
vn 0.9509 -0.1160 0.2870
vn 0.3096 -0.8818 0.3558
vn -0.3061 0.8758 -0.3732
vn -0.6413 -0.7641 0.0701
vn 0.3088 -0.8820 0.3559
vn -0.9468 0.1125 -0.3016
vn -0.0824 0.7710 -0.6315
vn -0.7442 -0.1184 -0.6574
vn 0.5720 0.8195 -0.0348
vn -0.6410 -0.7644 0.0702
vn -0.9469 0.1119 -0.3015
vn 0.9507 -0.1162 0.2876
vn 0.3093 -0.8819 0.3559
vn -0.3060 0.8758 -0.3732
vn 0.6442 0.7599 -0.0874
vn 0.2137 0.3041 0.9284
vn -0.9652 0.2137 -0.1509
vn -0.6271 -0.7755 -0.0735
vn 0.1906 -0.7146 0.6730
vn -0.7442 -0.1182 -0.6574
vn 0.7195 -0.0023 0.6945
vn 0.5717 0.8197 -0.0350
vn 0.1911 -0.7144 0.6731
vn -0.6267 -0.7758 -0.0734
vn -0.7441 -0.1187 -0.6574
vn 0.6201 -0.5979 0.5080
vn 0.7195 -0.0024 0.6945
vn 0.1910 -0.7144 0.6732
vn -0.0829 0.7709 -0.6315
vn 0.5718 0.8197 -0.0350
vn -0.2052 -0.9678 0.1461
vn 0.3216 0.2775 -0.9053
vn -0.0871 0.3701 0.9249
vn 0.6708 -0.5201 0.5288
vn -0.8378 -0.5406 -0.0769
vn -0.2503 -0.8639 -0.4370
vn -0.4108 0.8561 -0.3137
vn 0.1545 -0.5766 0.8023
vn -0.1553 0.1677 0.9735
vn -0.8378 -0.5406 -0.0770
vn -0.0688 0.7209 0.6896
vn -0.2051 -0.9678 0.1461
vn -0.1148 0.4159 0.9021
vn -0.4111 0.8559 -0.3137
vn 0.6355 0.0054 0.7721
vn 0.8825 0.2349 -0.4074
vn 0.4286 -0.4813 0.7646
vn -0.2923 -0.3948 0.8710
vn -0.4657 -0.8656 0.1839
vn -0.4321 0.8645 0.2569
vn 0.2544 -0.9507 0.1772
vn -0.9270 0.2854 0.2431
vn 0.8190 0.3638 -0.4438
vn -0.6481 -0.0062 -0.7616
vn 0.2362 0.8623 0.4480
vn 0.3994 -0.8577 0.3238
vn -0.2505 -0.8639 -0.4369
vn 0.6354 0.0050 0.7721
vn -0.1203 -0.5187 -0.8465
vn 0.4339 -0.8501 -0.2983
vn 0.0843 0.8268 -0.5561
vn -0.1238 0.8601 0.4948
vn -0.0390 -0.1228 0.9917
vn -0.0964 0.9118 -0.3992
vn 0.3996 -0.8577 0.3236
vn 0.6356 0.0050 0.7720
vn -0.6483 -0.0062 -0.7614
vn -0.2504 -0.8640 -0.4369
vn 0.2366 0.8622 0.4480
vn -0.4109 0.8561 -0.3136
vn 0.8825 0.2349 -0.4075
vn 0.0130 0.8512 0.5247
vn 0.9039 0.3888 0.1783
vn -0.0870 -0.4458 -0.8909
vn 0.9240 -0.3822 -0.0108
vn 0.0701 -0.8612 0.5035
vn 0.1056 -0.7933 -0.5996
vn -0.0391 -0.1226 0.9917
vn 0.0380 -0.0006 -0.9993
vn -0.0963 0.9118 -0.3993
vn 0.1057 -0.7932 -0.5997
vn 0.0704 -0.8612 0.5034
vn -0.0391 -0.1227 0.9917
vn 0.1056 -0.7932 -0.5997
vn -0.1243 0.8600 0.4949
vn -0.0963 0.9118 -0.3992
vn 0.4794 0.2249 -0.8483
vn -0.8043 -0.5753 -0.1487
vn 0.2432 -0.4989 -0.8318
vn -0.9286 0.3584 -0.0966
vn 0.7156 -0.5655 -0.4100
vn 0.8826 0.2346 -0.4073
vn 0.2590 0.0046 -0.9659
vn 0.8824 0.2350 -0.4075
vn 0.0127 0.8512 0.5247
vn 0.5831 0.6997 -0.4128
vn 0.2545 -0.9507 0.1770
vn 0.7942 0.4282 -0.4312
vn -0.2429 -0.0068 0.9700
vn -0.2397 -0.8606 0.4493
vn 0.1183 -0.4443 0.8881
vn -0.3258 -0.8705 0.3689
vn -0.2326 0.8568 0.4602
vn 0.5695 0.3262 -0.7545
vn -0.8170 -0.5025 -0.2830
vn 0.3034 -0.3674 -0.8792
vn 0.2557 0.8582 -0.4452
vn 0.0028 -0.8538 -0.5205
vn -0.2398 -0.8606 0.4494
vn 0.2590 0.0042 -0.9659
vn 0.5145 0.4001 0.7584
vn 0.5748 -0.4335 -0.6940
vn 0.6361 -0.3798 0.6716
vn -0.9285 0.3584 -0.0967
vn 0.7156 -0.5656 -0.4099
vn 0.4793 0.2248 -0.8483
vn 0.0028 -0.8538 -0.5207
vn 0.2591 0.0044 -0.9659
vn 0.7942 0.4281 -0.4311
vn -0.2435 -0.0067 0.9699
vn -0.2398 -0.8606 0.4493
vn 0.2558 0.8582 -0.4451
vn 0.0129 0.8512 0.5247
vn -0.1060 -0.9800 0.1686
vn 0.1033 0.2974 -0.9491
vn 0.0073 0.3681 0.9298
vn 0.8189 0.3638 -0.4438
vn 0.7942 0.4281 -0.4312
vn -0.9286 0.3583 -0.0966
vn 0.2432 -0.4989 -0.8319
vn 0.4089 -0.8850 -0.2225
vn 0.4206 0.8440 -0.3330
vn -0.8044 -0.5752 -0.1486
vn -0.9285 0.3585 -0.0967
vn 0.4794 0.2248 -0.8483
vn -0.8961 0.2485 -0.3678
vn -0.8960 0.2487 -0.3679
vn 0.0269 0.7205 0.6930
vn -0.1061 -0.9799 0.1687
vn 0.0027 0.4421 0.8970
vn -0.6796 0.3389 0.6506
vn -0.8961 0.2484 -0.3678
vn -0.8475 0.0399 0.5293
vn -0.8961 0.2484 -0.3679
vn 0.4200 0.8442 -0.3330
vn 0.3779 0.4177 -0.8263
vn 0.1931 -0.5362 0.8217
vn -0.9090 0.2858 0.3033
vn 0.0700 -0.0475 0.9964
vn -0.0427 -0.7635 0.6445
vn 0.8399 -0.0407 -0.5412
vn -0.7019 -0.6525 -0.2855
vn -0.4188 0.8839 0.2082
vn -0.4298 -0.8440 0.3208
vn 0.4088 -0.8850 -0.2227
vn -0.8474 0.0404 0.5295
vn -0.3629 -0.6368 0.6802
vn -0.2359 -0.6553 -0.7175
vn -0.3474 -0.6414 0.6841
vn -0.5168 0.8476 -0.1205
vn -0.9909 0.1083 0.0795
vn 0.5701 0.7869 -0.2364
vn -0.4293 -0.8442 0.3209
vn 0.8396 -0.0407 -0.5417
vn 0.4089 -0.8850 -0.2227
vn -0.4186 0.8840 0.2082
vn 0.4205 0.8440 -0.3330
vn 0.5145 0.4000 0.7585
vn -0.4773 -0.8500 0.2229
vn 0.4114 -0.9024 0.1280
vn -0.9910 0.1081 0.0795
vn 0.9930 -0.0011 -0.1178
vn 0.5704 0.7867 -0.2362
vn 0.4109 -0.9026 0.1281
vn -0.4778 -0.8497 0.2230
vn -0.9909 0.1086 0.0795
vn 0.0028 0.4420 0.8970
vn 0.4109 -0.9026 0.1282
vn -0.5167 0.8476 -0.1207
vn 0.5705 0.7866 -0.2362
vn 0.9148 0.3348 -0.2259
vn 0.2692 -0.0613 -0.9611
vn -0.2225 -0.9728 0.0640
vn 0.6789 0.2752 -0.6807
vn -0.5041 0.3724 0.7792
vn 0.0074 0.3681 0.9298
vn 0.0029 0.4421 0.8970
vn 0.3778 0.4177 -0.8263
vn 0.6362 -0.3798 0.6716
vn 0.0401 -0.8614 0.5064
vn -0.1692 0.8574 0.4861
vn 0.5747 -0.4337 -0.6940
vn 0.7475 0.3442 -0.5682
vn 0.7474 0.3444 -0.5682
vn -0.3814 0.7278 0.5700
vn -0.5124 0.4173 0.7506
vn 0.3911 0.0605 0.9183
vn -0.7677 0.5015 0.3990
vn 0.1623 0.0091 -0.9867
vn 0.9578 0.2844 -0.0414
vn 0.1183 -0.4443 0.8880
vn -0.7104 0.5150 -0.4796
vn -0.8571 0.5077 -0.0869
vn 0.0348 -0.9783 0.2041
vn -0.5898 0.2948 -0.7518
vn 0.6598 0.3683 0.6550
vn -0.1455 -0.0063 0.9893
vn 0.8696 0.4912 0.0499
vn 0.2382 0.5089 0.8272
vn 0.5910 0.5118 0.6235
vn -0.0232 0.8640 -0.5030
vn 0.1847 -0.8555 -0.4838
vn 0.0405 -0.8615 0.5061
vn 0.1626 0.0092 -0.9867
vn -0.0611 0.4495 -0.8912
vn -0.1785 0.5194 0.8357
vn 0.9579 0.2840 -0.0415
vn 0.1842 -0.8557 -0.4836
vn 0.1624 0.0092 -0.9867
vn -0.5123 0.4175 0.7505
vn -0.1452 -0.0063 0.9894
vn 0.0402 -0.8614 0.5063
vn -0.0233 0.8640 -0.5030
vn -0.1692 0.8573 0.4861
vn 0.8758 0.4745 0.0879
vn -0.3152 0.4148 -0.8536
vn 0.7066 -0.5402 0.4570
vn -0.5041 0.3723 0.7792
vn 0.5858 0.0118 -0.8104
vn 0.5107 0.7210 0.4682
vn 0.0348 -0.9783 0.2042
vn 0.6334 0.4409 0.6359
vn -0.5730 -0.0123 0.8195
vn 0.1633 0.5178 0.8398
vn -0.5767 0.5100 0.6382
vn -0.2853 0.5075 0.8131
vn 0.3398 0.8692 -0.3592
vn 0.2460 -0.8579 -0.4511
vn -0.3256 -0.8706 0.3689
vn 0.5860 0.0116 -0.8102
vn 0.6158 0.4687 0.6333
vn -0.8376 0.5024 0.2145
vn 0.7065 -0.5403 0.4571
vn 0.9039 0.3887 0.1784
vn 0.2460 -0.8578 -0.4512
vn 0.5860 0.0114 -0.8102
vn 0.6334 0.4409 0.6360
vn 0.3400 0.8692 -0.3590
vn -0.2322 0.8568 0.4603
vn 0.1004 0.4605 0.8819
vn 0.2071 -0.9743 0.0891
vn -0.9405 0.2903 0.1765
vn 0.8811 0.3707 -0.2937
vn 0.9240 -0.3823 -0.0109
vn 0.3984 -0.8629 0.3109
vn 0.2841 0.8617 0.4205
vn -0.0871 -0.4458 -0.8909
vn 0.0858 0.3429 -0.9354
vn 0.0859 0.3429 -0.9355
vn 0.6422 0.7203 -0.2621
vn 0.2071 -0.9743 0.0890
vn 0.8514 0.4388 -0.2874
vn -0.6632 0.5425 0.5156
vn -0.7098 0.4697 -0.5250
vn -0.3977 0.4906 0.7754
vn 0.9241 -0.3821 -0.0107
vn 0.2842 0.8616 0.4206
vn -0.6569 0.0053 -0.7539
vn -0.9043 0.4153 -0.0989
vn 0.7330 -0.5436 -0.4090
vn -0.8958 0.4349 -0.0914
vn -0.8622 0.4101 0.2974
vn 0.6699 -0.0031 0.7424
vn -0.3298 0.3939 -0.8579
vn -0.3968 -0.5060 0.7658
vn 0.9222 0.3775 -0.0842
vn 0.8086 0.4025 -0.4292
vn -0.3850 0.8647 -0.3224
vn -0.2733 -0.8601 -0.4308
vn 0.3976 -0.8633 0.3107
vn -0.6573 0.0056 -0.7536
vn -0.6168 0.4826 -0.6218
vn -0.0993 -0.5450 0.8326
vn 0.7108 0.3676 0.5997
vn -0.9044 0.4150 -0.0988
vn 0.7332 -0.5434 -0.4089
vn 0.5696 0.3262 -0.7544
vn -0.2724 -0.8603 -0.4308
vn -0.6570 0.0048 -0.7539
vn 0.8513 0.4390 -0.2874
vn 0.6695 -0.0031 0.7428
vn 0.3984 -0.8629 0.3111
vn -0.3851 0.8647 -0.3225
vn 0.2839 0.8617 0.4205
vn 0.1212 0.3630 -0.9239
vn 0.5575 -0.6405 -0.5281
vn -0.5564 -0.2443 0.7942
vn -0.4515 -0.5662 0.6896
vn 0.8811 0.3706 -0.2938
vn 0.3035 -0.3675 -0.8791
vn 0.3842 -0.8528 -0.3537
vn 0.5101 0.8551 -0.0931
vn -0.8448 0.3624 -0.3938
vn -0.8448 0.3622 -0.3939
vn -0.0199 0.9551 -0.2956
vn 0.5575 -0.6406 -0.5281
vn -0.4651 -0.6040 0.6472
vn 0.8966 0.3963 -0.1977
vn 0.5108 0.8546 -0.0935
vn -0.9085 0.0056 0.4179
vn -0.9769 0.1967 0.0833
vn -0.1203 -0.5188 -0.8464
vn 0.8665 -0.4727 -0.1601
vn 0.8354 0.3336 0.4367
vn -0.6868 -0.6542 0.3169
vn 0.8849 -0.2462 -0.3954
vn 0.7714 -0.5644 -0.2941
vn 0.9022 -0.0014 -0.4313
vn -0.2794 0.3265 0.9030
vn 0.7388 -0.5643 -0.3685
vn -0.8936 0.3793 -0.2399
vn 0.3546 -0.6364 0.6850
vn -0.6218 -0.5124 -0.5923
vn -0.8364 -0.4965 -0.2323
vn -0.3919 0.8559 0.3374
vn -0.5171 -0.8522 0.0800
vn 0.3834 -0.8533 -0.3535
vn -0.9086 0.0055 0.4177
vn 0.2306 0.3217 0.9183
vn -0.4649 0.3307 -0.8213
vn 0.0351 -0.5738 -0.8182
vn -0.9770 0.1964 0.0834
vn -0.5170 -0.8522 0.0799
vn -0.9086 0.0044 0.4176
vn -0.4648 -0.6041 0.6473
vn 0.9022 -0.0014 -0.4314
vn 0.3841 -0.8529 -0.3537
vn -0.3916 0.8561 0.3373
vn 0.5100 0.8551 -0.0932
vn 0.8654 0.3309 0.3762
vn -0.2925 -0.3947 0.8710
vn -0.4516 -0.5661 0.6896
vn -0.4649 -0.6040 0.6473
vn -0.5461 0.0146 0.8376
vn -0.9769 0.1967 0.0835
vn 0.0845 0.8269 -0.5559
vn -0.2035 0.9739 0.1007
vn -0.6868 -0.6541 0.3170
vn 0.7637 -0.5943 -0.2524
vn 0.5326 -0.0188 -0.8462
vn -0.0206 -0.6356 0.7717
vn -0.2833 -0.4615 -0.8407
vn -0.4475 0.8458 0.2904
vn -0.0973 -0.8312 0.5474
vn 0.4344 -0.8498 -0.2986
vn -0.5460 0.0139 0.8376
vn 0.9424 0.3083 -0.1300
vn -0.4997 0.8661 0.0128
vn -0.9930 0.1178 -0.0016
vn 0.5939 0.8046 0.0010
vn -0.0984 -0.8309 0.5477
vn -0.5462 0.0145 0.8375
vn 0.5332 -0.0188 -0.8458
vn 0.4341 -0.8501 -0.2982
vn -0.4479 0.8457 0.2902
vn 0.0844 0.8269 -0.5560
vn 0.8652 0.3314 0.3763
vn -0.2925 -0.3949 0.8709
vn -0.4335 0.8636 0.2575
vn -0.9583 0.2651 0.1069
vn 0.6552 -0.5556 0.5120
vn -0.7004 -0.5963 -0.3923
vn -0.5001 -0.8658 -0.0170
vn 0.4001 -0.9161 -0.0271
vn -0.9929 0.1189 -0.0019
vn 0.9999 0.0001 -0.0103
vn 0.5946 0.8040 0.0010
vn 0.4004 -0.9160 -0.0269
vn -0.4999 -0.8659 -0.0168
vn -0.9929 0.1186 -0.0017
vn 0.7637 -0.5941 -0.2524
vn 0.4003 -0.9160 -0.0269
vn -0.4997 0.8661 0.0126
vn -0.6206 0.2591 -0.7401
vn 0.7715 -0.5642 -0.2941
vn 0.7638 -0.5941 -0.2524
vn 0.9118 0.0013 -0.4106
vn -0.9051 -0.0004 0.4251
vn 0.7068 0.2782 -0.6504
vn 0.9488 0.2884 0.1285
vn 0.4712 0.8657 -0.1688
vn 0.4394 -0.8652 -0.2416
vn -0.4654 -0.8657 0.1843
vn 0.9119 -0.0003 -0.4104
vn -0.3242 -0.7946 0.5133
vn -0.5487 0.2827 -0.7868
vn 0.7729 0.3140 0.5513
vn -0.2399 0.3947 0.8870
vn -0.4847 0.8647 -0.1315
vn -0.9408 -0.1218 -0.3162
vn 0.3709 0.9186 0.1365
vn 0.4390 -0.8653 -0.2420
vn 0.9118 -0.0006 -0.4106
vn -0.9049 -0.0003 0.4256
vn -0.4657 -0.8656 0.1840
vn 0.4726 0.8649 -0.1693
vn -0.3899 0.2363 -0.8900
vn 0.4422 -0.5504 0.7082
vn 0.8253 0.5296 0.1958
vn -0.4683 -0.8645 -0.1829
vn 0.5854 -0.7970 0.1487
vn -0.9411 -0.1210 -0.3158
vn 0.9550 0.0003 0.2966
vn 0.3703 0.9188 0.1368
vn 0.5863 -0.7964 0.1486
vn -0.4664 -0.8652 -0.1838
vn -0.9409 -0.1220 -0.3159
vn 0.9544 0.0002 0.2985
vn 0.5863 -0.7963 0.1489
vn -0.4831 0.8656 -0.1316
vn 0.3702 0.9188 0.1370
vn 0.8233 0.3675 0.4325
vn -0.9106 -0.0131 0.4131
vn -0.5652 0.0127 -0.8249
vn -0.4435 0.0125 0.8962
vn 0.7375 0.0875 -0.6696
vn 0.5593 0.0941 0.8236
vn 0.9951 0.0276 -0.0950
vn 0.7376 0.0875 -0.6696
vn 0.5593 0.0940 0.8236
vn 0.2236 0.2279 0.9477
vn -0.6115 -0.0625 0.7888
vn -0.6114 -0.0624 0.7888
vn 0.7376 0.0873 -0.6695
vn 0.9951 0.0275 -0.0950
vn 0.2237 0.2279 0.9476
vn -0.9884 -0.0457 -0.1448
vn 0.8253 0.5297 0.1959
vn -0.0879 0.2807 0.9557
vn 0.7195 0.3152 -0.6189
vn -0.1158 0.5091 0.8529
vn -0.3563 0.3953 0.8466
vn -0.5240 -0.8015 -0.2882
vn -0.2400 0.3947 0.8869
vn -0.0495 0.2606 0.9642
vn -0.9608 0.2743 -0.0395
vn 0.8432 0.3610 -0.3984
vn 0.7068 0.2784 -0.6504
vn 0.7318 0.2882 0.6176
vn -0.7004 -0.5964 -0.3922
vn -0.0237 0.3079 -0.9511
vn 0.4043 0.3977 0.8236
vn 0.4898 0.4179 0.7652
vn 0.6414 0.2925 0.7093
vn -0.5721 0.3097 0.7595
vn -0.7403 0.3999 0.5404
vn -0.8576 -0.4689 0.2114
vn -0.6564 0.4213 0.6259
vn -0.5530 0.2395 0.7980
vn -0.7755 0.3036 -0.5535
vn 0.9049 0.3862 0.1787
vn 0.2873 0.3076 0.9071
vn 0.4398 -0.8215 -0.3630
vn -0.2832 -0.4614 -0.8407
vn 0.4519 0.3165 -0.8340
vn 0.1147 0.5565 0.8229
vn -0.5166 -0.8536 -0.0675
vn 0.6861 0.3852 -0.6172
vn 0.9123 0.3267 0.2469
vn -0.8364 -0.4965 -0.2322
vn 0.6608 0.5756 0.4816
vn 0.6007 0.3988 0.6929
vn -0.1592 0.3925 -0.9059
vn -0.3353 0.5924 0.7326
vn -0.9020 0.3374 -0.2693
vn 0.8969 0.4364 -0.0709
vn 0.6652 0.3398 0.6648
vn -0.7879 0.5864 -0.1881
vn 0.2754 0.6106 0.7425
vn 0.1265 0.4082 0.9041
vn 0.4610 0.3681 0.8075
vn 0.2095 0.5867 -0.7822
vn 0.4297 0.4019 -0.8086
vn -0.2674 -0.5603 0.7839
vn -0.5423 0.3159 -0.7786
vn 0.7057 0.6183 0.3459
vn -0.3530 -0.4900 -0.7970
vn -0.2890 -0.9566 -0.0379
vn -0.0918 0.4505 0.8881
vn -0.0753 0.4315 0.8990
vn 0.8507 0.4433 -0.2825
vn 0.8086 0.4025 -0.4291
vn 0.9135 0.3247 0.2451
vn -0.7566 0.6464 0.0983
vn -0.1745 -0.2887 -0.9414
vn 0.2727 0.9516 0.1419
vn -0.0032 -0.5664 -0.8241
vn 0.8270 0.3152 -0.4656
vn -0.2583 -0.9569 -0.1326
vn -0.7894 -0.2835 -0.5444
vn 0.2843 0.9557 -0.0758
vn 0.7325 0.3174 0.6023
vn -0.7162 0.6576 -0.2337
vn 0.3402 0.3344 -0.8789
vn -0.0732 0.6647 0.7435
vn -0.2120 0.4443 0.8704
vn 0.1004 0.4604 0.8820
vn 0.3182 0.3899 0.8641
vn -0.8360 -0.2752 0.4748
vn 0.0516 0.9478 -0.3147
vn -0.6051 -0.6390 0.4749
vn 0.3139 0.4176 -0.8526
vn 0.3818 0.2198 -0.8977
vn 0.9352 0.3172 -0.1572
vn -0.6690 0.6820 0.2955
vn -0.2520 0.3128 -0.9158
vn 0.3579 0.6864 0.6330
vn -0.4964 0.6704 -0.5515
vn 0.6394 0.3311 -0.6940
vn -0.1102 0.4431 0.8897
vn -0.8036 0.3083 -0.5090
vn 0.6983 0.6862 0.2040
vn 0.9375 0.3207 0.1355
vn -0.7236 0.6899 0.0210
vn 0.1641 0.3260 -0.9310
vn -0.0167 0.6871 0.7264
vn -0.1182 0.4454 0.8875
vn 0.6110 -0.3592 0.7054
vn 0.7496 0.3673 -0.5506
vn -0.3769 0.3090 0.8732
vn 0.0838 0.6832 -0.7254
vn -0.2421 0.4080 -0.8803
vn 0.8309 0.3173 -0.4571
vn -0.5861 0.6979 0.4116
vn -0.3520 0.3055 -0.8847
vn 0.3685 0.7032 0.6080
vn 0.8535 0.3129 0.4167
vn -0.6824 0.6983 -0.2161
vn 0.4835 0.3024 -0.8215
vn -0.3014 0.7111 0.6353
vn -0.4490 0.4427 0.7762
vn -0.1793 0.5195 0.8354
vn 0.0371 0.4848 0.8738
vn -0.8704 0.2995 -0.3908
vn 0.6947 0.7040 0.1478
vn 0.9328 0.3043 -0.1929
vn -0.6744 0.7103 0.2015
vn 0.0068 -0.2223 -0.9750
vn 0.0581 0.9718 0.2284
vn 0.5981 0.3048 0.7412
vn -0.5313 0.7050 -0.4698
vn -0.4766 0.0311 0.8786
vn 0.9926 0.1195 0.0194
vn 0.9366 0.3163 0.1506
vn -0.8194 0.2556 -0.5131
vn 0.7441 0.6679 0.0133
vn 0.9156 0.3678 0.1623
vn 0.9157 0.3675 0.1624
vn 0.5248 0.2409 -0.8165
vn 0.1306 0.5883 0.7980
vn -0.0847 0.3444 0.9350
vn 0.3911 0.0605 0.9184
vn -0.6221 -0.5754 0.5310
vn 0.8244 -0.5638 -0.0504
vn -0.3585 0.9312 -0.0656
vn -0.3136 -0.7131 -0.6270
vn 0.6571 -0.2198 0.7211
vn -0.5685 -0.5671 -0.5960
vn -0.3584 0.9313 -0.0656
vn 0.5560 0.8306 -0.0321
vn 0.9476 0.0469 0.3161
vn -0.1246 0.3486 -0.9290
vn -0.5023 0.8367 -0.2185
vn 0.2630 -0.6293 -0.7313
vn 0.2631 -0.6293 -0.7313
vn 0.2125 -0.2087 0.9546
vn 0.4895 -0.6099 -0.6232
vn -0.5023 0.8366 -0.2185
vn 0.7299 -0.2504 -0.6360
vn -0.0272 0.8865 0.4619
vn 0.6595 -0.5952 -0.4592
vn 0.6159 0.6956 0.3699
vn 0.0554 -0.9368 0.3455
vn 0.0553 -0.9368 0.3455
vn -0.6425 0.2390 -0.7281
vn -0.6424 0.2389 -0.7282
vn 0.7156 -0.2336 0.6583
vn -0.2698 0.9392 -0.2123
vn -0.0643 -0.7185 -0.6925
vn -0.0643 -0.7186 -0.6925
vn 0.3086 -0.2212 0.9251
vn 0.3085 -0.2212 0.9251
vn -0.2699 0.9392 -0.2123
vn -0.6935 0.6844 -0.2251
vn -0.0829 -0.9231 -0.3755
vn -0.0830 -0.9231 -0.3755
vn 0.7504 0.2347 0.6179
vn 0.7504 0.2348 0.6178
vn -0.6936 0.6844 -0.2250
vn -0.9612 0.2570 0.0999
vn 0.5954 0.6653 -0.4504
vn 0.9584 0.2840 0.0292
vn -0.6696 0.6750 0.3101
vn -0.1989 -0.9265 -0.3193
vn -0.3569 0.9340 0.0160
vn -0.4976 -0.7187 -0.4857
vn -0.4975 -0.7188 -0.4856
vn 0.8392 -0.2342 0.4909
vn 0.8392 -0.2343 0.4908
vn -0.3569 0.9340 0.0161
vn -0.3219 0.9279 0.1883
vn -0.6417 -0.6939 -0.3267
vn -0.6416 -0.6940 -0.3267
vn 0.9586 -0.2294 0.1685
vn 0.9586 -0.2293 0.1685
vn -0.3219 0.9278 0.1883
vn -0.0584 0.9428 -0.3281
vn 0.3673 -0.7070 -0.6043
vn 0.3673 -0.7071 -0.6043
vn -0.3297 -0.2450 0.9117
vn -0.3297 -0.2450 0.9118
vn 0.8489 -0.2472 -0.4671
vn -0.0975 0.9473 0.3052
vn -0.0962 0.9363 0.3378
vn -0.6791 -0.6920 0.2448
vn -0.6789 -0.6922 0.2447
vn 0.7900 -0.2506 -0.5595
vn 0.7900 -0.2507 -0.5595
vn -0.0962 0.9363 0.3379
vn -0.9586 0.2802 -0.0501
vn 0.6759 0.6870 -0.2669
vn 0.3985 0.9152 -0.0594
vn 0.4115 -0.6853 0.6009
vn 0.4115 -0.6852 0.6009
vn -0.7919 -0.2270 -0.5669
vn -0.7920 -0.2269 -0.5668
vn 0.3986 0.9152 -0.0594
vn 0.8328 0.2896 0.4717
vn -0.7200 0.6886 -0.0861
vn -0.3541 0.9350 0.0179
vn -0.4640 -0.6988 -0.5444
vn -0.4641 -0.6988 -0.5443
vn 0.8026 -0.2305 0.5502
vn -0.5872 0.7293 -0.3512
vn -0.2036 -0.9589 -0.1975
vn -0.2035 -0.9590 -0.1974
vn 0.7839 0.2226 0.5795
vn 0.7840 0.2227 0.5795
vn 0.3191 0.9161 0.2428
vn -0.1171 -0.7025 0.7020
vn -0.1170 -0.7025 0.7020
vn -0.1748 -0.2168 -0.9604
vn -0.1748 -0.2167 -0.9605
vn 0.3191 0.9161 0.2427
vn -0.0794 0.9240 -0.3739
vn 0.4738 -0.7118 -0.5185
vn 0.4739 -0.7118 -0.5184
vn -0.4141 -0.2318 0.8802
vn -0.0795 0.9241 -0.3738
vn 0.9551 0.2886 0.0675
vn -0.6880 0.7114 0.1439
vn -0.6680 0.7236 -0.1734
vn -0.2784 -0.9604 0.0108
vn -0.2783 -0.9604 0.0108
vn 0.9500 0.2462 0.1919
vn 0.9501 0.2459 0.1918
vn -0.6679 0.7238 -0.1735
vn -0.8061 -0.2470 -0.5377
vn 0.3714 0.9171 -0.1446
vn 0.4964 0.8577 -0.1339
vn 0.2876 -0.6377 0.7146
vn -0.7669 -0.2323 -0.5982
vn -0.7669 -0.2322 -0.5983
vn 0.4965 0.8577 -0.1339
vn 0.6732 -0.2225 0.7052
vn -0.1051 0.9520 -0.2875
vn 0.1012 -0.7128 -0.6940
vn 0.1011 -0.7128 -0.6940
vn -0.0231 -0.2467 0.9688
vn -0.1149 0.4158 0.9022
vn -0.0231 -0.2466 0.9688
vn 0.3214 0.2776 -0.9054
vn -0.0689 0.7209 0.6896
vn -0.9270 0.2855 0.2432
vn 0.7943 0.4281 -0.4311
vn 0.4791 0.2253 -0.8484
vn 0.6605 0.7144 -0.2309
vn 0.2989 -0.9425 0.1498
vn -0.7927 -0.5832 0.1773
vn 0.1750 -0.5921 -0.7866
vn 0.2988 -0.9425 0.1498
vn -0.9746 0.2170 0.0557
vn -0.9746 0.2167 0.0559
vn 0.6602 0.7147 -0.2310
vn 0.1034 0.2974 -0.9491
vn 0.0270 0.7205 0.6930
vn 0.2356 -0.0687 -0.9694
vn 0.1622 0.0087 -0.9867
vn 0.0401 -0.8613 0.5064
vn 0.7474 0.3444 -0.5681
vn 0.6790 0.2751 -0.6806
vn -0.5898 0.2949 -0.7518
vn 0.5108 0.7210 0.4682
vn -0.9405 0.2902 0.1765
vn 0.6422 0.7203 -0.2622
vn -0.2012 -0.6136 -0.7636
vn -0.5564 -0.2444 0.7941
vn -0.0202 0.9551 -0.2956
vn -0.6778 -0.5856 0.4446
vn 0.2023 -0.5765 -0.7916
vn -0.4650 -0.6040 0.6472
vn -0.8189 -0.5737 0.0172
vn 0.6806 0.7326 -0.0004
vn 0.2922 -0.9560 -0.0263
vn 0.7892 -0.5752 -0.2153
vn 0.2920 -0.9561 -0.0263
vn -0.9715 0.2372 0.0008
vn -0.6215 -0.5623 -0.5454
vn -0.9714 0.2373 0.0007
vn 0.6808 0.7325 -0.0004
vn 0.8849 -0.2461 -0.3954
vn -0.2036 0.9739 0.1007
vn 0.1146 -0.5564 -0.8230
vn 0.2627 0.9591 0.1049
vn 0.6750 -0.7153 0.1807
vn 0.6761 -0.7144 0.1805
vn -0.9170 -0.2489 -0.3116
vn -0.9172 -0.2491 -0.3109
vn 0.2617 0.9594 0.1048
vn -0.9884 -0.0457 -0.1449
vn 0.2072 -0.0244 -0.9780
vn 0.8233 0.3674 0.4326
vn 0.9951 0.0276 -0.0949
vn -0.5652 0.0128 -0.8249
vn -0.9106 -0.0132 0.4131
vt 1.052798 0.117311
vt 0.840046 0.850515
vt 0.117129 0.893138
vt 0.022830 0.111243
vt 1.181242 0.719065
vt 1.171408 0.717923
vt 1.183336 0.552157
vt -0.119748 2.181973
vt -0.097871 2.179212
vt -0.111775 2.300911
vt 1.191657 0.552505
vt 1.212599 0.365466
vt 2.080985 2.371103
vt 2.080985 2.469678
vt 2.065419 2.371989
vt 1.171998 0.907467
vt 2.069751 2.251509
vt 1.208184 0.364522
vt 1.585742 1.718433
vt 1.577804 1.721441
vt 1.587031 1.565560
vt 2.251972 0.360035
vt 2.260957 0.247379
vt 2.260957 0.361140
vt 1.838771 2.372104
vt 1.812632 2.360737
vt 1.838771 2.208987
vt 2.284381 -1.224325
vt 2.290053 -1.372313
vt 2.291894 -1.372135
vt 2.254813 0.488281
vt 1.912176 0.619017
vt 1.936598 0.609327
vt 1.916717 0.887550
vt 2.287914 -1.226206
vt 0.310947 1.861744
vt 0.311119 1.975677
vt 0.309140 1.861422
vt 0.953556 1.986527
vt 0.952314 2.154701
vt 0.930524 2.156228
vt 0.953556 2.307426
vt 2.293079 -1.456506
vt 0.311119 1.797098
vt 1.258832 0.107763
vt 1.242132 0.201175
vt 1.240665 0.200833
vt 1.865704 2.185102
vt 1.845513 2.191097
vt 1.865831 2.060216
vt 0.089920 0.469419
vt 1.936655 0.879519
vt 1.936643 1.097239
vt 2.189592 -1.283126
vt 2.203841 -1.283742
vt 2.207016 -1.131802
vt 1.906144 0.835185
vt 1.880505 0.834868
vt 1.897538 0.607386
vt -0.294226 1.893596
vt -0.301820 1.897467
vt -0.298771 1.693168
vt 2.137377 1.989832
vt 2.139453 2.188686
vt 2.119366 1.989532
vt 2.207016 -1.456506
vt 2.139453 1.762992
vt 0.359728 1.534917
vt 0.362075 1.719192
vt 0.355678 1.719439
vt 2.198082 2.292778
vt 2.185255 2.297149
vt 2.199912 2.158227
vt 1.941424 1.421437
vt 1.958279 1.221407
vt 1.951813 1.422226
vt -0.257025 1.892858
vt -0.222343 1.890500
vt -0.222056 2.196481
vt 0.192779 1.599351
vt 0.192584 1.777856
vt 0.190501 1.777631
vt 1.938761 1.650683
vt 2.032584 0.327962
vt 2.049991 0.313325
vt 2.049991 0.506649
vt 1.942460 1.650105
vt 1.953545 1.852572
vt 1.951422 1.852672
vt 1.073565 2.252015
vt 1.073565 2.474142
vt 1.059828 2.467561
vt 1.993202 0.244784
vt 2.007986 0.255711
vt 2.003051 0.417333
vt 0.192779 1.879335
vt 1.958279 1.967486
vt 0.362075 1.987919
vt 0.359843 1.890719
vt 0.361982 1.890644
vt 2.067685 -1.250078
vt 2.092052 -1.248882
vt 2.077925 -1.050116
vt 1.741094 2.035136
vt 1.712285 2.034679
vt 1.743982 1.865536
vt 0.240007 1.932082
vt 0.231908 1.927265
vt 0.240007 1.739590
vt -0.600638 2.021307
vt -0.572813 2.014610
vt -0.565720 2.156282
vt 0.302939 2.029768
vt 0.291342 2.030758
vt 0.296681 1.837014
vt -0.513660 2.222286
vt -0.510036 2.344550
vt -0.533702 2.220020
vt 2.007986 0.604312
vt 1.998403 0.598059
vt -0.510036 2.093868
vt 0.292470 1.834230
vt 2.142307 -1.260062
vt 2.126441 -1.260609
vt 2.142307 -1.456506
vt 0.885608 2.363832
vt 0.874759 2.468941
vt 0.874115 2.361910
vt -0.350222 1.801276
vt -0.349571 1.931016
vt -0.381388 2.185102
vt 2.277277 -1.146712
vt 2.281937 -1.344244
vt 2.283329 -1.344373
vt 0.885608 2.248138
vt 1.626220 -0.578031
vt 1.657228 -0.589920
vt 1.632004 -0.248174
vt 2.284376 -1.146593
vt 0.632142 2.090658
vt 0.632315 2.189371
vt 0.629841 2.090106
vt 1.625360 1.800800
vt 1.605669 1.512534
vt 1.631832 1.511208
vt 1.587347 1.259773
vt 2.284376 -1.456506
vt 0.632315 2.034606
vt 0.309094 1.558444
vt 0.304653 1.659320
vt 0.303250 1.658399
vt 2.043376 1.935468
vt 2.018824 1.942394
vt 2.045400 1.762985
vt 1.657315 -0.257965
vt 1.654772 0.009836
vt 1.604616 0.970262
vt 1.587612 0.969627
vt 1.607141 0.715355
vt 1.787735 -0.322750
vt 1.762102 -0.332345
vt 1.781879 -0.576077
vt 1.615655 0.716846
vt 1.629053 0.429878
vt -0.160562 2.130615
vt -0.143730 1.912044
vt -0.143730 2.138105
vt -0.152623 2.389235
vt 1.621454 0.430037
vt 2.222807 -1.324372
vt 2.207022 -1.318412
vt 2.218780 -1.456506
vt 2.139453 2.498063
vt 2.148496 2.262508
vt 2.148496 2.501495
vt -0.384520 2.201589
vt -0.351002 2.185091
vt -0.351002 2.333275
vt 0.841187 1.753297
vt 0.840865 1.983803
vt 0.838311 1.983616
vt 1.171149 1.944189
vt 1.159098 1.941070
vt 1.171149 1.740804
vt -0.369645 1.116135
vt -0.345642 1.243778
vt -0.373875 1.506459
vt 1.165334 1.744255
vt 1.161031 1.544092
vt 1.163487 1.544575
vt 2.052315 -0.231837
vt 2.046562 0.060239
vt 2.032595 0.059848
vt 2.052315 0.313314
vt 0.841187 2.114814
vt 1.159455 1.433219
vt 1.631832 0.043650
vt 1.630687 0.183655
vt 1.628156 0.183756
vt 1.518791 0.015234
vt 1.493823 0.015611
vt 1.492101 -0.237357
vt -0.356480 1.506310
vt -0.345642 1.798927
vt 2.207678 0.055683
vt 2.216721 0.056230
vt 2.217894 0.309201
vt 1.525372 0.307297
vt 1.496089 0.306776
vt 2.274039 0.022008
vt 2.281010 0.021755
vt 2.281010 0.309644
vt 1.512609 -0.237912
vt 2.217894 -0.231832
vt 1.504743 -0.525936
vt 2.189592 -1.456506
vt 2.181523 -1.290789
vt 2.174634 -1.294401
vt 1.488565 -0.525723
vt 1.484333 -0.778406
vt 1.496078 -0.778809
vt 0.938811 1.639911
vt 0.974671 1.624493
vt 0.974818 1.986515
vt 2.300270 -0.231832
vt 2.300017 0.020318
vt 2.297256 0.020334
vt 1.502179 -1.064848
vt -0.500625 2.173793
vt -0.509680 2.044731
vt -0.475947 1.823548
vt 1.495008 -1.065829
vt 1.518444 -1.314475
vt 1.520830 -1.314480
vt -0.302383 0.478114
vt -0.343209 0.162372
vt -0.323305 0.166559
vt -0.324536 -0.114964
vt 2.300270 0.163607
vt 1.531479 -1.456506
vt 2.189592 -1.041557
vt 2.184339 -1.132964
vt 2.186632 -1.131824
vt 1.953165 -0.011641
vt 1.982675 -0.006858
vt 1.959401 0.244784
vt -0.268415 0.468222
vt -0.300640 -0.427229
vt -0.313555 -0.429435
vt -0.311576 -0.707996
vt 1.706752 -0.432553
vt 1.736400 -0.423153
vt 1.748607 -0.143790
vt -0.297557 -0.707754
vt -0.272062 -1.023862
vt 2.058942 1.418993
vt 2.058942 1.685879
vt 2.040235 1.413545
vt 2.058942 1.122602
vt -0.277786 -1.024806
vt 2.094929 -0.597402
vt 2.075670 -0.599680
vt 2.094929 -0.842981
vt 2.057101 -0.585992
vt 2.075693 -0.842981
vt 2.067524 -0.581910
vt 0.586375 2.076482
vt 0.584235 1.954932
vt 0.626505 1.724553
vt 2.188004 0.188841
vt 2.193838 -0.079523
vt 2.195689 -0.080168
vt 2.075693 -0.290300
vt 0.908708 0.381044
vt 0.871698 0.249686
vt 0.880626 -0.027912
vt 2.196599 0.189359
vt 0.514723 0.816857
vt 0.515045 1.082059
vt 0.512743 0.816132
vt 1.857294 0.607389
vt 1.876703 0.891234
vt 1.845444 0.893535
vt 1.876703 1.152224
vt 2.196863 -0.231837
vt 0.515045 0.666303
vt -0.187662 -1.456506
vt -0.218046 -1.299702
vt -0.219956 -1.300019
vt 0.856374 -0.335779
vt 0.841256 -0.332195
vt 0.891740 -0.591684
vt 0.861482 -0.025772
vt 2.003200 -1.164539
vt 2.023449 -1.165550
vt 2.024933 -0.912106
vt -0.556988 1.491330
vt -0.520115 1.488080
vt -0.509680 1.759332
vt 0.912794 -1.156693
vt 0.905086 -1.159034
vt 0.930535 -1.456506
vt 1.000750 1.888257
vt 1.006813 2.125202
vt 0.974818 1.887814
vt 2.024933 -1.456506
vt 1.006813 1.621831
vt 2.108367 -1.039940
vt 2.103926 -0.746689
vt 2.094941 -0.746371
vt 0.895882 -0.895099
vt 0.886103 -0.892711
vt 1.959389 1.455171
vt 1.971125 1.221407
vt 1.974196 1.456050
vt 1.535679 1.580095
vt 1.577563 1.568758
vt 1.577804 1.947467
vt -0.207582 1.446821
vt -0.207836 1.710904
vt -0.210850 1.710948
vt 1.958273 1.728261
vt 0.628135 1.709958
vt 0.585794 1.722087
vt 0.618877 1.399486
vt 1.963197 1.725114
vt 1.971653 1.973822
vt 1.968651 1.973846
vt 1.840969 0.980406
vt 1.840969 1.221401
vt 1.814898 1.207526
vt -0.404846 2.388671
vt -0.427408 2.371563
vt -0.404846 2.181087
vt -0.207582 1.860975
vt 1.974196 2.113450
vt 2.108367 -0.336135
vt 2.103696 -0.484764
vt 2.106687 -0.484898
vt 1.776932 -1.145423
vt 1.809215 -1.145976
vt 1.811418 -0.871697
vt 0.584235 1.408426
vt 0.632441 1.131950
vt 2.109793 -1.259633
vt 2.126222 -1.250406
vt 2.126453 -1.055869
vt 1.403837 1.603216
vt 1.438467 1.611845
vt 1.450858 1.865299
vt -0.452448 1.669358
vt -0.467008 1.673154
vt -0.460001 1.449751
vt 1.952521 -1.187307
vt 1.959171 -0.941475
vt 1.930845 -1.194423
vt 2.126453 -1.456506
vt 1.959171 -1.456506
vt -0.466738 1.445345
vt 2.009119 0.883201
vt 1.988244 0.882591
vt 2.009119 0.607386
vt 2.152385 1.353978
vt 2.168055 1.122602
vt 2.164787 1.358995
vt 1.070933 -1.453206
vt 1.081972 -1.314178
vt 1.074262 -1.032663
vt 2.299510 2.161965
vt 2.299165 2.398538
vt 2.296243 2.398042
vt 2.168055 1.621860
vt 0.332705 1.952224
vt 0.311131 1.815345
vt 0.355678 1.534911
vt 2.201799 1.434668
vt 2.211043 1.434743
vt 2.211331 1.704247
vt 1.347889 0.193875
vt 1.348165 0.435469
vt 1.345542 0.192884
vt 1.061764 -0.717704
vt 1.032883 -0.718509
vt 1.046557 -0.445600
vt 2.299510 2.533012
vt 1.348165 0.056785
vt -0.427414 1.113507
vt -0.439068 1.235172
vt -0.441317 1.233688
vt 0.702506 1.697948
vt 0.686377 1.696395
vt 0.728393 1.425125
vt 1.041152 -1.032353
vt 1.017279 -0.136059
vt 1.035989 -0.136726
vt 1.031370 0.134066
vt 1.047425 1.179592
vt 1.027061 1.177486
vt 1.032055 0.865172
vt 1.018190 0.133388
vt 1.034920 0.442802
vt 2.158368 -0.730370
vt 2.150291 -0.457778
vt 2.144331 -0.731860
vt 2.158368 -1.039940
vt 1.043174 0.441640
vt 1.923597 1.494390
vt 1.913105 1.493027
vt 1.938761 1.221407
vt 1.158791 2.164566
vt 1.166729 2.326717
vt 1.144691 2.159435
vt -0.255540 1.458902
vt -0.211086 1.449903
vt -0.210850 1.887826
vt 1.393518 1.223342
vt 1.399615 0.955617
vt 1.402745 0.955655
vt 1.166729 1.978853
vt 1.279544 1.978677
vt 1.263903 1.826459
vt 1.306172 1.543321
vt 1.398166 1.224730
vt 1.398908 2.280720
vt 1.398937 2.446599
vt 1.395928 2.279915
vt 0.849022 1.605833
vt 0.874057 1.853702
vt 0.841245 1.857476
vt 0.874057 2.107887
vt 1.402837 0.803370
vt 1.398937 2.186380
vt 1.081972 0.865172
vt 1.065129 0.712064
vt 1.067874 0.711604
vt -0.600638 -0.655841
vt -0.577375 -0.655784
vt -0.558921 -0.345035
vt 0.168745 1.878576
vt 0.133241 1.890507
vt 0.165639 1.599351
vt 1.978626 -1.176055
vt 1.999898 -1.178069
vt 2.003200 -0.938069
vt -0.549257 -1.011172
vt -0.512936 -1.000381
vt 2.149946 1.433944
vt 2.137360 1.439265
vt 2.152408 1.122602
vt -0.585279 -0.343873
vt 2.003200 -1.456506
vt -0.582679 0.008041
vt 1.781384 1.973193
vt 1.752150 1.673592
vt 1.761297 1.672464
vt -0.567653 0.008501
vt -0.577824 0.319388
vt -0.592872 0.319871
vt 1.742417 0.009824
vt 1.697824 0.009824
vt 1.721524 -0.139395
vt 0.400432 0.607655
vt 0.400110 0.905365
vt 0.397142 0.905071
vt -0.529917 0.665365
vt 2.007998 0.290980
vt 2.032584 0.269008
vt 2.032584 0.517494
vt -0.523612 0.662788
vt -0.407320 0.949952
vt -0.410150 0.951034
vt 0.190452 2.333390
vt 0.159794 2.183296
vt 0.190452 2.171239
vt 1.797905 0.680762
vt 1.814898 0.690360
vt 1.808617 0.938224
vt 0.400432 1.074497
vt -0.343214 1.113507
vt 1.781384 1.221401
vt 1.774320 1.384760
vt 1.771271 1.384898
vt 0.906835 1.855980
vt 0.874068 1.852793
vt 0.906835 1.605835
vt 1.120861 1.704611
vt 1.081975 1.706536
vt 1.096148 1.433214
vt 2.065419 2.409438
vt 2.044204 2.406792
vt 2.065419 2.280743
vt 0.228778 1.338452
vt 0.205837 1.333563
vt 0.219528 1.036964
vt -0.325324 1.437964
vt -0.340787 1.439541
vt -0.338233 1.151479
vt 2.118445 2.057610
vt 2.119343 2.319181
vt 2.102637 2.054935
vt 1.814898 1.221405
vt 1.803945 1.216675
vt 2.119343 1.762992
vt -0.343214 1.149523
vt 2.057090 -0.604414
vt 2.035782 -0.605680
vt 2.057090 -0.842981
vt 1.614206 2.058640
vt 1.629852 1.800802
vt 1.623111 2.061073
vt 0.501410 1.527914
vt 0.502309 1.677233
vt 0.459326 1.968280
vt 2.188004 0.042588
vt 2.182873 0.299600
vt 2.181078 0.300149
vt 1.629852 2.354996
vt 1.183020 1.930727
vt 1.171403 1.786777
vt 1.219494 1.520829
vt 2.178570 0.042280
vt -0.187932 0.896585
vt -0.187679 1.159828
vt -0.189681 0.896469
vt 1.795133 0.043649
vt 1.795133 0.378449
vt 1.762390 0.377632
vt 1.790979 0.670698
vt 2.180146 0.445512
vt -0.187679 0.747082
vt -0.294238 0.747086
vt -0.309919 0.893584
vt -0.311576 0.892905
vt 1.145609 1.665849
vt 1.120850 1.677181
vt 1.159093 1.433219
vt 0.362305 1.856969
vt 0.397142 1.843601
vt 0.397142 2.108744
vt 0.045009 0.788920
vt 0.066063 0.789352
vt 0.086082 1.065339
vt -0.181915 1.668876
vt -0.143718 1.663673
vt -0.152842 1.912045
vt 0.076602 1.069918
vt 0.080606 1.388557
vt 0.659409 1.679471
vt 0.686365 1.895005
vt 0.632453 1.681507
vt 0.089925 0.469419
vt 0.686365 1.425125
vt 0.089925 1.388983
vt 2.006341 -0.558636
vt 1.990602 -0.554816
vt 2.011058 -0.842981
vt 2.128316 0.759646
vt 2.144700 0.517849
vt 2.143308 0.757969
vt 1.664531 0.008523
vt 1.657304 -0.077199
vt 1.697824 -0.254974
vt 0.443231 1.903093
vt 0.453263 1.632301
vt 0.456254 1.632732
vt 2.144700 1.031721
vt 1.361996 0.818410
vt 1.393479 0.806164
vt 1.360590 1.238485
vt 0.450111 1.900804
vt 1.263040 1.656254
vt 1.263385 1.894452
vt 1.259934 1.656495
vt 0.830390 2.291903
vt 0.798211 2.120065
vt 0.830390 2.115647
vt 1.905140 -0.010436
vt 1.876473 -0.023713
vt 1.905140 -0.186669
vt 0.458601 1.478249
vt 1.263385 1.520829
vt 0.069642 1.843514
vt 0.073634 1.678671
vt 0.076740 1.678858
vt 0.136551 -0.659017
vt 0.167227 -0.661801
vt 0.209734 -0.371577
vt 1.386108 1.229731
vt 1.393518 1.570611
vt 1.531479 2.134504
vt 1.550185 2.142166
vt 1.558517 2.321770
vt 0.133235 -1.002796
vt 0.161874 -1.000219
vt 0.730441 0.668777
vt 0.740473 0.666280
vt 0.741647 0.992055
vt 0.189920 -0.367078
vt 1.558517 1.947456
vt 0.227881 -0.035333
vt 1.963508 0.607392
vt 1.943639 0.824525
vt 1.936649 0.820061
vt 0.247822 -0.036150
vt 0.255668 0.256077
vt 0.244258 0.257273
vt 1.359583 0.800127
vt 1.352042 0.664537
vt 1.351507 0.390193
vt 1.262085 0.819414
vt 1.261901 1.091231
vt 1.258840 1.091032
vt 0.221570 0.587695
vt -0.327715 2.061413
vt -0.343203 1.932304
vt -0.302061 1.693174
vt 0.230320 0.589445
vt 0.168041 0.874112
vt 0.165765 0.873974
vt 1.358134 0.083059
vt 1.380666 0.083448
vt 1.371359 -0.182277
vt 1.262085 1.245869
vt 0.134259 1.036964
vt 1.963508 1.149702
vt 1.954091 1.030521
vt 1.956415 1.031868
vt 1.907041 1.977806
vt 1.938761 1.973135
vt 1.938761 2.176497
vt 1.388087 0.389482
vt 1.382248 -0.484981
vt 1.367677 -0.483494
vt 1.348257 -0.749057
vt 1.259922 1.723604
vt 1.224763 1.713641
vt 1.243332 1.520817
vt 1.362857 -0.749500
vt 1.361344 -1.050085
vt 1.976635 0.428133
vt 1.982940 0.598729
vt 1.953165 0.418688
vt 1.982940 0.244790
vt 1.354901 -1.049429
vt 2.060092 2.000396
vt 2.045389 2.006407
vt 2.065407 1.762992
vt 2.158391 -0.418851
vt 2.175832 -0.571740
vt 2.171759 -0.412891
vt -0.555171 2.091383
vt -0.556988 1.975028
vt -0.514765 1.759338
vt 2.291089 2.169155
vt 2.290766 2.391881
vt 2.287729 2.391627
vt 2.175832 -0.243883
vt -0.415591 1.129625
vt -0.384557 1.116566
vt -0.413061 1.509646
vt 2.189351 -0.828956
vt 2.198440 -0.829900
vt 2.198393 -0.613296
vt 2.196472 -0.614688
vt -0.030267 1.634343
vt -0.031775 1.890311
vt -0.063252 1.891769
vt -0.030267 2.120971
vt 2.291089 2.518541
vt 2.200200 -0.493242
vt 1.403832 -1.456506
vt 1.388594 -1.309165
vt 1.386448 -1.308952
vt 1.201592 2.059894
vt 1.171403 2.067556
vt 1.194804 1.933454
vt -0.387888 1.498947
vt -0.384529 1.803229
vt 2.065419 2.024551
vt 2.085771 2.023665
vt 2.085771 2.251503
vt -0.467008 1.419453
vt -0.504111 1.419557
vt -0.480917 1.113507
vt 2.219574 0.771453
vt 2.229146 0.766747
vt 2.229146 1.047417
vt 1.912253 1.524827
vt 1.913105 1.792116
vt 1.886298 1.524470
vt 2.082193 1.762992
vt 1.913105 1.221404
vt 1.841590 -1.456506
vt 1.820455 -1.196735
vt 1.811424 -1.196862
vt 1.259094 2.148390
vt 1.239627 2.153798
vt 1.247404 2.009963
vt 0.183564 1.905611
vt 0.190444 2.171227
vt 0.168734 1.905459
vt 1.348350 1.577908
vt 1.391794 1.573676
vt 1.392091 1.969327
vt 2.291618 0.156723
vt 2.291365 0.384469
vt 2.288373 0.384268
vt 0.190444 1.599351
vt 0.192779 2.128268
vt 0.213062 2.117925
vt 0.213062 2.393509
vt 1.356126 2.130811
vt 1.348257 2.134274
vt 1.372671 1.969350
vt 0.400524 1.636064
vt 0.400547 1.908094
vt 0.397510 1.636025
vt 1.988232 0.607392
vt 1.982157 0.896742
vt 1.963496 0.887595
vt 1.988232 1.141361
vt 2.291618 0.514089
vt 0.400547 1.481281
vt 1.841590 -0.830153
vt 1.831063 -0.962932
vt 1.834066 -0.963035
vt 1.845444 0.340627
vt 1.876254 0.338648
vt 1.876254 0.607386
vt 1.342424 1.788535
vt 1.306172 1.786686
vt 1.342424 1.543321
vt 1.437282 2.152612
vt 1.449202 2.155512
vt 1.447821 2.419884
vt 1.058700 1.771396
vt 1.022690 1.767645
vt 1.041029 1.601122
vt 2.166985 0.057139
vt 2.152523 0.056805
vt 2.166985 -0.231832
vt 1.993386 2.383943
vt 2.016097 2.238842
vt 2.016097 2.394964
vt 1.449202 1.865299
vt 1.014901 1.621831
vt 1.001797 1.621817
vt 0.958584 1.333166
vt 1.483601 1.266083
vt 1.456012 1.565442
vt 1.450858 1.565056
vt 0.938784 1.335849
vt 0.930524 1.075564
vt 0.938519 1.078538
vt 0.481765 0.663520
vt 0.445169 0.539703
vt 0.402759 0.278856
vt 1.016684 0.761956
vt 1.016592 1.027881
vt 1.014901 1.028123
vt 0.950519 0.781525
vt 0.838311 2.112799
vt 0.798205 1.999631
vt 0.798435 1.753298
vt 0.941729 0.780588
vt 0.990062 0.518039
vt 0.991707 0.518465
vt 0.400844 -0.016292
vt 0.428867 -0.014445
vt 0.440596 -0.267974
vt 1.016684 1.178723
vt 1.014901 0.368842
vt 1.483601 1.982405
vt 1.472234 1.831267
vt 1.473937 1.831214
vt 0.311119 2.127336
vt 0.340940 2.130650
vt 0.349569 2.218686
vt 0.430083 0.275813
vt 0.495268 -0.551589
vt 0.477136 -0.552999
vt 0.504129 -0.803755
vt 1.747594 -1.166570
vt 1.725435 -1.175198
vt 1.749596 -1.456506
vt 0.515039 -0.801857
vt 0.509746 -1.084901
vt 2.144354 -0.752011
vt 2.138487 -0.496877
vt 2.128869 -0.752874
vt 2.144354 -1.039946
vt 0.501673 -1.083377
vt 0.213065 2.272161
vt 0.230305 2.264499
vt 0.230305 2.427869
vt -0.404846 2.433834
vt -0.396057 2.181087
vt -0.396057 2.435203
vt 0.182759 1.597649
vt 0.154980 1.513294
vt 0.133235 1.366559
vt 0.233564 2.117928
vt 0.233173 2.360674
vt 0.230297 2.360606
vt 1.906397 2.302533
vt 1.893501 2.298691
vt 1.893345 2.104763
vt 0.194273 1.742679
vt 0.231908 1.863746
vt 0.231908 2.117925
vt 1.886298 2.108008
vt 1.899069 1.904485
vt 1.901692 1.905313
vt 0.146771 1.192742
vt 0.174670 1.201210
vt 0.192779 1.036964
vt 0.233564 2.498580
vt 1.906397 1.792127
vt 0.453709 -1.456506
vt 0.473670 -1.321800
vt 0.471004 -1.321104
vt -0.187662 -0.804992
vt -0.163766 -0.803450
vt -0.151582 -0.561777
vt 0.158028 1.346678
vt 1.558516 2.129258
vt 1.577246 2.131041
vt 1.583988 2.294515
vt -0.162391 -1.087956
vt -0.131655 -1.083538
vt 0.437616 2.209836
vt 0.430713 2.205769
vt 0.442494 1.960894
vt -0.173436 -0.559821
vt 1.583988 1.947456
vt -0.170375 -0.283575
vt 0.133034 1.863941
vt 0.120885 1.643414
vt 0.129283 1.643645
vt -0.154901 -0.281642
vt -0.166090 -0.040832
vt -0.178625 -0.039486
vt 1.921595 -0.716415
vt 1.888070 -0.733396
vt 1.921595 -0.890025
vt 0.400731 1.908092
vt 0.400294 2.112638
vt 0.397510 2.112834
vt -0.141906 0.226750
vt 2.128316 0.300630
vt 2.148243 0.280387
vt 2.148243 0.517849
vt -0.135113 0.226911
vt -0.067043 0.442399
vt -0.069442 0.443561
vt 0.348752 0.341339
vt 0.324971 0.044175
vt 0.340963 0.045462
vt 0.314157 -0.215441
vt 0.400731 2.228977
vt -0.029008 0.566952
vt 0.133034 1.297230
vt 0.131699 1.422496
vt 0.128904 1.422358
vt 1.990602 -0.481489
vt 1.962346 -0.483221
vt 1.990602 -0.722023
vt 0.381748 0.337314
vt 0.299511 -0.510400
vt 0.289271 -0.509710
vt 0.255665 -0.769651
vt 1.719844 1.590146
vt 1.742233 1.600156
vt 1.732707 1.865529
vt 0.268988 -0.770400
vt 0.285095 -1.063049
vt 2.150866 0.033300
vt 2.152523 0.271672
vt 2.136025 0.025776
vt 2.152523 -0.231832
vt 0.280608 -1.064317
vt 2.128328 0.747660
vt 2.109966 0.747051
vt 2.128328 0.517849
vt 2.144700 0.746913
vt 2.160577 0.517849
vt 2.152983 0.751561
vt 1.654673 0.046236
vt 1.670649 0.163329
vt 1.662538 0.394976
vt 1.915636 -0.422337
vt 1.924725 -0.165258
vt 1.923183 -0.164775
vt 2.160577 1.026984
vt 1.500056 2.135702
vt 1.484338 2.014956
vt 1.522604 1.774399
vt 1.907490 -0.422492
vt 0.514331 1.229201
vt 0.514561 1.488750
vt 0.512743 1.228893
vt 1.659167 0.658767
vt 1.631832 0.658917
vt 1.660697 0.891058
vt 1.929741 -0.019266
vt 0.514561 1.082061
vt 0.400846 -1.456506
vt 0.359325 -1.313801
vt 0.357864 -1.314371
vt 0.271254 1.785374
vt 0.255677 1.789263
vt 0.291365 1.558439
vt 1.646190 0.403075
vt 1.647202 1.154712
vt 1.664920 1.154160
vt 1.670649 1.385910
vt -0.084801 1.676071
vt -0.116785 1.677640
vt -0.097158 1.432326
vt 1.664057 1.387694
vt 1.655716 1.653861
vt 2.033561 -0.596999
vt 2.035794 -0.380614
vt 2.011058 -0.596476
vt 2.035794 -0.842981
vt 1.663608 1.654229
vt 2.149486 1.994264
vt 2.139453 1.996582
vt 2.155859 1.762992
vt 0.408543 0.877954
vt 0.458590 0.666303
vt 0.421325 0.879841
vt 2.043410 2.371690
vt 2.018835 2.351798
vt 2.043410 2.179316
vt 2.285221 2.184924
vt 2.284830 2.399839
vt 2.282207 2.399857
vt 0.400846 1.128383
vt 1.810480 -0.676976
vt 1.795824 -0.592410
vt 1.810480 -0.871697
vt 0.404965 1.125921
vt 0.440746 1.351142
vt 0.438146 1.351510
vt 2.088348 0.517849
vt 2.083378 0.731197
vt 2.064211 0.721004
vt 2.088348 0.933005
vt 2.285221 2.522051
vt 0.458590 1.478249
vt 1.634846 2.021468
vt 1.642427 1.888234
vt 1.645050 1.888412
vt 0.767613 -0.070296
vt 0.741647 -0.069911
vt 0.759744 -0.310647
vt 1.812632 2.003807
vt 1.843442 2.002277
vt 1.843442 2.208987
vt 2.160577 0.744681
vt 2.172518 0.750802
vt 2.176246 0.958616
vt 0.791889 0.203171
vt 0.772802 0.207255
vt 2.114844 1.362981
vt 2.102396 1.363015
vt 2.122921 1.122596
vt 0.773308 -0.309853
vt 2.176246 0.517849
vt 0.788932 -0.582767
vt 1.263788 1.245866
vt 1.263788 1.468458
vt 1.258817 1.465136
vt 0.772134 -0.584211
vt 0.803060 -0.822554
vt 0.810906 -0.822491
vt 0.099572 0.467044
vt 0.073968 0.353972
vt 0.036605 0.117551
vt 0.349557 2.218688
vt 0.349235 2.372208
vt 0.346704 2.372122
vt 0.828325 -1.092397
vt 1.406084 1.867501
vt 1.437282 1.980821
vt 1.437282 2.211046
vt 0.820835 -1.093070
vt 0.834768 -1.324067
vt 0.836401 -1.324515
vt -0.000585 -0.145602
vt 0.018226 -0.150819
vt -0.029013 -0.373763
vt 0.349557 2.459372
vt 0.841256 -1.456506
vt 1.262671 0.470115
vt 1.262994 0.596577
vt 1.261601 0.595749
vt -0.241246 0.902253
vt -0.216568 0.900193
vt -0.243570 1.073596
vt 0.064165 0.114105
vt -0.014500 -0.635219
vt -0.026787 -0.634080
vt 0.005990 -0.860181
vt 0.665967 2.022963
vt 0.636790 2.018775
vt 0.655497 1.895005
vt 0.017150 -0.857610
vt 0.058499 -1.113342
vt -0.257134 1.062264
vt -0.247470 1.258988
vt 0.053057 -1.113215
vt -0.231455 1.255985
vt -0.206697 1.446817
vt 1.814898 0.818508
vt 1.823964 0.679137
vt 1.823964 0.824778
vt 1.294656 1.982963
vt 1.295196 2.070099
vt 1.266434 2.226359
vt 1.348142 1.051564
vt 1.347958 1.235943
vt 1.345519 1.235885
vt 1.816141 0.980406
vt 0.527431 2.262837
vt 0.515045 2.157410
vt 0.546361 1.962470
vt 2.273164 -0.703138
vt 2.280458 -0.703391
vt 2.279330 -0.504217
vt 2.277973 -0.505253
vt 0.022103 1.905221
vt 0.022103 2.108422
vt -0.001919 2.107111
vt 0.004063 2.303581
vt 1.348142 1.340802
vt 2.280458 -0.392918
vt 0.133235 -1.456506
vt 0.106204 -1.332068
vt 0.104398 -1.332045
vt 0.630370 -0.863575
vt 0.646500 -0.862401
vt 0.681085 -0.648167
vt 0.709018 2.194237
vt 0.686377 2.207756
vt 0.692106 2.009468
vt 2.142307 -1.239120
vt 2.157953 -1.239223
vt 2.157953 -1.051773
vt 0.637975 -1.119825
vt 0.665322 -1.116419
vt 2.247784 0.689733
vt 2.239961 0.695572
vt 2.253536 0.517849
vt 0.661871 -0.644935
vt 2.156101 -1.456506
vt 0.690932 -0.396082
vt 1.930834 -1.456506
vt 1.910367 -1.232827
vt 1.903406 -1.233057
vt 0.701356 -0.396025
vt 0.723342 -0.177223
vt 0.712194 -0.176004
vt 1.814139 1.330134
vt 1.845166 1.223588
vt 1.830936 1.550788
vt -0.063471 2.178119
vt -0.063885 2.356262
vt -0.066186 2.356423
vt 0.728796 0.064289
vt 0.293229 2.212907
vt 0.309106 2.206295
vt 0.309106 2.426471
vt 0.733570 0.066061
vt 0.739311 0.262853
vt 0.737033 0.263141
vt 1.845478 1.794624
vt 1.834020 1.794555
vt 0.916545 1.605828
vt 0.904327 1.604424
vt 0.863806 1.399360
vt -0.063471 2.457114
vt 0.741635 0.376453
vt 1.930834 -0.904797
vt 1.921262 -1.023574
vt 1.923574 -1.023643
vt 2.075186 -0.018820
vt 2.052315 -0.019874
vt 2.075163 -0.231832
vt 1.614206 2.033528
vt 1.587353 2.034810
vt 1.592876 1.800800
vt 0.849287 1.163531
vt 0.841256 1.161920
vt 0.842499 0.951321
vt 1.844282 1.548878
vt 0.853405 0.951678
vt 0.866038 0.713065
vt 2.261130 1.975387
vt 2.266560 1.762992
vt 2.270656 1.973768
vt 2.270656 2.214734
vt 0.862448 0.712145
vt 2.170356 2.003843
vt 2.185243 2.003489
vt 2.185243 2.214585
vt 2.284968 0.725450
vt 2.292930 0.517852
vt 2.290674 0.723236
vt 1.149924 0.200727
vt 1.120850 0.104579
vt 1.087842 -0.097586
vt 2.284094 1.361876
vt 2.284025 1.567369
vt 2.282874 1.566899
vt 2.292930 0.957954
vt 1.946707 -0.697866
vt 1.930845 -0.778289
vt 1.959010 -0.941475
vt 2.277421 1.361946
vt -0.142027 1.565307
vt -0.141889 1.766678
vt -0.143270 1.565894
vt 1.081975 -0.326121
vt 1.102977 -0.325396
vt 1.105209 -0.521912
vt 2.284094 1.684253
vt -0.141889 1.450775
vt 0.916545 0.384288
vt 0.898390 0.503445
vt 0.897193 0.503122
vt 0.579219 2.265671
vt 0.559730 2.274209
vt 0.561018 2.184631
vt 1.105497 -0.099473
vt 1.139523 -0.742750
vt 1.125837 -0.743325
vt 1.140172 -0.938311
vt 1.081975 2.109756
vt 1.107412 2.109779
vt 1.111485 2.254489
vt 1.147363 -0.936850
vt 1.160485 -1.157861
vt 1.667704 2.232514
vt 1.664897 2.420943
vt 1.655370 2.228396
vt 1.667704 2.021468
vt 1.154312 -1.157815
vt 2.239961 0.386405
vt 2.250568 0.379272
vt 2.251961 0.517837
vt 2.207701 0.493631
vt 2.214696 0.309195
vt 2.214696 0.496438
vt 0.807257 1.751952
vt 0.800356 1.672821
vt 0.798211 1.533979
vt 1.017213 1.178720
vt 1.016983 1.362158
vt 1.014912 1.362046
vt 1.016534 2.009755
vt 1.006824 2.006948
vt 1.016534 1.852505
vt 1.451039 1.984061
vt 1.478148 2.069880
vt 1.478148 2.255473
vt 1.011622 1.855267
vt 1.010034 1.704897
vt 1.012025 1.705380
vt 0.799787 1.372449
vt 0.815272 1.381400
vt 0.805251 1.227349
vt 1.017213 1.466442
vt 1.009677 1.621831
vt 1.171408 -1.456506
vt 1.167359 -1.348245
vt 1.165299 -1.348210
vt 0.101338 0.971018
vt 0.120666 0.972445
vt 0.120355 1.147735
vt 0.820956 1.528319
vt 0.815877 1.063035
vt 0.805763 1.057950
vt 0.801518 0.905048
vt 0.095200 0.759810
vt 0.113504 0.756013
vt 0.810803 0.903185
vt 0.813058 0.722028
vt 0.107487 1.151278
vt 0.106538 1.354732
vt 0.808502 0.719980
vt 0.119153 1.356596
vt 0.106607 1.530574
vt 0.099135 1.532691
vt 1.563950 -1.454777
vt 1.591006 -1.451662
vt 1.553851 -1.179052
vt -0.343226 1.435865
vt -0.343456 1.615607
vt -0.345481 1.615618
vt 0.094072 1.725491
vt 2.122932 1.697097
vt 2.106905 1.756072
vt 2.122932 1.578895
vt 0.099750 1.726641
vt 0.094538 1.884305
vt 0.092997 1.884995
vt 1.547304 -0.975863
vt 1.535581 -0.973367
vt 1.561478 -0.800309
vt -0.343226 1.717713
vt 0.092203 1.975793
vt 0.834768 0.451730
vt 0.826950 0.549545
vt 0.825431 0.548901
vt 0.385971 1.498682
vt 0.366930 1.501098
vt 0.376720 1.346540
vt 1.531473 -1.181181
vt 1.569682 -0.598098
vt 1.577264 -0.600733
vt 1.591207 -0.425949
vt -0.181926 2.139485
vt -0.166970 2.150093
vt -0.187541 2.293065
vt 1.582015 -0.425730
vt 1.586019 -0.226649
vt 0.386810 1.353973
vt 0.390757 1.186713
vt 1.589447 -0.227558
vt 0.378308 1.187496
vt 0.391251 1.034019
vt 0.397142 1.037954
vt 0.134113 2.334677
vt 0.133241 2.249249
vt 0.157378 2.085297
vt 1.761952 1.009902
vt 1.761814 1.133174
vt 1.759928 1.132965
vt 0.394323 0.860939
vt 2.024088 1.229641
vt 2.039330 1.223007
vt 2.023944 1.489213
vt 0.388697 0.861537
vt 0.381438 0.698810
vt 0.382634 0.699363
vt 0.132712 1.975790
vt 0.130457 2.164465
vt 0.112348 2.164664
vt 0.132712 2.331115
vt 1.761952 1.203346
vt 0.376237 0.607645
vt 1.562387 0.043649
vt 1.570832 -0.054362
vt 1.571971 -0.054638
vt 1.540988 0.524844
vt 1.550215 0.523751
vt 1.555991 0.703510
vt 2.036323 1.483691
vt 2.040235 1.685868
vt 2.175832 -0.409071
vt 2.187682 -0.409163
vt 2.188810 -0.243889
vt 1.546718 0.319693
vt 1.567910 0.320803
vt 1.258817 0.275307
vt 1.263649 0.272857
vt 1.263649 0.470109
vt 1.541011 0.703355
vt 2.188810 -0.597615
vt 1.537537 0.906245
vt 1.347820 2.011596
vt 1.342436 1.817646
vt 1.347820 1.817559
vt 1.543565 0.905911
vt 1.540206 1.085095
vt 1.531485 1.085050
vt -0.193753 2.429174
vt -0.206685 2.420108
vt -0.193753 2.257912
vt 0.584259 1.553071
vt 0.584074 1.727913
vt 0.582280 1.727907
vt 1.543795 1.288090
vt 1.345242 0.060034
vt 1.337189 0.149356
vt 1.312615 0.329743
vt 1.546510 1.287658
vt 1.573547 1.464719
vt 1.571775 1.464990
vt 2.206688 0.308355
vt 2.206688 0.489190
vt 2.196886 0.483438
vt 0.290422 2.403697
vt 0.281057 2.398773
vt 0.276455 2.235218
vt 0.584259 1.827285
vt 1.587353 1.565560
vt 1.344714 1.543321
vt 1.345795 1.642678
vt 1.344000 1.642678
vt 1.283714 0.531103
vt 1.300488 0.533220
vt 1.271542 0.705242
vt 0.973310 2.164572
vt 0.953545 2.165693
vt 0.959159 1.986527
vt 0.514124 2.419321
vt 0.507359 2.414258
vt 0.514124 2.274082
vt 1.301984 0.329214
vt 2.053891 0.932108
vt 2.045814 0.933086
vt 2.048909 0.762732
vt 1.263949 0.705783
vt 0.282851 2.057639
vt 0.288972 2.062655
vt 1.263903 0.905624
vt 2.045722 0.760765
vt 1.274971 0.905025
vt 1.288224 1.079418
vt 1.283829 1.080649
vt 0.778402 0.453070
vt 0.798082 0.458190
vt 0.763777 0.680702
vt 1.631670 1.800802
vt 1.631533 1.922260
vt 1.629876 1.921984
vt 1.308289 1.277004
vt 2.077510 1.591832
vt 2.078817 1.513893
vt 2.098449 1.746666
vt 1.313282 1.276452
vt 1.333024 1.446323
vt 1.332127 1.446760
vt 0.754931 0.848743
vt 0.741644 0.851320
vt 0.765738 0.994856
vt 1.631670 1.991301
vt 1.345519 1.543321
vt 2.064211 0.517849
vt 2.058757 0.606541
vt 2.057699 0.605873
vt 0.324325 1.248725
vt 0.311124 1.254501
vt 0.323408 1.136368
vt 0.747556 0.676813
vt 0.770146 1.164141
vt 0.778866 1.162093
vt 0.791310 1.309586
vt 0.333338 1.370402
vt 0.317033 1.365685
vt 0.784551 1.309172
vt 0.794220 1.476063
vt 0.334970 1.141315
vt 0.347937 1.020489
vt 0.798209 1.475166
vt 0.339273 1.024010
vt 0.353468 0.913079
vt 0.360262 0.915909
vt 1.758050 0.044564
vt 1.762385 0.103176
vt 1.757421 0.207986
vt 0.311131 1.558444
vt 0.310993 1.710603
vt 0.309428 1.710615
vt 0.366928 0.790045
vt 2.119932 2.189890
vt 2.138717 2.261564
vt 2.138717 2.410744
vt 0.362965 0.791679
vt 0.364532 0.673246
vt 0.365938 0.673707
vt 1.751294 0.331526
vt 1.738262 0.326993
vt 1.745006 0.443953
vt 0.311131 1.797095
vt 0.365582 0.607645
vt 0.797315 1.699720
vt 0.796177 1.618610
vt 0.797507 1.618310
vt 1.698842 -0.691564
vt 1.686552 -0.693842
vt 1.682002 -0.823388
vt 1.743166 0.214221
vt 1.736145 0.567447
vt 1.744744 0.570024
vt 1.750226 0.679436
vt 1.703757 -0.533440
vt 1.688611 -0.531093
vt 1.744279 0.682082
vt 1.751900 0.812433
vt 1.692724 -0.825574
vt 1.692902 -0.978636
vt 1.755835 0.813354
vt 1.684794 -0.980615
vt 1.692684 -1.113106
vt 1.699003 -1.114027
vt -0.276146 1.785198
vt -0.280754 1.722760
vt -0.289107 1.597190
vt -0.142073 1.910591
vt -0.143546 1.910597
vt 1.703691 -1.261980
vt 0.921032 2.271312
vt 0.930190 2.266299
vt 0.930190 2.391801
vt 1.699981 -1.263223
vt 1.704249 -1.385635
vt 1.705558 -1.385958
vt -0.291822 1.456272
vt -0.284735 1.456987
vt -0.287910 1.334260
vt -0.141889 1.992357
vt 1.706757 -1.456506
vt 1.762385 1.009905
vt 1.758626 0.938436
vt 1.759936 0.938712
vt 0.443231 2.356378
vt 0.456645 2.357109
vt 0.443231 2.478869
vt -0.273414 1.596260
vt -0.284159 1.195448
vt -0.288831 1.195663
vt -0.294238 1.073409
vt 1.879349 2.184516
vt 1.870835 2.182105
vt 1.875115 2.044983
vt -0.287634 1.073316
vt -0.284482 0.934853
vt 1.844696 2.345428
vt 1.843638 2.466655
vt 1.838759 2.343992
vt 1.844696 2.208981
vt -0.286622 0.935029
vt 2.136002 -0.366727
vt 2.127120 -0.366906
vt 2.136025 -0.487708
vt 1.774746 2.092309
vt 1.781373 1.973197
vt 1.778198 2.093563
vt 1.518666 1.773399
vt 1.508085 1.772561
vt 1.515286 1.577680
vt -0.510646 1.896897
vt -0.510715 2.019236
vt -0.511429 2.019201
vt 1.781373 2.229134
vt 2.165799 0.510360
vt 2.153953 0.516953
vt 2.165823 0.350854
vt -0.514765 1.896949
vt 0.841095 0.520846
vt 0.841187 0.642522
vt 0.840405 0.520708
vt 1.509257 1.433426
vt 1.521430 1.431821
vt 1.488341 1.308493
vt -0.510646 2.088760
vt 0.841187 0.451730
vt -0.257146 0.747083
vt -0.266948 0.815150
vt -0.267684 0.815211
vt -0.133928 2.318963
vt -0.141889 2.322196
vt -0.127715 2.202429
vt 1.523915 1.578061
vt 1.492483 1.164796
vt 1.484338 1.164330
vt 1.498328 1.038132
vt 2.066742 0.346609
vt 2.052315 0.346862
vt 2.074036 0.218870
vt 1.501917 1.038449
vt 1.514526 0.895350
vt 2.117732 0.353207
vt 2.118008 0.236443
vt 2.127971 0.352649
vt 2.127971 0.478301
vt 1.510730 0.895160
vt 0.792452 2.378397
vt 0.797929 2.375303
vt 0.797929 2.482816
vt 0.770708 2.368146
vt 0.776828 2.265695
vt 0.776828 2.368319
vt -0.138471 1.449992
vt -0.147929 1.394608
vt -0.162667 1.291201
vt 2.170379 2.374508
vt 2.178432 2.272552
vt 2.179675 2.272719
vt 0.774320 2.490939
vt 2.096523 0.513063
vt 2.088601 0.469275
vt 2.103420 0.378501
vt 2.172726 2.372795
vt 1.403573 1.595324
vt 1.403711 1.708820
vt 1.402308 1.595266
vt -0.177025 1.171366
vt -0.169455 1.174196
vt -0.187667 1.063219
vt 2.182712 2.214584
vt 1.403711 1.530850
vt 1.523915 0.699731
vt 1.520463 0.770630
vt 1.519197 0.770579
vt 0.269632 0.920120
vt 0.280654 0.922122
vt 0.261820 1.029624
vt -0.149897 1.288371
vt -0.181823 0.948836
vt -0.186896 0.945569
vt -0.174736 0.848329
vt 0.281954 0.789124
vt 0.290456 0.787307
vt -0.169259 0.848191
vt -0.153670 0.734177
vt 0.255665 1.031626
vt 0.257403 1.159769
vt -0.156063 0.732704
vt 0.264766 1.159631
vt 0.278249 1.270124
vt 0.274614 1.272080
vt 1.831182 0.978108
vt 1.828416 0.922525
vt 1.825897 0.806532
vt -0.188415 1.489717
vt -0.188507 1.594766
vt -0.189704 1.594751
vt 0.291285 1.395229
vt 2.157918 1.755479
vt 2.152385 1.708245
vt 2.165823 1.621854
vt 0.294736 1.395184
vt 0.304722 1.498728
vt 0.303975 1.499234
vt 1.826035 0.678044
vt 1.832616 0.676203
vt 1.829061 0.567884
vt -0.188415 1.654468
vt 0.311119 1.558439
vt -0.122986 0.566940
vt -0.134077 0.627502
vt -0.134871 0.626997
vt 1.945526 0.370275
vt 1.935286 0.370965
vt 1.938508 0.265534
vt 1.837736 0.806681
vt 1.833249 0.441249
vt 1.828842 0.442710
vt 1.825586 0.332458
vt 1.948862 0.484680
vt 1.941706 0.479825
vt 1.830695 0.332631
vt 1.831546 0.208630
vt 1.943639 0.268686
vt 1.944168 0.154396
vt 1.829475 0.209378
vt 1.937311 0.154649
vt 1.943708 0.052784
vt 1.946791 0.054786
vt 2.112993 -0.231171
vt 2.117720 -0.190086
vt 2.115500 -0.112439
vt -0.029048 0.891847
vt -0.029140 0.973048
vt -0.030244 0.973066
vt 1.949668 -0.063255
vt -0.269695 2.290326
vt -0.257951 2.331894
vt -0.257951 2.414051
vt 1.946446 -0.063209
vt 1.951209 -0.171080
vt 1.951853 -0.170758
vt 2.113441 -0.021964
vt 2.104283 -0.022965
vt 2.111795 0.059491
vt -0.029048 1.019207
vt 1.953165 -0.231826
vt 1.845444 0.043649
vt 1.840451 0.103475
vt 1.839760 0.103739
vt -0.084801 1.676273
vt -0.078450 1.678320
vt -0.073791 1.762951
vt 2.108344 -0.107860
vt 2.106630 0.150645
vt 2.112785 0.151082
vt 2.116006 0.230984
vt -0.084686 1.573418
vt -0.074090 1.573119
vt 2.112877 0.232814
vt 2.114787 0.325647
vt -0.081407 1.763687
vt -0.080924 1.862952
vt 2.117720 0.325843
vt -0.076656 1.864586
vt -0.078692 1.950045
vt -0.083328 1.950367
vt 1.838091 -0.020447
vt 1.834595 -0.061236
vt 1.828198 -0.141483
vt -0.029048 1.156654
vt -0.029140 1.232566
vt -0.030153 1.232595
vt -0.079520 2.047630
vt 2.242269 -0.259782
vt 2.242377 -0.300338
vt 2.247899 -0.382840
vt -0.077484 2.048435
vt -0.069281 2.130627
vt -0.070247 2.130811
vt 1.825069 -0.231998
vt 1.829533 -0.230894
vt 1.826081 -0.310917
vt -0.029048 1.275713
vt -0.065116 2.178119
vt 2.117191 0.461440
vt 2.116351 0.412268
vt 2.117318 0.412314
vt 2.252662 -0.475058
vt 2.244240 -0.475144
vt 2.249717 -0.553752
vt 1.837954 -0.142214
vt 1.828198 -0.399959
vt 1.825184 -0.400546
vt 1.822606 -0.479579
vt 2.252731 -0.382978
vt 1.826932 -0.479602
vt 1.830223 -0.568967
vt -0.061538 1.520455
vt -0.061124 1.597675
vt -0.065128 1.521953
vt -0.061124 1.432325
vt 1.828773 -0.569410
vt -0.188047 2.337210
vt -0.193753 2.337026
vt -0.188047 2.257912
vt 1.345519 1.418852
vt 1.348188 1.340801
vt 1.347728 1.417992
vt 2.016803 1.195637
vt 2.012781 1.154269
vt 2.010731 1.066924
vt 1.613584 2.341421
vt 1.613953 2.418446
vt 1.613493 2.418245
vt 1.348188 1.505693
vt -0.482624 2.299453
vt -0.473048 2.343750
vt -0.473048 2.435237
vt 1.610847 2.341426
vt 0.840911 0.886618
vt 0.840957 0.960940
vt 0.840405 0.886899
vt 2.011378 0.971547
vt 2.017851 0.970167
vt 2.014798 0.891289
vt 1.614206 2.462263
vt 0.840957 0.844343
vt 1.849850 -0.692140
vt 1.842810 -0.647494
vt 1.842326 -0.647655
vt 2.090665 -0.054235
vt 2.097288 -0.056582
vt 2.099561 0.019166
vt 2.018432 1.068097
vt 2.018361 0.798444
vt 2.013956 0.799663
vt 2.009118 0.718415
vt 2.089725 -0.132722
vt 2.097256 -0.129639
vt 2.012578 0.719128
vt 2.013737 0.630195
vt 2.094106 0.017326
vt 2.093342 0.097745
vt 2.011598 0.630770
vt 2.097848 0.096388
vt 2.092005 0.169076
vt 2.088622 0.167834
vt 2.037206 -0.924504
vt 2.033240 -0.956984
vt 2.029167 -1.017500
vt -0.029186 1.106846
vt -0.030014 1.106851
vt 2.090815 0.253546
vt 0.329444 2.323511
vt 0.338098 2.354952
vt 0.338098 2.422447
vt 2.093002 0.252878
vt 2.100209 0.333390
vt 2.099498 0.333252
vt 2.027441 -1.087243
vt 2.032653 -1.085126
vt 2.028660 -1.149347
vt -0.029048 1.156657
vt 2.104285 0.378512
vt 2.026037 0.517860
vt 2.021614 0.558634
vt 2.020901 0.558818
vt 0.077845 2.021490
vt 0.084293 2.022411
vt 0.083453 2.081937
vt 2.036518 -1.019271
vt 2.031295 -1.218422
vt 2.027729 -1.219734
vt 2.024933 -1.281677
vt 0.077706 1.947399
vt 0.083534 1.945443
vt 2.028304 -1.282275
vt 2.031111 -1.353606
vt 0.079202 2.083755
vt 0.078673 2.154948
vt 2.029362 -1.354342
vt 0.083097 2.155707
vt 0.079116 2.217006
vt 0.076452 2.218133
vt 2.239965 2.173999
vt 2.238741 2.144122
vt 2.236808 2.082599
vt 0.841233 0.642522
vt 0.841187 0.711150
vt 0.840405 0.711155
vt 0.079047 2.286105
vt 0.338185 2.411698
vt 0.338259 2.383880
vt 0.342056 2.323047
vt 0.081221 2.286403
vt 0.086519 2.341444
vt 0.085961 2.341811
vt 2.238373 2.014116
vt 2.241617 2.013644
vt 2.243182 1.955343
vt 0.841233 0.750140
vt 0.089775 2.373519
vt 2.046010 -1.456506
vt 2.040649 -1.419230
vt 2.040061 -1.419483
vt 2.267895 -1.113071
vt 2.261843 -1.112726
vt 2.261774 -1.172529
vt 2.243781 2.082495
vt 2.247140 1.887981
vt 2.244862 1.888499
vt 2.243136 1.829519
vt 1.704704 -0.225360
vt 1.700976 -0.227379
vt 1.702219 -0.290564
vt 2.246403 1.829490
vt 2.246449 1.762992
vt 2.264351 -1.171965
vt 2.262350 -1.238314
vt 2.245322 1.763377
vt 2.258162 -1.238269
vt 2.260555 -1.296886
vt 2.262188 -1.296288
vt 2.152495 1.122072
vt 2.152270 1.091613
vt 2.159219 1.031721
vt 2.261820 -1.363373
vt 2.266261 -1.422762
vt 2.266606 -1.422774
vt 2.263914 -1.363282
vt 1.744941 -0.137928
vt 1.748799 -0.138986
vt 1.744649 -0.046527
vt 2.266952 -1.422716
vt 2.289294 -0.915488
vt 2.286418 -0.847465
vt 2.281056 -0.847678
vt 2.284025 -0.788042
vt 2.268701 -1.456506
vt -0.029186 1.465997
vt -0.029508 1.434335
vt -0.029140 1.434128
vt 2.239593 1.285245
vt 2.242216 1.284888
vt 2.246611 1.345186
vt 1.747870 -0.047390
vt 1.749435 0.022244
vt 2.280458 -0.720375
vt 2.284209 -0.720496
vt 2.286855 -0.660955
vt 2.239662 1.215870
vt 2.245829 1.216048
vt 2.285336 -0.660593
vt 2.286717 -0.592509
vt 2.242055 1.345344
vt 2.243573 1.413706
vt 2.288627 -0.592552
vt 2.245414 1.413729
vt 2.246748 1.473909
vt 2.243804 1.474012
vt 0.922806 1.579755
vt 0.921032 1.553998
vt 0.918271 1.504124
vt 1.342436 2.105804
vt 1.345657 2.045737
vt 1.346301 2.045766
vt 2.250706 1.542076
vt 1.626608 0.011178
vt 1.632729 0.010693
vt 1.632729 0.037833
vt 1.343402 2.105966
vt 0.841026 0.784272
vt 0.841095 0.844340
vt 0.840382 0.784269
vt 0.918064 1.447634
vt 0.920848 1.448762
vt 0.920618 1.398301
vt 1.347406 2.011596
vt 0.841095 0.750140
vt 2.289294 -0.498082
vt 2.288373 -0.532304
vt 2.289018 -0.532315
vt 2.253053 2.361128
vt 2.248290 2.361232
vt 2.248820 2.313900
vt 0.923701 1.503744
vt 0.922021 1.342560
vt 0.920042 1.342030
vt 0.916545 1.292225
vt 2.255239 2.418147
vt 2.252294 2.419251
vt 0.919191 1.292076
vt 0.919490 1.235207
vt 2.251005 2.312785
vt 2.251696 2.257342
vt 0.918478 1.234931
vt 2.248313 2.257135
vt 2.253444 2.208527
vt 2.254871 2.207951
vt 0.509241 1.933717
vt 0.507394 1.909248
vt 0.504955 1.857856
vt 0.841003 1.084457
vt 0.840957 1.114842
vt 0.840405 1.114980
vt 2.257310 2.153832
vt 1.058905 1.601353
vt 1.064061 1.623122
vt 1.064061 1.665513
vt 2.255561 2.153740
vt 2.257955 2.108802
vt 0.400777 0.631495
vt 0.400823 0.673361
vt 0.400409 0.631748
vt 0.504425 1.801389
vt 0.507187 1.800296
vt 0.506036 1.753471
vt 0.841003 1.132077
vt 0.400823 0.607656
vt 0.929246 1.155880
vt 0.925749 1.184619
vt 0.925404 1.184528
vt 2.300408 2.041371
vt 2.296243 2.041693
vt 2.297462 1.992866
vt 0.509695 1.857947
vt 0.507244 1.697925
vt 0.505265 1.698822
vt 0.502309 1.650467
vt 2.301466 2.094363
vt 2.298406 2.092568
vt 0.504690 1.650571
vt 0.505449 1.596278
vt 2.299764 1.993993
vt 2.300569 1.941117
vt 0.504414 1.596716
vt 2.297578 1.941232
vt 2.301075 1.894521
vt 2.302617 1.895373
vt 0.627915 2.034382
vt 0.626514 2.015807
vt 0.626554 1.981085
vt 0.841003 0.960940
vt 0.840957 0.998802
vt 0.840405 0.998837
vt 2.302870 1.840863
vt 0.835710 1.622088
vt 0.840359 1.642459
vt 0.840359 1.684875
vt 2.301305 1.840955
vt 2.300868 1.791092
vt 2.301213 1.791207
vt 0.627586 1.940910
vt 0.630787 1.941991
vt 0.629467 1.905037
vt 0.841003 1.020328
vt 2.300315 1.762997
vt 0.514849 1.524936
vt 0.511478 1.550811
vt 0.511133 1.550960
vt -0.348313 2.229799
vt -0.344978 2.230582
vt -0.343868 2.263808
vt 0.630307 1.979958
vt 0.631880 1.864954
vt 0.629557 1.864310
vt 0.627894 1.828506
vt -0.349355 2.188036
vt -0.345760 2.187024
vt 0.629835 1.827977
vt 0.628696 1.786053
vt -0.346592 2.264774
vt -0.346672 2.304628
vt 0.627451 1.785777
vt -0.344251 2.305318
vt -0.346608 2.339303
vt -0.348466 2.339879
vt 0.835768 2.478232
vt 0.834652 2.456377
vt 0.832558 2.412550
vt 0.840957 1.020328
vt 0.840911 1.061217
vt 0.840405 1.061229
vt -0.349400 2.377339
vt 1.059670 1.731110
vt 1.060426 1.709479
vt 1.064084 1.665513
vt -0.348103 2.377799
vt -0.348764 2.407551
vt -0.349176 2.407735
vt 0.832167 2.363470
vt 0.833916 2.363522
vt 0.833663 2.320973
vt 0.840957 1.084457
vt -0.349096 2.425038
vt 0.628886 1.724547
vt 0.628815 1.746821
vt 0.628400 1.746729
vt 0.730234 0.418722
vt 0.726897 0.418812
vt 0.727910 0.376451
vt 0.836355 2.412404
vt 0.834284 2.272616
vt 0.833019 2.272732
vt 0.830396 2.230244
vt 0.364422 1.600932
vt 0.366355 1.600846
vt 0.366953 1.649955
vt 0.832420 2.230177
vt 0.832628 2.181904
vt 0.583752 1.875536
vt 0.584167 1.918010
vt 0.582280 1.875613
vt 0.584167 1.827285
vt 0.831914 2.181884
vt 1.009275 2.052311
vt 1.006813 2.052265
vt 1.009275 2.009764
vt 0.929407 1.382943
vt 0.930512 1.340421
vt 0.930466 1.382989
vt -0.303744 2.347644
vt -0.306715 2.329961
vt -0.310320 2.292662
vt 1.016730 1.514683
vt 1.017029 1.556730
vt 1.016776 1.556677
vt 0.930512 1.431300
vt 0.835710 1.685047
vt 0.839347 1.704221
vt 0.839393 1.743807
vt 1.015373 1.514688
vt 0.400823 0.697395
vt 0.400823 0.739688
vt 0.400593 0.697435
vt -0.313476 2.251935
vt -0.310861 2.251153
vt -0.315372 2.217604
vt 1.017190 1.580646
vt 0.400823 0.673356
vt 0.840198 2.115653
vt 0.837483 2.139671
vt 0.837253 2.139657
vt 0.030670 2.164451
vt 0.033251 2.163715
vt 0.031041 2.197356
vt -0.307421 2.293054
vt -0.316468 2.178257
vt -0.318414 2.178970
vt -0.321979 2.145169
vt 0.033917 2.128970
vt 0.036853 2.130213
vt -0.320361 2.145629
vt -0.316586 2.108882
vt 0.028747 2.196573
vt 0.025692 2.233481
vt -0.317663 2.109089
vt 0.027611 2.233021
vt 0.023768 2.266891
vt 0.022130 2.266431
vt 1.480840 2.246879
vt 1.479724 2.230835
vt 1.478321 2.200025
vt 0.515045 1.082064
vt 0.514999 1.119421
vt 0.514584 1.119421
vt 0.026535 2.305433
vt 1.580771 1.904477
vt 1.584086 1.916161
vt 1.584086 1.941612
vt 0.027598 2.304973
vt 0.038150 2.339925
vt 0.037801 2.339948
vt 1.478286 2.165095
vt 1.480092 2.165924
vt 1.479701 2.134492
vt 0.515045 1.140671
vt 0.044072 2.359576
vt -0.300366 2.064174
vt -0.306197 2.080419
vt -0.306551 2.080465
vt 1.932790 -0.072160
vt 1.930074 -0.072229
vt 1.929799 -0.100968
vt 1.481323 2.199702
vt 1.481013 2.099678
vt 1.479644 2.099241
vt 1.478148 2.067787
vt 1.934079 -0.037047
vt 1.932168 -0.036173
vt 1.479863 2.067648
vt 1.479943 2.032144
vt 1.931294 -0.101820
vt 1.931777 -0.135460
vt 1.479160 2.031868
vt 1.929729 -0.135690
vt 1.933066 -0.164499
vt 1.934148 -0.165051
vt 1.263515 2.458596
vt 1.260286 2.458621
vt 1.259370 2.411129
vt 0.930282 0.384288
vt 0.930282 0.410416
vt 0.929868 0.410450
vt 1.935022 -0.197863
vt 1.644832 0.026242
vt 1.643024 0.034470
vt 1.644832 0.010699
vt 1.933848 -0.197955
vt 1.933917 -0.225613
vt 1.934170 -0.225774
vt 1.259853 2.375774
vt 1.261280 2.375337
vt 1.261302 2.345551
vt 0.930282 0.425269
vt 1.933733 -0.241651
vt 1.484326 1.982397
vt 1.482750 2.000436
vt 1.482497 2.000321
vt 2.192422 -0.309300
vt 2.189914 -0.309116
vt 2.189500 -0.340226
vt 1.262200 2.411141
vt 1.262545 2.311059
vt 1.261441 2.311577
vt 1.260267 2.282021
vt 2.195160 -0.274509
vt 2.193619 -0.275073
vt 1.261901 2.282009
vt 1.261095 2.248541
vt 2.190719 -0.339869
vt 2.190765 -0.374533
vt 1.260474 2.248898
vt 2.188810 -0.374579
vt 2.191617 -0.405309
vt 2.192514 -0.404964
vt 2.215724 0.513621
vt 2.214661 0.501524
vt 2.214822 0.478422
vt 0.400869 0.856245
vt 0.400823 0.873536
vt 0.400455 0.873617
vt 2.194792 -0.439985
vt 1.577826 1.904490
vt 1.580542 1.917480
vt 1.580542 1.943605
vt 2.193665 -0.440054
vt 2.196840 -0.471072
vt 2.197047 -0.471026
vt 2.215420 0.451592
vt 2.217595 0.451960
vt 2.216353 0.427500
vt 0.400869 0.883339
vt 2.198336 -0.488663
vt 0.841049 1.174139
vt 0.840865 1.159067
vt 0.841049 1.158906
vt 2.217181 -1.049645
vt 2.218872 -1.048977
vt 2.220207 -1.026451
vt 2.216698 0.477524
vt 2.217791 0.400694
vt 2.216088 0.400510
vt 2.214684 0.376971
vt 2.217261 -1.077602
vt 2.219677 -1.077855
vt 2.215823 0.376464
vt 2.215812 0.349175
vt 2.218262 -1.026128
vt 2.217975 -0.999391
vt 2.214799 0.349037
vt 2.219298 -0.998770
vt 2.217883 -0.975990
vt 2.216410 -0.975806
vt 1.846851 -0.019600
vt 1.846872 -0.004488
vt 1.844601 0.025471
vt 0.400823 0.784557
vt 0.400823 0.808832
vt 0.400455 0.808850
vt 2.217319 -0.949805
vt 0.739067 2.001451
vt 0.741056 2.001547
vt 0.738206 2.046802
vt 2.218113 -0.949459
vt 2.220863 -0.928014
vt 2.220529 -0.927922
vt -0.343211 1.717713
vt -0.343211 1.751216
vt -0.345331 1.751123
vt -0.344051 1.780116
vt 0.400823 0.822633
vt 2.222289 -0.915474
vt 2.217377 0.309206
vt 2.216813 0.323680
vt 2.216467 0.323634
vt 2.148577 2.340868
vt 2.150705 2.340822
vt 2.149830 2.370091
vt 0.739938 2.046894
vt 0.741060 2.080442
vt 0.839387 1.717253
vt 0.841066 1.717345
vt 0.840911 1.745555
vt 2.149635 2.307320
vt 2.151263 2.307642
vt 1.402296 1.802528
vt 1.403354 1.802666
vt 1.403608 1.835294
vt 2.148508 2.369861
vt 0.841066 1.684855
vt 2.148611 2.402397
vt -0.029048 1.542608
vt -0.030256 1.510440
vt -0.029244 1.510486
vt 2.150291 2.402305
vt 2.149877 2.430975
vt 2.148864 2.430699
vt 0.918000 1.154531
vt 0.916546 1.062080
vt 0.922126 0.875205
vt 0.400835 0.739699
vt 0.400823 0.768278
vt 0.400490 0.768323
vt 2.151194 2.462913
vt 0.729551 1.721418
vt 0.741048 1.813760
vt 0.741048 2.001354
vt 2.152201 2.462729
vt 2.155319 2.491123
vt 0.400817 0.834799
vt 0.400835 0.856245
vt 0.400507 0.834684
vt 0.923720 0.666939
vt 0.928619 0.666559
vt 2.080677 -1.049311
vt 2.090828 -0.987403
vt 2.090828 -0.843154
vt 0.400835 0.784568
vt 0.400835 0.822627
vt -0.029048 1.465985
vt -0.029117 1.482137
vt -0.029462 1.482092
vt 2.283783 0.051512
vt 2.281010 0.051002
vt 2.287672 -0.129277
vt 0.929873 0.875737
vt -0.321976 2.064174
vt -0.327740 2.221102
vt -0.343209 2.224461
vt 1.552211 2.445299
vt 1.544026 2.442123
vt 1.552211 2.321770
vt -0.321976 2.355019
vt -0.557471 1.878012
vt -0.557405 1.987712
vt -0.559168 1.877391
vt 0.385648 2.241835
vt 0.400018 2.230309
vt 0.400018 2.444370
vt 2.288373 -0.231832
vt 2.285808 -0.129309
vt -0.557405 1.815644
vt 0.920047 0.384291
vt 0.923072 0.486613
vt 0.921439 0.486763
vt 2.189339 -0.836659
vt 2.173450 -0.837622
vt 2.189339 -1.039940
vt 0.665967 2.117677
vt 0.686170 2.118874
vt 0.672225 2.356095
vt -0.047577 2.339564
vt -0.062835 2.448123
vt -0.047577 2.120969
vt 1.868212 -0.423297
vt 1.856753 -0.424937
vt 1.865279 -0.692140
vt 1.523915 1.696245
vt 1.528586 1.474573
vt 1.529920 1.473923
vt 2.176246 0.749841
vt 2.189155 0.517849
vt 2.182724 0.751359
vt 2.067510 -0.845144
vt 2.060714 -0.971652
vt 2.067510 -0.973666
vt 2.189155 1.015151
vt -0.030351 2.409528
vt -0.044128 2.414785
vt -0.030336 2.120968
vt 1.531036 1.696475
vt 1.263373 0.952924
vt 1.263581 1.187907
vt 1.262085 0.952810
vt 2.228657 1.762992
vt 2.226350 2.003035
vt 2.219344 2.002885
vt 2.156918 -0.231837
vt 2.136025 -0.242261
vt 2.156918 -0.453872
vt 1.531036 1.348755
vt 1.263581 0.819413
vt 1.263241 1.894452
vt 1.263540 2.022681
vt 1.262332 2.022083
vt 0.834940 1.313613
vt 0.840394 1.311767
vt 0.838116 1.509175
vt 2.222807 -1.309013
vt 2.233368 -1.312349
vt 2.238453 -1.134954
vt 1.217883 1.933443
vt 1.215536 2.176853
vt 1.201592 2.172183
vt 2.103512 -1.278823
vt 2.092052 -1.277909
vt 2.109793 -1.456506
vt 1.217883 2.393734
vt 0.192779 1.966348
vt 0.192756 2.119150
vt 0.190478 1.966641
vt 0.430650 2.274264
vt 0.406409 2.282110
vt 0.430713 1.960894
vt 0.840394 1.621831
vt 0.840313 1.509468
vt 2.228657 2.324986
vt 2.225407 2.208209
vt 2.227743 2.208246
vt 2.273166 -0.439600
vt 2.270143 -0.569681
vt 2.272543 -0.569934
vt 1.988324 2.106834
vt 1.974196 2.111402
vt 1.993110 1.896006
vt 2.300315 1.122596
vt 2.299758 1.227372
vt 2.297324 1.226889
vt 2.291710 1.122599
vt 2.291595 1.249686
vt 2.289064 1.249597
vt 1.059828 1.982741
vt 1.081969 1.981539
vt 1.081969 2.252015
vt 0.486508 2.272639
vt 0.484683 2.167692
vt 0.513181 1.968280
vt 2.014693 1.960365
vt 1.993743 1.954417
vt 2.018824 1.762985
vt 2.026037 0.834529
vt 2.038877 0.632654
vt 2.041385 0.633203
vt 2.248279 1.927288
vt 2.261107 1.762985
vt 2.260221 1.931234
vt 1.749608 -0.813143
vt 1.750419 -1.083673
vt 1.755740 -1.083523
vt 2.261107 2.108802
vt 1.792285 1.229846
vt 1.812578 1.223162
vt 1.786688 1.591619
vt 2.031974 0.831897
vt 2.184921 2.304173
vt 2.185197 2.461998
vt 2.182712 2.303092
vt 0.255389 1.933710
vt 0.252352 2.154959
vt 0.233875 2.156193
vt 0.255389 2.344394
vt 2.045734 0.517849
vt 2.185197 2.214584
vt 1.776932 -1.456506
vt 1.769350 -1.321347
vt 1.767573 -1.321374
vt 2.126809 -0.461511
vt 2.108355 -0.460084
vt 2.118342 -0.610960
vt 1.801967 1.586442
vt 1.812620 1.863285
vt 1.672214 1.911008
vt 1.670950 1.785162
vt 1.704681 2.186989
vt 1.821007 0.310409
vt 1.797422 0.310538
vt 1.825586 0.043649
vt 2.261084 2.108805
vt 2.260670 2.354624
vt 2.257955 2.354599
vt -0.114772 0.794371
vt -0.061066 0.566952
vt -0.101449 0.796449
vt 2.236808 2.375216
vt 2.228651 2.131156
vt 2.236808 2.130678
vt -0.122986 1.061663
vt 0.776662 2.127178
vt 0.741730 2.125285
vt 0.776828 1.699714
vt -0.118684 1.059539
vt -0.080291 1.297643
vt -0.082995 1.298048
vt -0.188254 1.659303
vt -0.192281 1.973411
vt -0.206685 1.971904
vt -0.188254 2.257918
vt 2.261084 2.494249
vt -0.061066 1.432325
vt 2.232529 1.762992
vt 2.234024 1.896063
vt 2.231309 1.896150
vt 2.233748 -0.915487
vt 2.233633 -0.745957
vt 2.230906 -0.746017
vt 1.808593 -0.316319
vt 1.787735 -0.315960
vt 1.822596 -0.576074
vt 2.277410 1.596129
vt 2.274568 1.467021
vt 2.277294 1.466917
vt 2.236279 0.305398
vt 2.233035 0.158532
vt 2.235635 0.158952
vt 0.400846 1.710498
vt 0.427285 1.713204
vt 0.442057 1.960894
vt 1.753370 2.089945
vt 1.752251 1.978030
vt 1.774700 2.334196
vt -0.002598 1.595186
vt -0.029013 1.592631
vt 0.022126 1.398405
vt 1.017121 0.368842
vt 1.016834 0.619599
vt 1.014901 0.620755
vt 2.175458 0.958616
vt 2.175458 1.118282
vt 2.160582 0.961515
vt -0.122975 1.450781
vt -0.135607 1.770555
vt -0.141912 1.769186
vt 2.079708 -0.231832
vt 2.088613 -0.226179
vt 2.075163 0.072679
vt 1.924633 2.370528
vt 1.918167 2.458014
vt 1.924633 2.176486
vt 2.084390 0.072342
vt 2.085771 0.350346
vt 2.083953 0.349824
vt 1.530565 0.699731
vt 1.530565 0.971030
vt 1.523915 0.967963
vt 0.276455 2.362520
vt 0.255677 2.352948
vt 0.276455 2.057639
vt 1.017121 0.761950
vt 2.088613 0.507180
vt -0.122975 2.202435
vt -0.129533 2.045386
vt -0.127439 2.045869
vt 2.220483 1.394220
vt 2.211336 1.394353
vt 2.217756 1.122600
vt 2.158379 -0.810560
vt 2.173450 -0.810353
vt 2.171115 -0.571740
vt 1.483211 0.582426
vt 1.483211 0.916001
vt 1.469382 0.911756
vt 1.775689 0.887480
vt 1.762390 0.882326
vt 1.781235 0.670692
vt 1.482520 1.209597
vt 1.670465 2.126266
vt 1.670465 2.310702
vt 1.667681 2.125299
vt 1.929741 -0.539319
vt 1.933090 -0.690312
vt 1.962369 -0.241651
vt 1.059690 2.426707
vt 1.057250 2.324589
vt 1.059736 2.325923
vt 1.670465 2.021468
vt 1.526469 1.348761
vt 1.525663 1.210788
vt 1.527895 1.211783
vt 2.258168 -1.047976
vt 2.254687 -1.160334
vt 2.256919 -1.159080
vt 0.546804 -0.639228
vt 0.563038 -0.637928
vt 0.529679 -0.335577
vt 2.201801 1.122599
vt 2.200598 1.270248
vt 2.198303 1.270676
vt 2.247186 -1.456506
vt 2.247071 -1.308610
vt 2.244171 -1.308708
vt -0.029013 2.071882
vt -0.001919 2.069236
vt -0.001919 2.291834
vt 1.677970 -1.455418
vt 1.682004 -1.310686
vt 1.668981 -1.020566
vt 0.571425 -0.987794
vt 0.597058 -0.986034
vt 0.400547 1.074500
vt 0.400271 1.333686
vt 0.397142 1.333485
vt 0.515039 -0.336463
vt 2.077522 1.674846
vt 2.058965 1.463086
vt 2.068433 1.463223
vt 0.532544 0.008168
vt 1.230505 2.345213
vt 1.219494 2.233953
vt 1.239627 2.009951
vt 0.539711 0.007420
vt 0.598381 0.304984
vt 0.595476 0.305640
vt 1.667336 -0.696661
vt 1.658120 -0.696402
vt 1.759951 1.208090
vt 1.734916 1.190430
vt 1.759951 1.009905
vt 0.400547 1.481284
vt 0.630376 0.474705
vt 2.077522 1.122596
vt 2.074324 1.245757
vt 2.071171 1.245619
vt 2.229825 1.663933
vt 2.226569 1.515816
vt 2.229422 1.515698
vt 2.199765 1.082921
vt 2.196075 0.928473
vt 2.198787 0.928087
vt 1.120723 1.969799
vt 1.120378 2.100875
vt 1.117513 2.100679
vt 2.296243 1.762990
vt 2.296128 1.873828
vt 2.293297 1.873461
vt 2.130411 1.459174
vt 2.122932 1.462815
vt 2.135266 1.246671
vt 2.261312 1.122608
vt 2.260375 1.236760
vt 2.257629 1.235794
vt 2.225556 -0.915487
vt 2.225419 -0.756379
vt 2.222381 -0.756413
vt 1.658718 -1.020577
vt 1.956962 1.967486
vt 1.956179 2.174921
vt 1.938761 2.165671
vt 0.794742 1.938459
vt 0.779291 1.938183
vt 0.798090 1.699720
vt 1.956962 2.357378
vt 2.282115 2.306284
vt 2.282196 2.519644
vt 2.278974 2.306273
vt -0.410338 2.179503
vt -0.427419 2.055798
vt -0.395850 1.803229
vt 2.137360 1.122602
vt 2.132366 1.245855
vt 2.282196 2.184930
vt 1.682004 -0.256262
vt 1.673559 -0.415790
vt 1.676620 -0.415928
vt 0.958066 -0.413049
vt 0.937564 -0.412212
vt 0.930524 -0.699511
vt 2.008975 -0.001543
vt 1.982675 0.002622
vt 1.985839 -0.231837
vt 2.251926 1.101732
vt 2.239961 1.092450
vt 2.251926 0.857012
vt 0.982026 -0.080866
vt 0.963899 -0.077363
vt 0.582694 2.184627
vt 0.582303 2.397222
vt 0.579196 2.397065
vt 0.940889 -0.701162
vt 0.255401 1.261657
vt 0.251995 1.530251
vt 0.246358 1.526524
vt 0.954384 -1.023365
vt -0.066186 2.349876
vt -0.074438 2.426997
vt -0.066186 2.178119
vt 0.945353 -1.024834
vt 0.992466 -1.299044
vt 0.994566 -1.299371
vt 0.836838 1.086794
vt 0.834768 0.819755
vt 0.840382 0.823356
vt 1.709050 0.049465
vt 1.712285 0.189819
vt 1.691611 0.475212
vt 0.582694 2.518233
vt 1.017282 -1.456506
vt 0.255401 1.933707
vt 0.252191 1.786456
vt 0.254066 1.787549
vt -0.385013 2.371799
vt -0.388773 2.216528
vt -0.386042 2.216011
vt 2.170695 -0.231832
vt 2.173393 -0.070492
vt 2.170971 -0.069968
vt 2.239966 0.517860
vt 2.238966 0.643863
vt 2.236207 0.642896
vt 2.210163 2.362759
vt 2.206919 2.198451
vt 2.210025 2.198420
vt 2.219344 1.762992
vt 2.219172 1.925061
vt 2.216157 1.925033
vt -0.093718 2.460750
vt -0.093537 2.336174
vt -0.091149 2.337532
vt 2.219574 0.517850
vt 2.219436 0.678619
vt 2.216353 0.678509
vt 1.732247 0.476220
vt 1.723411 0.476073
vt 1.732155 0.200495
vt 2.226937 -0.231837
vt 2.226810 -0.072286
vt 2.223796 -0.072321
vt 0.734283 1.131955
vt 0.736009 1.293143
vt 0.732995 1.293143
vt 2.155848 2.020489
vt 2.170356 2.019938
vt 2.170356 2.292294
vt 1.689431 0.793427
vt 1.670649 0.794923
vt 1.732316 0.793977
vt 1.724067 0.794785
vt 1.705734 1.069662
vt 1.733834 0.200467
vt -0.451708 2.237171
vt -0.466996 2.117068
vt -0.437313 1.869665
vt 0.293229 2.457540
vt 0.290514 2.365385
vt 0.293206 2.366352
vt 1.734916 0.043649
vt 0.840382 0.451731
vt 0.840290 0.586394
vt 0.838426 0.585200
vt 2.190949 1.673181
vt 2.187866 1.522373
vt 2.189420 1.522262
vt 2.093112 1.294411
vt 2.077534 1.303236
vt 2.102407 1.122596
vt 0.557728 2.449196
vt 0.554553 2.315186
vt 0.556255 2.316236
vt 1.403642 1.969350
vt 1.403504 2.047825
vt 1.400927 2.046744
vt 1.673985 0.472266
vt 1.170749 0.203841
vt 1.165576 0.307377
vt 1.140144 0.491733
vt 1.848493 -1.132929
vt 1.873079 -1.130755
vt 1.841647 -0.890025
vt 1.170735 2.185620
vt 1.167859 2.185660
vt 1.624514 -1.238993
vt 1.658120 -1.456506
vt 1.638458 -1.236589
vt 1.712285 1.375119
vt 1.703962 1.375970
vt 1.619349 -0.974805
vt 1.782349 1.865050
vt 1.810457 1.992705
vt 1.810457 2.258619
vt 1.624825 -0.978406
vt 1.647282 -0.730773
vt 1.644441 -0.730785
vt 1.114954 0.706024
vt 1.099813 0.697487
vt 1.094636 0.898318
vt 1.171149 2.322719
vt 1.658120 -0.592219
vt 1.704422 1.778770
vt 1.704284 1.632669
vt 1.707057 1.632381
vt 2.246686 2.520391
vt 2.243458 2.425337
vt 2.245610 2.426511
vt 1.202415 -0.563640
vt 1.185391 -0.564802
vt 1.171407 -0.803197
vt 2.239596 1.122602
vt 2.238549 1.261846
vt 2.236362 1.262117
vt 2.274015 -0.231832
vt 2.273900 -0.091560
vt 2.271231 -0.091621
vt 1.118037 0.497163
vt 1.469071 -0.101243
vt 1.461155 0.010411
vt 1.438398 0.216120
vt 1.228992 -0.280607
vt 1.209112 -0.275384
vt 1.587031 1.904360
vt 1.586893 2.145389
vt 1.584086 2.145388
vt 1.182793 -0.805855
vt 1.106820 1.121262
vt 1.100118 1.118753
vt 1.196478 -1.080616
vt 0.459124 1.969516
vt 0.484672 2.076616
vt 0.484672 2.303828
vt 1.188949 -1.082721
vt 1.237303 -1.320034
vt 1.239578 -1.320149
vt 1.422430 0.453801
vt 1.411166 0.446576
vt 1.416044 0.666137
vt 1.587031 2.282504
vt 1.263911 -1.456506
vt 1.171132 1.433207
vt 1.145712 1.319354
vt 1.147927 1.320090
vt -0.427577 2.435381
vt -0.430966 2.280790
vt -0.428446 2.280387
vt 2.256442 0.241385
vt 2.253118 0.112380
vt 2.255567 0.111770
vt 2.264466 -0.915497
vt 2.263638 -0.793015
vt 2.261085 -0.793797
vt 2.242170 -0.915487
vt 2.242055 -0.754415
vt 2.239248 -0.754447
vt 2.242653 0.216402
vt 2.242193 0.093350
vt 2.244056 0.094472
vt 2.265996 -0.231826
vt 2.265142 -0.107112
vt 2.262674 -0.107780
vt 2.261797 1.048096
vt 2.258944 0.902874
vt 2.261682 0.902845
vt 1.752058 1.865535
vt 1.751874 2.013339
vt 1.749251 2.013334
vt 2.201293 -0.231832
vt 2.201638 -0.083784
vt 2.200015 -0.083761
vt -0.468492 1.823548
vt -0.468561 1.919315
vt -0.471046 1.918452
vt 1.280539 -0.589256
vt 1.263914 -0.589740
vt 1.266019 -0.821996
vt 2.269206 1.122602
vt 2.269103 1.270314
vt 2.266468 1.270285
vt 2.210278 0.517850
vt 2.210140 0.668856
vt 2.207517 0.668831
vt 1.417183 0.217454
vt 0.028693 0.470015
vt 0.044908 0.473713
vt -0.018508 0.809155
vt 1.302145 -0.316491
vt 1.287453 -0.310543
vt 1.348234 0.765693
vt 1.348050 0.947815
vt 1.345519 0.947754
vt 1.274476 -0.824728
vt 1.427745 0.914667
vt 1.422752 0.912527
vt 1.291722 -1.091448
vt 2.200200 -0.563376
vt 2.201703 -0.677847
vt 2.216398 -0.334680
vt 1.284358 -1.092829
vt 1.326122 -1.323750
vt 1.327824 -1.324095
vt -0.020206 1.060378
vt -0.026273 1.061804
vt -0.053421 0.647705
vt -0.035991 0.567996
vt -0.039788 0.808706
vt 1.348234 1.051563
vt 1.348257 -1.456506
vt 1.469370 1.266086
vt 1.452653 1.138059
vt 1.454310 1.138680
vt 2.291894 -0.231837
vt 2.293724 -0.126095
vt 2.291946 -0.125256
vt 2.172127 1.463905
vt 2.168077 1.462893
vt 2.177972 1.245955
vt 2.281678 2.184930
vt 2.281911 2.069236
vt 2.283751 2.069857
vt 2.299970 0.517849
vt 2.299878 0.637846
vt 2.297532 0.637823
vt -0.029012 0.807187
vt -0.045995 0.986274
vt -0.061061 0.983121
vt -0.284201 1.945972
vt -0.294231 1.941002
vt -0.257961 1.786421
vt -0.048118 1.143178
vt 1.297555 2.067372
vt 1.296945 2.218364
vt 1.295196 2.066958
vt 1.120850 2.090543
vt 1.122863 1.980174
vt 1.144688 2.307090
vt 2.179536 1.122599
vt 2.175533 1.245938
vt 1.297555 1.981545
vt 0.045008 1.398405
vt 0.019596 1.276395
vt 0.021585 1.275727
vt 0.628898 2.457091
vt 0.626482 2.392066
vt 0.628794 2.392020
vt 1.595821 -0.855452
vt 1.607648 -0.853761
vt 1.606739 -0.635707
vt 2.277280 -1.456506
vt 2.276334 -1.331321
vt 2.274507 -1.331321
vt 2.296772 -0.915485
vt 2.296473 -0.793326
vt 2.294172 -0.793429
vt -0.053974 0.818646
vt -0.189847 0.747733
vt -0.191222 0.857908
vt -0.194697 1.078334
vt 1.594274 -1.110724
vt 1.613027 -1.111668
vt 1.348188 0.435469
vt 1.347866 0.646083
vt 1.345519 0.646066
vt 1.595936 -0.634891
vt -0.044056 1.339868
vt -0.050787 1.338970
vt 1.602045 -0.390985
vt 1.957394 2.433343
vt 1.960805 2.329525
vt 1.974219 2.113450
vt 1.607343 -0.389559
vt 1.615437 -0.184679
vt 1.613233 -0.184299
vt -0.194651 1.324492
vt -0.198171 1.324392
vt -0.029048 1.275714
vt -0.029094 1.340901
vt -0.030244 1.340837
vt 1.484091 -1.452205
vt 1.482715 -1.343435
vt 1.458359 -1.124254
vt 1.348188 0.765693
vt 1.619349 -0.066672
vt -0.030267 1.634349
vt -0.037573 1.527514
vt -0.035330 1.527743
vt -0.189704 1.350032
vt -0.188922 1.228770
vt -0.187679 1.228764
vt 1.402296 1.960813
vt 1.399938 1.843089
vt 1.402135 1.843057
vt 2.284968 0.841472
vt 2.278296 0.841426
vt 2.283841 0.634636
vt 1.078299 1.218398
vt 1.071068 1.217386
vt 1.077189 1.064059
vt 2.299878 -1.456506
vt 2.299695 -1.343090
vt 2.297508 -1.343148
vt 2.303376 -0.915487
vt 2.303284 -0.809712
vt 2.301075 -0.809778
vt -0.205604 1.078347
vt 1.403837 -0.667162
vt 1.410338 -0.666161
vt 1.414802 -0.425374
vt 1.432577 -0.878831
vt 1.418679 -0.880188
vt 2.099830 2.003090
vt 2.093940 2.000970
vt 2.102637 1.762990
vt -0.029048 0.684720
vt -0.029048 0.891848
vt -0.030244 0.684239
vt -0.550115 2.352202
vt -0.556988 2.261564
vt -0.533702 2.093868
vt 2.284968 0.517849
vt 2.282690 0.635130
vt 0.022126 1.649458
vt 0.036714 1.489393
vt 0.037566 1.489445
vt -0.600638 1.530044
vt -0.596968 1.531356
vt -0.593275 1.655241
vt -0.029002 0.566952
vt -0.189796 1.659300
vt -0.192787 1.537909
vt -0.191637 1.537921
vt 1.855960 1.416824
vt 1.846894 1.416594
vt 1.866015 1.221404
vt 2.252110 -0.755509
vt 2.242170 -0.749066
vt 2.254733 -0.915485
vt 1.447176 -1.126578
vt 1.695615 1.068293
vt 1.845647 2.058884
vt 1.846226 1.970998
vt 1.849080 1.790721
vt 2.066305 -1.251200
vt 2.048403 -1.251741
vt 2.067708 -1.456506
vt 2.008987 0.066223
vt 2.024358 -0.123983
vt 2.026475 -0.123746
vt 2.195620 1.981453
vt 2.200821 2.158227
vt 2.185243 1.981327
vt 1.421014 -0.426409
vt 2.200821 1.762985
vt 1.921595 -0.884606
vt 1.930661 -0.890025
vt 1.930661 -0.712492
vt 1.403837 0.667517
vt -0.056292 1.148701
vt 2.012761 0.063685
vt -0.343226 1.230340
vt -0.343203 1.435865
vt -0.345343 1.230317
vt 1.849333 1.590193
vt 1.856144 1.588622
vt 0.293229 2.206295
vt 1.081975 0.901701
vt 0.921573 1.882102
vt 0.906835 1.880658
vt 0.930190 1.605836
vt 2.032595 -0.231832
vt 0.060403 2.055672
vt 0.045009 2.057697
vt 0.076452 1.843520
vt 0.240214 1.262750
vt -0.343203 1.113507
vt 1.484338 -0.102418
vt 1.459487 -0.219481
vt 1.461535 -0.219964
vt -0.213542 2.159205
vt -0.222056 2.162415
vt -0.206938 1.887826
vt 1.059736 2.149057
vt -0.559163 2.146480
vt -0.561441 2.056373
vt -0.559427 2.056512
vt 0.120885 0.659003
vt 0.133241 0.658750
vt 0.127580 0.828874
vt 1.712285 1.778765
vt 1.711895 1.887141
vt 1.709916 1.887222
vt -0.343502 1.798927
vt -0.343594 1.889937
vt -0.345619 1.889779
vt 1.864681 1.790894
vt 1.841555 0.009456
vt 1.842947 0.009594
vt 1.844317 0.042452
vt 1.993334 1.222143
vt 1.989797 1.303989
vt 1.982387 1.464915
vt 2.125785 -0.857170
vt 2.117364 -0.862817
vt 2.127810 -1.039940
vt 0.131929 1.022744
vt 0.132689 1.197793
vt 0.131791 1.197931
vt 0.122840 0.826941
vt 1.862931 1.222140
vt 0.126338 1.022836
vt 0.032210 2.083464
vt 0.027786 2.000988
vt 0.023138 1.834827
vt 2.129375 0.015575
vt 2.117720 0.015535
vt 2.136025 -0.231832
vt 1.762280 -0.814038
vt 1.482060 2.134377
vt 0.130825 1.197827
vt 1.982365 1.646567
vt 1.979787 1.646009
vt 2.217860 0.426925
vt 0.632312 1.904347
vt 1.065969 1.732349
vt 1.064936 1.663364
vt 1.069567 1.517447
vt 0.133241 1.297241
vt -0.313107 2.218111
vt 1.263535 2.345654
vt 0.509603 1.753770
vt 0.930512 1.527695
vt 0.929545 1.431724
vt 0.930512 1.431299
vt 2.281701 -0.787475
vt 0.836562 2.321024
vt 0.027165 1.649717
vt 1.974196 1.464800
vt 2.020376 0.892646
vt 1.071672 1.356066
vt 1.079489 1.353478
vt 0.027188 1.834665
vt 0.038394 1.489534
vt 0.777625 2.245376
vt 0.792452 2.318037
vt 0.792452 2.463789
vt 0.044745 1.398405
vt 2.248267 1.955671
vt 0.924667 1.398301
vt 1.833145 -0.310940
vt 1.993386 1.896011
vt 1.988508 1.805433
vt 1.989383 1.805565
vt 1.837528 0.568356
vt 2.034022 -1.150244
vt 1.875817 1.712398
vt 1.866003 1.714216
vt 1.870824 1.583934
vt 1.081877 1.519126
vt -0.276727 1.334416
vt -0.557135 1.117411
vt -0.559255 1.174127
vt -0.575028 1.289556
vt 1.879073 1.855957
vt 1.869340 1.851217
vt -0.063379 1.597677
vt -0.063563 1.739941
vt -0.065128 1.739953
vt 1.876541 1.586695
vt 1.073616 1.065566
vt 1.879545 1.436808
vt 2.114280 2.409162
vt 2.102637 2.408327
vt 2.114280 2.319176
vt -0.178486 1.061862
vt 2.106664 0.062322
vt 0.290422 2.234781
vt 1.875069 1.437337
vt 1.882617 1.298979
vt 1.883790 1.299439
vt -0.588466 1.418953
vt -0.596105 1.418596
vt 1.734919 0.447956
vt 1.494393 1.307222
vt 0.821266 1.224036
vt -0.063379 1.820752
vt 2.200200 -0.870570
vt 2.208667 -0.874522
vt 2.215800 -0.678437
vt 0.754237 0.994304
vt 1.117623 -0.519300
vt 1.886298 1.221412
vt 1.081969 0.865172
vt 1.080232 0.937331
vt 1.079041 0.937860
vt 1.372671 2.136759
vt 1.386615 2.127992
vt 1.395911 2.332527
vt 1.545717 -0.799170
vt 1.476491 0.305755
vt 1.471982 0.308838
vt 1.470693 0.202510
vt -0.581172 1.287060
vt 1.649238 0.894964
vt 2.269233 1.030369
vt 2.264431 1.031106
vt 2.265502 0.843689
vt 1.479091 0.423313
vt 1.469382 0.423083
vt 1.393472 1.570622
vt 1.393288 1.666862
vt 1.392091 1.666930
vt 1.476468 0.202808
vt -0.589743 1.654540
vt 1.478562 0.077980
vt 1.531024 2.116683
vt 1.526131 2.117620
vt 1.531025 1.930871
vt -0.009398 -0.374016
vt 0.882467 1.396345
vt 0.459588 -0.264005
vt 1.476491 0.078555
vt 1.480771 -0.037093
vt 1.481968 -0.037024
vt 2.266146 0.705115
vt 2.269919 0.705060
vt 0.337396 -0.216895
vt 2.088348 0.729891
vt 2.109954 0.731232
vt 2.091455 0.955618
vt 1.396935 -0.181480
vt 2.270629 1.763540
vt 2.278962 1.763254
vt 2.277720 1.930889
vt 1.393472 1.721361
vt 1.876254 0.284307
vt 1.901680 0.284974
vt 1.907916 0.542740
vt 1.631832 2.139485
vt 1.655347 2.135022
vt 1.655347 2.294066
vt 0.559730 1.848997
vt 0.577470 1.847950
vt 0.582118 2.184631
vt 1.483970 -0.102418
vt -0.556988 1.815632
vt -0.569954 1.757463
vt -0.568792 1.757164
vt 1.781384 0.938259
vt 1.907927 0.294986
vt 1.924932 0.287888
vt 1.935286 0.584509
vt -0.187679 1.349842
vt 2.268677 0.843132
vt 1.876473 -0.457542
vt 1.898102 -0.464939
vt 1.907490 -0.186669
vt 2.277651 2.054038
vt 2.275580 2.053152
vt 1.344184 2.315506
vt 1.338133 2.315511
vt 1.348234 2.179954
vt 0.930512 1.222796
vt 0.930512 1.340422
vt 0.929246 1.222796
vt -0.257123 2.357823
vt -0.256537 2.325942
vt -0.249668 2.425283
vt -0.188507 1.159826
vt 1.873091 -1.211796
vt 1.895249 -1.220643
vt 1.903417 -0.924332
vt 0.515045 1.746591
vt 0.539597 1.738445
vt 0.559730 1.962470
vt 0.930512 1.155877
vt 2.262510 0.517850
vt 2.265110 0.585716
vt 2.263845 0.585748
vt 0.878371 -0.597442
vt 1.023459 -0.447383
vt 2.084598 2.464201
vt 2.083344 2.406078
vt 2.084402 2.406193
vt 2.276041 0.688088
vt 2.272566 0.688053
vt 2.273003 0.579826
vt 1.993386 1.475143
vt 2.005558 1.475143
vt 2.016028 1.762992
vt 2.226454 -1.134954
vt 2.226235 -1.077084
vt 2.225188 -1.076969
vt 1.076855 2.456911
vt 1.075704 2.400588
vt 1.076809 2.400556
vt 2.272152 1.931096
vt 2.157953 -1.280900
vt 2.171517 -1.286664
vt 2.174635 -1.078701
vt 2.277628 0.812744
vt 2.274498 0.814090
vt 2.273647 0.579562
vt -0.029048 1.378016
vt 1.602270 1.257638
vt -0.300053 -0.114208
vt 1.186351 0.906231
vt 2.272381 0.517849
vt 2.278962 2.220365
vt 2.277743 2.159757
vt 2.278433 2.160056
vt 1.234281 1.519029
vt 1.219324 1.434527
vt 1.201862 1.264797
vt 1.982940 0.418532
vt 1.403705 1.773351
vt 1.403216 1.755703
vt 1.403590 1.755772
vt 1.184697 1.074126
vt 1.199662 1.073657
vt 0.718668 2.263267
vt 0.709018 2.177935
vt 0.735848 2.009468
vt 1.393512 1.721349
vt 1.393391 1.738676
vt 1.393017 1.738745
vt 0.930466 1.547437
vt 0.930052 1.547434
vt 0.101924 2.135234
vt 0.089925 2.137984
vt 0.112348 1.975787
vt 1.222076 1.261449
vt -1.537429 -0.697025
vt -1.489898 2.183510
vt -1.594382 2.185514
vt -1.489898 -1.601734
vt -1.575298 -0.597352
vt -1.186375 -1.601734
vt -1.186375 2.185859
vt -1.225646 1.180079
vt -1.145866 -1.601734
vt -1.142004 -1.320657
vt -1.142004 -0.279876
vt -1.165655 -1.320897
vt -1.155880 -1.185723
vt -1.153888 2.601734
vt -1.137228 -1.320609
vt -1.142004 -1.320673
vt -1.137228 -1.601734
vt -0.112580 2.008021
vt -0.097871 2.067200
vt 1.587031 1.904358
vt 2.293079 -1.050473
vt 1.891409 1.133864
vt 1.876703 1.036562
vt 1.865831 2.369562
vt -0.294226 2.064116
vt 2.199912 2.464926
vt -0.582281 1.817591
vt -0.565720 1.885226
vt 2.092052 -1.456506
vt 1.743982 2.216805
vt 0.309094 2.206295
vt 2.141087 -1.041450
vt 2.280959 -0.925073
vt 1.753015 0.016022
vt 1.749608 -0.106008
vt 2.045400 2.179304
vt 2.222807 -1.119169
vt 1.522797 0.695240
vt 1.486890 0.697092
vt 2.278663 -0.231832
vt 1.742974 -0.796763
vt 1.748607 -0.664769
vt 1.982675 -0.231832
vt -0.187662 0.747082
vt 2.092283 -0.336135
vt 2.196863 0.472980
vt -0.526254 1.133592
vt -0.509680 1.245981
vt 1.440749 1.268739
vt 1.450858 1.391456
vt 1.811418 -1.456506
vt -0.427414 1.869660
vt 1.997511 1.197471
vt 2.211331 1.122602
vt 1.017918 1.597737
vt 1.019998 1.458047
vt 0.728393 2.009468
vt 1.938761 1.802675
vt 1.402837 1.530848
vt -0.377111 -1.453647
vt -0.344405 -1.447464
vt 0.168745 2.085297
vt 2.152408 1.671302
vt 0.193538 1.736157
vt 0.195184 1.600869
vt 0.882513 2.104709
vt 1.120861 1.969800
vt -0.294238 1.693168
vt 2.049600 -0.347692
vt 2.188004 -0.231832
vt -0.187667 1.456034
vt -0.143718 1.450779
vt 1.159093 1.978865
vt 0.370059 1.658670
vt 2.011058 -0.241651
vt 0.458601 2.222579
vt 0.210939 -1.453544
vt 0.254755 -1.447406
vt 0.741647 0.376453
vt 1.234148 2.007575
vt 1.219494 1.900596
vt 1.908584 1.802678
vt 2.065407 2.280743
vt 2.200200 -1.039946
vt -0.488948 1.820562
vt -0.509680 1.690510
vt 1.201592 2.273242
vt 2.222289 0.517855
vt 1.259094 2.339602
vt 1.372671 2.318594
vt 1.035486 2.011258
vt 1.017282 1.922456
vt 1.846916 0.043649
vt 1.320507 2.036516
vt 2.164131 0.307233
vt 1.707416 -0.801937
vt 1.710503 -0.930603
vt 0.349569 1.958696
vt 0.223007 2.117925
vt -0.063588 -1.453728
vt -0.029990 -1.444267
vt 0.442494 2.445244
vt 1.751628 1.223851
vt 1.752150 1.354283
vt 1.973414 -0.241651
vt 0.400846 0.607656
vt 2.120757 0.995731
vt 1.929741 -0.692140
vt -0.107054 1.988967
vt -0.122975 1.890449
vt 0.291365 2.057627
vt 2.155859 2.262508
vt 0.841256 0.445408
vt 0.819604 0.451730
vt 1.835987 1.794635
vt 1.262994 0.819417
vt 1.258829 0.816944
vt 2.122921 1.578906
vt 0.646734 2.211030
vt 0.632441 2.139946
vt -0.206697 0.747086
vt 2.279043 -0.915497
vt 0.717899 -1.454239
vt 0.741082 -1.449149
vt 0.709018 2.330514
vt 2.253536 0.857010
vt 1.845018 1.330077
vt 2.059264 0.218865
vt 1.614206 2.251642
vt 2.176407 1.762992
vt 2.280228 1.122600
vt 1.082251 1.969799
vt 1.111485 1.971053
vt 0.579219 2.421656
vt 2.251961 0.247379
vt 0.092890 0.471389
vt 0.120488 0.472793
vt -0.187501 1.915983
vt -0.160573 1.913804
vt 0.397142 1.658670
vt 1.573790 0.049120
vt 1.587247 0.046643
vt 1.259370 0.107760
vt 1.321341 0.058228
vt 0.973310 2.335697
vt 2.064211 1.084423
vt 0.360322 1.477421
vt 0.366455 1.523298
vt 1.701880 -0.315970
vt 1.684361 -0.318466
vt 1.866224 2.368711
vt 1.867246 2.305755
vt 0.456645 2.222577
vt 2.133310 -0.231832
vt -0.514650 1.759338
vt 2.074036 0.457471
vt 2.068646 0.510186
vt -0.127715 2.455067
vt 0.792452 2.244526
vt 2.182712 2.493718
vt 0.295305 0.608605
vt 0.310956 0.610283
vt 1.953165 0.584520
vt 1.944997 0.578814
vt -0.074190 1.433133
vt -0.065180 1.435689
vt 2.254011 -0.259837
vt -0.192787 2.428064
vt 2.094972 -0.228116
vt 2.104234 -0.231403
vt 0.080763 1.844054
vt 0.089711 1.845212
vt 1.697933 -0.139865
vt 1.698721 -0.169929
vt 2.268701 -1.047205
vt -0.030244 1.378610
vt -0.029140 1.378018
vt 2.247029 1.123770
vt 2.250687 1.123255
vt 1.347406 2.173373
vt 2.257944 2.496261
vt 2.251474 2.496417
vt 2.302869 2.161204
vt 2.297230 2.161727
vt -0.348361 2.129513
vt -0.343888 2.130456
vt 0.366930 1.535132
vt 0.366769 1.556914
vt 0.730234 0.467781
vt 1.008263 2.100712
vt 1.017190 1.466442
vt 0.040643 2.085037
vt 0.044044 2.084035
vt 1.935020 0.011561
vt 1.931513 0.011490
vt 2.198336 -0.243894
vt 2.196633 -0.244562
vt 0.840405 1.132548
vt 0.841049 1.132077
vt 2.220119 -1.116349
vt 2.222277 -1.115542
vt 2.152629 2.262605
vt 2.155303 2.262704
vt 1.403608 1.773351
vt 1.932847 2.177109
vt 1.924681 2.457409
vt 1.925725 2.363660
vt 1.928177 2.176488
vt 2.288373 0.259680
vt 1.850005 -0.061853
vt 1.851346 -0.182993
vt 2.188234 -0.618304
vt 0.686170 1.895005
vt 1.263540 2.248541
vt 1.259928 2.246735
vt 1.527872 1.930866
vt 2.109793 -1.117915
vt 2.103353 -1.040538
vt 0.835504 1.086793
vt 2.238453 -1.456506
vt 2.291710 1.474156
vt 2.286460 1.587031
vt 2.300313 1.501420
vt 2.292910 1.505797
vt 1.993110 2.360588
vt 2.264466 -0.799383
vt 2.265474 -0.915313
vt 2.018824 2.144778
vt 2.003578 2.237468
vt 1.064988 1.735397
vt 2.045734 1.074183
vt 1.809528 0.662991
vt 1.795121 0.548656
vt 2.126809 -0.266571
vt 2.226937 -0.100750
vt 2.228118 -0.227858
vt 2.269206 1.238934
vt 2.271859 1.122743
vt 1.822596 -0.019731
vt 2.233748 -0.446638
vt 2.228625 -0.297732
vt 0.022126 1.796982
vt 0.015367 1.903669
vt 0.442057 1.478249
vt 1.781235 1.086229
vt 1.770350 1.185461
vt 2.220483 1.707330
vt 2.173450 -1.039940
vt 2.241143 -0.916320
vt 2.238465 -1.047695
vt 2.190967 1.661114
vt 2.191733 1.532150
vt 2.247182 -1.453560
vt 2.258162 -1.456350
vt 0.583447 -1.300994
vt 0.603052 -1.454643
vt -0.013585 1.905221
vt 2.296243 2.069709
vt 2.290026 2.168981
vt 1.120722 2.444713
vt 1.113805 2.449275
vt 2.220471 1.254253
vt 2.222644 1.122802
vt 2.219468 -0.334895
vt 2.216398 -0.475520
vt 2.251223 1.539580
vt 2.250713 1.435681
vt 2.137360 1.711702
vt 2.189494 0.518068
vt 2.199761 0.519616
vt 0.787879 2.243927
vt 0.776828 2.145514
vt 1.017176 0.365396
vt 0.982839 0.366901
vt 2.008975 0.236898
vt 2.200844 1.908322
vt 2.204007 1.763233
vt 2.239962 0.973647
vt 2.229485 0.977886
vt -0.395831 1.942377
vt -0.395596 1.803463
vt 2.219574 0.962446
vt 2.213793 1.102959
vt -0.097864 2.009708
vt -0.086202 2.006881
vt 2.178570 0.214371
vt 2.178559 0.358361
vt 0.741045 1.720693
vt 0.735128 1.719360
vt 2.226937 0.209493
vt 2.220915 0.350787
vt 2.219343 2.354655
vt 2.213126 2.353722
vt 1.734743 1.078194
vt 1.734850 1.220590
vt 2.162797 1.762985
vt 1.403642 2.186380
vt 1.395934 2.183112
vt 0.548570 2.078497
vt 0.546373 1.963377
vt 2.102407 1.512580
vt 2.182091 1.256097
vt 2.179525 1.122908
vt 1.853009 -1.437632
vt 1.873060 -1.455131
vt 2.274015 0.156153
vt 2.268466 0.280198
vt 2.239592 1.631360
vt 2.229826 1.630391
vt 2.237401 2.257457
vt 2.236825 2.177854
vt 1.263831 0.106081
vt 1.235373 0.105051
vt 2.242170 -0.469979
vt 2.236552 -0.327587
vt 2.264463 -0.472323
vt 2.255319 -0.468111
vt -0.437328 2.007822
vt -0.436882 1.869833
vt 2.256339 0.518066
vt 2.261797 0.646348
vt 2.256863 0.223421
vt 2.256442 0.111252
vt 2.247214 -0.231645
vt 2.256438 -0.228956
vt -0.468492 2.088645
vt -0.474707 2.173641
vt 2.207669 0.308147
vt 2.196864 0.308151
vt 2.236264 -0.230284
vt 2.246863 -0.231673
vt 2.210278 1.068753
vt 2.204959 1.068493
vt 2.269206 1.531178
vt 2.263968 1.662034
vt 1.752058 2.405811
vt 1.746509 2.403941
vt 1.348115 0.054332
vt 1.320519 0.055422
vt 2.295330 0.954542
vt 2.292930 0.849606
vt 2.287724 1.763151
vt 2.287732 1.866680
vt 2.179536 1.719023
vt 2.297261 0.156578
vt 2.288368 0.154923
vt -0.263455 2.089163
vt -0.258091 2.153548
vt 2.296771 -0.471069
vt 2.291018 -0.469484
vt 2.277276 -0.999831
vt 2.268715 -0.999992
vt 0.621960 2.277131
vt 0.624280 2.217371
vt 1.591213 -1.340179
vt 1.599728 -1.455205
vt 2.303376 -0.623000
vt 2.299139 -0.531054
vt 2.299878 -1.044288
vt 2.295089 -1.042109
vt 2.284623 1.077451
vt 1.393520 1.532114
vt 1.397609 1.531018
vt 2.085803 2.325802
vt 2.088187 2.216493
vt 2.057001 -0.980115
vt 2.046010 -1.067765
vt 2.254733 -0.553746
vt 2.032595 0.269009
vt 0.930190 2.137423
vt -0.347224 2.129126
vt -0.349577 2.050106
vt 0.076452 2.216488
vt 0.251397 1.036964
vt -0.206938 2.390645
vt 1.706655 2.173653
vt 1.705474 2.078711
vt 0.121046 0.469425
vt -0.564135 1.819562
vt -0.559163 1.815774
vt 2.108489 -0.611866
vt 2.110967 -0.698237
vt 1.844317 -0.019720
vt 1.843960 1.145508
vt 1.842947 1.146060
vt 1.840969 0.982063
vt 1.843960 0.980406
vt 2.136025 0.236445
vt 1.776932 -0.576074
vt 0.044714 2.082852
vt 1.886295 2.040908
vt 1.870145 2.044217
vt 1.480438 0.576636
vt 1.473055 0.581844
vt 2.215800 -1.039940
vt 1.395911 1.969350
vt 2.109954 0.517849
vt 1.348227 2.498921
vt 1.343356 2.497076
vt 1.907916 0.043649
vt 1.646419 2.021468
vt 0.582118 1.553078
vt 1.935286 0.043649
vt -0.187679 1.489714
vt 1.907490 -0.692140
vt 1.074737 2.252083
vt 1.076855 2.301084
vt 1.903417 -1.456506
vt 0.559730 1.553078
vt 2.223386 -0.924262
vt 2.222807 -0.974609
vt 2.016028 1.221407
vt 2.081629 2.252962
vt 2.084597 2.251566
vt 2.278296 0.923824
vt 2.278276 0.980539
vt 2.174635 -1.456506
vt 0.930512 1.582289
vt 0.929683 1.599591
vt 1.393512 1.784921
vt 1.392188 1.784416
vt 1.402296 1.724547
vt 1.402407 1.709345
vt -1.154857 -1.601734
vt -1.153888 -1.601718
vt 0.112348 2.327442
vt -1.489898 1.178960
vt -1.430888 -1.601734
vt -1.354175 1.178960
vt -1.225647 -1.601734
vt -1.225646 1.279619
vt -1.354175 -1.600098
vt -1.153888 -1.185659
vt -1.186375 -0.561177
vt -1.165655 -1.601734
vt -1.165655 2.319294
vt -1.149154 -1.601557
s 0
usemtl Leaves
f 488/1/1 555/2/1 850/3/1
f 489/1/2 557/2/2 425/4/2
f 427/4/3 26/1/3 27/2/3
f 687/1/4 742/2/4 628/4/4
f 838/3/5 500/1/5 563/2/5
f 632/4/6 691/1/6 750/2/6
f 55/4/7 56/1/7 53/3/7
f 705/1/8 753/2/8 63/3/8
f 76/4/9 78/1/9 75/3/9
f 85/3/10 521/1/10 576/2/10
s 1
f 94/3/11 525/1/11 577/2/11
s 0
f 124/4/12 126/1/12 828/2/12
f 725/1/13 758/2/13 660/4/13
s 1
f 537/4/14 129/1/14 826/2/14
s 0
f 542/4/15 143/1/15 825/3/15
f 481/4/16 165/1/16 581/2/16
f 179/3/17 422/1/17 584/2/17
f 182/3/18 614/1/18 769/2/18
f 497/4/19 442/1/19 595/2/19
s 1
f 700/4/20 636/1/20 785/2/20
s 0
f 459/1/21 603/2/21 272/3/21
f 277/4/22 279/1/22 276/3/22
f 466/1/23 605/2/23 530/4/23
f 309/4/24 310/1/24 307/3/24
f 539/4/25 323/1/25 321/3/25
f 736/4/26 374/1/26 788/2/26
f 556/4/27 375/1/27 799/3/27
f 773/4/28 386/1/28 744/2/28
f 783/4/29 406/1/29 794/3/29
f 591/1/30 740/2/30 562/4/30
f 415/1/31 417/2/31 412/3/31
f 414/4/32 416/1/32 413/3/32
s 1
f 747/4/33 567/2/33 409/3/33
s 0
f 408/3/34 561/4/34 739/2/34
f 795/3/35 402/1/35 404/2/35
f 777/4/36 470/2/36 390/3/36
f 388/3/37 571/1/37 389/2/37
f 380/3/38 383/1/38 583/2/38
f 381/3/38 382/4/38 384/1/38
f 377/3/39 771/1/39 791/2/39
f 735/4/26 787/2/26 373/3/26
f 366/3/40 367/4/40 801/2/40
f 553/4/41 803/2/41 364/3/41
f 734/4/42 806/2/42 363/3/42
f 361/3/43 552/4/43 573/2/43
f 767/1/44 360/2/44 358/3/44
f 359/4/45 766/1/45 357/3/45
s 1
f 672/1/46 792/2/46 343/3/46
s 0
f 345/4/47 673/1/47 344/3/47
f 333/3/48 335/1/48 336/2/48
f 667/1/49 331/2/49 329/3/49
f 330/4/50 666/1/50 328/3/50
f 325/3/51 665/4/51 728/2/51
f 313/3/52 314/4/52 808/2/52
f 304/3/53 471/1/53 306/2/53
f 302/3/54 657/4/54 723/2/54
f 653/4/55 721/2/55 299/3/55
s 1
f 531/4/56 606/2/56 298/3/56
s 0
f 715/4/57 652/1/57 810/2/57
s 1
f 813/3/58 283/1/58 284/2/58
s 0
f 647/1/59 790/2/59 270/3/59
f 271/4/60 646/1/60 269/3/60
s 1
f 707/4/61 710/2/61 258/3/61
s 0
f 252/3/62 253/4/62 255/1/62
f 247/3/63 249/4/63 513/2/63
f 243/3/64 245/4/64 815/2/64
f 240/1/65 242/2/65 238/3/65
f 237/3/66 701/4/66 786/2/66
f 508/4/67 448/1/67 816/2/67
f 697/4/68 819/2/68 234/3/68
s 1
f 504/4/69 506/2/69 232/3/69
s 0
f 218/4/70 219/1/70 216/3/70
f 209/3/71 433/4/71 492/2/71
f 204/4/72 621/1/72 202/3/72
f 429/1/73 201/2/73 198/3/73
f 200/4/74 430/1/74 199/3/74
f 196/3/75 682/4/75 684/2/75
s 1
f 173/3/76 176/1/76 178/2/76
s 0
f 170/4/77 172/1/77 169/3/77
f 549/1/78 160/2/78 158/3/78
f 546/1/79 580/2/79 153/3/79
s 1
f 669/4/80 731/1/80 822/2/80
s 0
f 147/4/81 762/1/81 146/3/81
f 473/4/82 540/1/82 136/2/82
f 131/3/83 134/1/83 760/2/83
f 130/3/84 132/4/84 133/1/84
f 127/3/85 661/4/85 759/2/85
f 123/3/86 125/4/86 829/2/86
f 120/4/87 534/1/87 119/3/87
f 117/4/88 720/1/88 116/3/88
f 717/1/89 757/2/89 109/3/89
f 111/4/90 718/1/90 110/3/90
f 101/3/91 103/4/91 651/2/91
f 463/4/92 526/1/92 830/2/92
f 96/3/93 98/4/93 833/2/93
f 454/4/94 515/1/94 70/2/94
f 638/4/95 640/2/95 67/3/95
f 703/1/96 752/2/96 59/3/96
f 60/4/97 702/1/97 58/3/97
f 52/4/98 698/1/98 50/3/98
f 46/3/99 565/1/99 49/2/99
f 48/4/100 566/1/100 47/3/100
f 444/4/101 501/1/101 839/3/101
f 437/4/102 495/1/102 841/2/102
f 626/4/103 846/2/103 32/3/103
s 1
f 29/3/104 620/4/104 624/2/104
s 0
f 424/4/105 487/1/105 849/3/105
f 16/3/106 18/4/106 617/2/106
f 2/3/107 484/1/107 4/2/107
f 1344/1/108 1411/2/108 1706/3/108
s 1
f 1345/1/109 1413/2/109 1282/4/109
s 0
f 1284/4/110 876/1/110 878/2/110
f 1544/1/111 1599/2/111 1487/4/111
f 1695/3/112 1357/1/112 1421/2/112
f 1490/4/113 1548/1/113 1606/2/113
s 1
f 910/4/114 912/1/114 909/3/114
s 0
f 1562/1/115 1610/2/115 918/3/115
f 931/4/116 932/1/116 929/3/116
f 940/3/117 1377/1/117 1433/2/117
f 949/3/118 1381/1/118 1434/2/118
f 979/4/119 981/1/119 1684/2/119
f 1582/1/120 1615/2/120 1519/4/120
f 1393/4/121 984/1/121 1682/2/121
f 1398/4/122 997/1/122 1680/3/122
f 1338/4/123 1020/1/123 1441/2/123
f 1035/3/124 1279/1/124 1444/2/124
f 1038/3/125 1473/1/125 1626/2/125
s 1
f 1352/4/126 1298/1/126 1455/2/126
s 0
f 1557/4/127 1495/1/127 1643/2/127
f 1316/1/128 1462/2/128 1128/3/128
f 1132/4/129 1133/1/129 1130/3/129
f 1322/1/130 1464/2/130 1386/4/130
f 1395/4/131 1175/1/131 1173/3/131
f 1628/1/132 1645/2/132 1592/4/132
f 1230/4/133 1231/1/133 1233/2/133
f 1451/1/134 1442/2/134 1414/4/134
f 1632/4/135 1240/1/135 1602/2/135
f 1416/4/136 1242/1/136 1243/2/136
f 1641/4/137 1262/1/137 1653/3/137
f 1452/1/138 1596/2/138 1419/4/138
f 1272/1/139 1273/2/139 1269/3/139
f 1270/4/140 1271/1/140 1268/3/140
f 1604/4/141 1426/2/141 1265/3/141
f 1264/3/142 1420/4/142 1597/2/142
f 1654/3/143 1258/1/143 1260/2/143
f 1634/4/144 1325/2/144 1245/3/144
f 1630/1/145 1237/2/145 1235/3/145
f 1229/4/133 1232/2/133 1228/3/133
f 1227/3/132 1593/4/132 1646/2/132
s 1
f 1445/1/146 1226/2/146 1223/3/146
s 0
f 1219/3/147 1220/4/147 1657/2/147
f 1410/4/148 1660/2/148 1217/3/148
s 1
f 1590/4/149 1661/2/149 1216/3/149
s 0
f 1214/3/150 1408/4/150 1430/2/150
f 1624/1/151 1213/2/151 1211/3/151
f 1212/4/152 1623/1/152 1210/3/152
f 1198/4/153 1531/1/153 1196/3/153
f 1193/3/154 1333/1/154 1467/2/154
f 1186/3/155 1188/1/155 1189/2/155
f 1526/1/156 1184/2/156 1182/3/156
f 1183/4/157 1525/1/157 1181/3/157
f 1178/3/158 1524/4/158 1585/2/158
f 1166/3/159 1168/4/159 1665/2/159
f 1160/3/160 1328/1/160 1161/2/160
s 1
f 1157/3/161 1517/4/161 1581/2/161
s 0
f 1513/4/162 1579/2/162 1154/3/162
f 1387/4/163 1465/2/163 1153/3/163
f 1572/4/164 1511/1/164 1666/2/164
f 1668/3/165 1137/1/165 1139/2/165
f 1505/1/166 1648/2/166 1124/3/166
f 1126/4/167 1506/1/167 1125/3/167
f 1564/4/168 1567/2/168 1113/3/168
f 1106/3/169 1108/4/169 1109/1/169
f 1102/3/170 1104/4/170 1369/2/170
f 1098/3/171 1100/4/171 1671/2/171
f 1096/1/172 1097/2/172 1094/3/172
s 1
f 1092/3/173 1558/4/173 1644/2/173
s 0
f 1364/4/174 1304/1/174 1672/2/174
f 1553/4/175 1674/2/175 1089/3/175
f 1361/4/176 1363/2/176 1087/3/176
f 1073/4/177 1074/1/177 1071/3/177
f 1064/3/178 1290/4/178 1349/2/178
f 1059/4/179 1480/1/179 1058/3/179
s 1
f 1286/1/180 1056/2/180 1054/3/180
s 0
f 1055/4/181 1285/1/181 1053/3/181
f 1051/3/182 1539/4/182 1541/2/182
f 1029/3/183 1032/1/183 1033/2/183
f 1025/4/184 1026/1/184 1023/3/184
f 1405/1/185 1015/2/185 1013/3/185
f 1401/1/186 1439/2/186 1007/3/186
f 1529/4/187 1588/1/187 1679/2/187
f 1002/4/188 1618/1/188 1000/3/188
f 1329/4/189 1396/1/189 991/2/189
f 986/3/190 989/1/190 1617/2/190
f 985/3/191 987/4/191 988/1/191
f 982/3/192 1520/4/192 1616/2/192
f 978/3/193 980/4/193 1685/2/193
f 975/4/194 1389/1/194 973/3/194
f 972/4/195 1576/1/195 970/3/195
f 1575/1/196 1614/2/196 965/3/196
f 966/4/197 1574/1/197 964/3/197
f 956/3/198 958/4/198 1510/2/198
f 1320/4/199 1382/1/199 1687/2/199
f 951/3/200 952/4/200 1688/2/200
f 1309/4/201 1371/1/201 924/2/201
s 1
f 1496/4/202 1498/2/202 922/3/202
s 0
f 1559/1/203 1609/2/203 913/3/203
f 915/4/204 1560/1/204 914/3/204
f 907/4/205 1556/1/205 906/3/205
f 902/3/206 1425/1/206 904/2/206
s 1
f 903/4/207 1424/1/207 901/3/207
s 0
f 1300/4/208 1356/1/208 1694/3/208
f 1293/4/209 1351/1/209 1697/2/209
f 886/3/210 888/1/210 889/2/210
f 1483/4/211 1701/2/211 882/3/211
s 1
f 879/3/212 1477/4/212 1481/2/212
f 1280/4/213 1343/1/213 1705/3/213
f 866/3/214 867/4/214 1474/2/214
s 0
f 851/3/215 1339/1/215 854/2/215
s 1
f 737/2/216 848/3/217 20/4/218
f 737/2/216 20/4/218 21/1/219
f 738/2/220 847/3/220 23/4/220
f 738/2/220 23/4/220 24/1/220
f 746/2/221 840/3/221 38/4/221
f 746/2/221 38/4/221 39/1/222
s 0
f 625/4/223 33/1/223 845/2/223
s 1
f 84/1/224 755/2/225 82/3/225
f 84/1/224 82/3/225 83/4/224
f 213/1/226 781/2/226 211/3/226
f 213/1/226 211/3/226 212/4/226
f 88/3/227 90/4/227 91/1/227
s 0
f 832/2/228 97/4/228 99/1/228
s 1
f 106/4/229 108/1/229 578/2/229
s 0
f 140/2/230 662/4/230 139/1/230
f 174/3/231 175/4/231 177/1/231
f 193/4/232 195/1/232 589/2/232
s 1
f 602/2/233 259/3/234 260/4/235
f 602/2/233 260/4/235 261/1/234
s 0
f 820/2/236 502/4/236 230/1/236
f 818/2/237 696/4/237 235/1/237
s 1
f 814/2/238 244/4/238 246/1/238
f 726/2/239 317/3/240 318/4/239
f 726/2/239 318/4/239 319/1/241
s 0
f 264/3/242 266/4/242 267/1/242
f 812/3/243 714/4/243 282/1/243
f 292/3/244 294/4/244 295/1/244
f 809/2/245 315/4/245 316/1/245
s 1
f 327/1/246 608/2/247 807/3/248
f 327/1/246 807/3/248 541/4/247
f 356/1/249 421/2/250 354/3/251
f 356/1/249 354/3/251 355/4/252
s 0
f 349/3/253 351/4/253 352/1/253
s 1
f 399/1/254 596/2/254 798/3/254
f 399/1/254 798/3/254 398/4/254
s 0
f 554/4/255 365/1/255 804/2/255
f 802/2/256 368/4/256 369/1/256
s 1
f 765/2/257 418/3/257 564/4/257
f 765/2/257 564/4/257 600/1/257
s 0
f 796/3/258 593/4/258 403/1/258
s 1
f 411/1/259 756/2/259 410/3/259
f 411/1/259 410/3/259 599/4/259
f 782/1/260 401/2/260 400/3/260
f 782/1/260 400/3/260 797/4/260
s 0
f 748/4/261 447/1/261 568/2/261
f 793/3/262 405/1/262 407/2/262
s 1
f 535/2/263 301/3/263 532/4/263
f 535/2/263 532/4/263 467/1/263
s 0
f 397/3/264 780/1/264 770/2/264
f 741/4/265 779/1/265 396/3/265
f 675/2/266 393/4/266 395/1/266
f 392/3/267 394/4/267 676/2/267
f 469/2/268 776/4/268 391/1/268
f 387/3/37 559/4/37 570/1/37
f 385/3/269 774/4/269 745/2/269
f 378/3/39 379/4/39 772/1/39
f 800/3/27 376/1/27 607/2/27
f 371/3/270 586/1/270 598/2/270
f 370/3/271 372/4/271 585/1/271
f 733/4/272 768/1/272 805/2/272
f 572/2/273 551/4/273 362/1/273
f 732/2/274 350/3/274 353/1/274
f 548/4/275 348/2/275 346/3/275
f 547/4/276 480/1/276 347/2/276
f 341/3/277 478/1/277 609/2/277
f 340/3/277 342/4/277 477/1/277
f 729/4/278 338/2/278 337/3/278
s 1
f 730/4/279 671/1/279 339/2/279
s 0
f 332/3/280 543/4/280 334/1/280
f 727/2/281 664/4/281 326/1/281
s 1
f 320/3/282 322/1/282 324/2/282
s 0
f 308/3/283 311/1/283 312/2/283
f 536/4/284 472/1/284 305/3/284
f 724/2/285 658/4/285 303/1/285
s 1
f 291/2/286 289/3/287 290/4/287
f 291/2/286 290/4/287 649/1/287
s 0
f 722/2/288 654/4/288 300/1/288
f 297/3/289 716/4/289 811/2/289
f 529/2/290 293/3/290 296/1/290
s 1
f 635/1/291 784/2/292 231/3/293
f 635/1/291 231/3/293 694/4/293
s 0
f 287/4/294 288/1/294 528/2/294
f 285/3/295 286/4/295 527/2/295
s 1
f 281/3/296 462/1/296 604/2/296
s 0
f 280/3/297 523/4/297 461/1/297
f 275/3/298 278/1/298 713/2/298
f 274/4/299 460/1/299 273/3/299
s 1
f 520/2/300 265/3/300 268/1/300
s 0
f 263/3/301 645/1/301 789/2/301
f 262/3/302 712/4/302 644/1/302
f 708/4/303 643/1/303 711/2/303
f 256/3/304 455/1/304 601/2/304
f 514/4/305 456/1/305 257/3/305
f 251/3/306 254/1/306 706/2/306
f 512/2/307 248/4/307 250/1/307
f 510/4/308 241/1/308 239/3/308
f 236/3/309 509/4/309 817/2/309
f 505/4/310 233/1/310 507/2/310
s 1
f 690/2/311 222/3/311 689/4/312
f 690/2/311 689/4/312 630/1/311
s 0
f 503/4/313 821/2/313 229/3/313
f 227/4/314 228/1/314 693/2/314
f 225/3/315 226/4/315 692/2/315
f 223/3/316 445/1/316 597/2/316
f 224/3/317 499/4/317 446/1/317
s 1
f 627/1/318 778/2/319 208/3/320
f 627/1/318 208/3/320 686/4/319
s 0
f 221/3/321 496/4/321 594/2/321
f 217/3/322 220/1/322 688/2/322
f 215/3/323 440/1/323 592/2/323
f 214/3/324 494/4/324 439/1/324
f 493/2/325 434/4/325 210/1/325
s 1
f 206/1/326 207/2/326 205/3/327
f 206/1/326 205/3/327 490/4/326
f 190/1/328 191/2/328 189/3/328
f 190/1/328 189/3/328 618/4/328
s 0
f 203/3/329 622/1/329 775/2/329
f 685/2/330 683/4/330 197/1/330
f 192/3/331 194/4/331 590/2/331
s 1
f 167/2/332 166/3/332 678/4/333
f 167/2/332 678/4/333 612/1/333
s 0
f 186/3/334 588/1/334 188/2/334
f 187/4/335 587/1/335 185/3/335
f 183/3/336 184/4/336 615/1/336
f 180/3/337 181/4/337 423/1/337
f 168/3/338 171/1/338 486/2/338
s 1
f 162/1/339 163/2/339 161/3/339
f 162/1/339 161/3/339 677/4/339
f 164/3/340 482/4/340 582/2/340
f 659/2/341 121/3/342 656/4/343
f 659/2/341 656/4/343 122/1/344
s 0
f 479/4/345 550/1/345 159/3/345
f 155/3/346 763/1/346 674/2/346
f 157/4/347 764/1/347 156/3/347
f 152/3/348 154/4/348 545/1/348
f 151/3/349 670/4/349 823/2/349
f 475/4/350 149/2/350 148/3/350
f 476/4/351 544/1/351 150/2/351
f 145/3/352 761/1/352 668/2/352
f 824/3/353 142/1/353 144/2/353
f 663/4/354 141/2/354 138/3/354
f 135/3/355 474/4/355 137/2/355
f 128/3/356 538/4/356 827/2/356
s 1
f 113/1/357 114/2/358 112/3/359
f 113/1/357 112/3/359 465/4/360
s 0
f 118/3/361 533/1/361 468/2/361
f 115/3/362 719/1/362 655/2/362
s 1
f 66/2/363 65/3/363 452/4/363
f 66/2/363 452/4/363 569/1/364
s 0
f 105/3/365 107/4/365 579/2/365
f 102/4/366 104/1/366 650/2/366
f 100/3/367 464/4/367 831/2/367
f 93/3/368 95/4/368 524/1/368
f 648/2/369 89/3/369 92/1/369
f 86/3/370 87/4/370 522/1/370
f 81/3/371 519/1/371 575/2/371
s 1
f 80/3/372 458/4/372 518/1/372
s 0
f 74/3/373 77/1/373 79/2/373
f 72/3/374 516/1/374 574/2/374
f 73/3/375 457/4/375 517/1/375
s 1
f 71/3/376 642/4/376 835/2/376
f 641/4/377 709/1/377 834/2/377
s 0
f 453/4/378 69/2/378 68/3/378
f 637/4/379 754/1/379 639/2/379
s 1
f 451/2/380 61/3/381 450/4/381
f 451/2/380 450/4/381 511/1/381
s 0
f 64/4/382 704/1/382 62/3/382
s 1
f 43/1/383 44/2/384 41/3/383
f 43/1/383 41/3/383 42/4/385
s 0
f 54/3/386 57/1/386 449/2/386
f 51/3/387 699/1/387 751/2/387
f 45/3/388 633/4/388 836/2/388
f 634/4/389 695/1/389 837/2/389
s 1
f 443/2/390 37/3/390 441/4/390
f 443/2/390 441/4/390 498/1/391
s 0
f 40/3/392 631/4/392 749/2/392
s 1
f 432/2/393 31/3/394 431/4/394
f 432/2/393 431/4/394 491/1/394
f 36/3/395 629/4/395 743/2/395
s 0
f 35/3/396 438/4/396 842/2/396
f 843/4/397 560/1/397 435/2/397
f 34/3/398 844/4/398 436/2/398
s 1
f 15/2/399 12/3/399 13/4/400
f 15/2/399 13/4/400 14/1/399
f 619/4/401 30/1/401 623/2/401
s 0
f 428/4/402 28/2/402 25/3/402
f 22/3/403 426/4/403 558/2/403
s 1
f 616/2/404 17/4/404 19/1/404
f 485/1/405 420/2/406 8/3/407
f 485/1/405 8/3/407 419/4/407
s 0
f 613/2/408 10/3/408 681/1/408
f 9/3/409 11/4/409 680/1/409
s 1
f 1594/2/410 1704/3/411 870/4/412
f 1594/2/410 870/4/412 871/1/413
f 5/3/414 610/4/414 6/2/414
s 0
f 611/4/415 679/1/415 7/2/415
f 1/3/416 3/4/416 483/1/416
s 1
f 1595/2/417 1703/3/418 873/4/417
f 1595/2/417 873/4/417 874/1/417
f 1603/2/419 1696/3/420 893/4/420
f 1603/2/419 893/4/420 894/1/419
s 0
f 1484/4/421 883/1/421 1702/2/421
s 1
f 939/1/422 1612/2/423 937/3/423
f 939/1/422 937/3/423 938/4/422
f 1068/1/424 1639/2/424 1066/3/425
f 1068/1/424 1066/3/425 1067/4/424
s 0
f 943/3/426 945/4/426 946/1/426
f 1689/2/427 953/4/427 954/1/427
f 962/4/428 963/1/428 1436/2/428
f 996/2/429 1522/4/429 994/1/429
f 1028/3/430 1030/4/430 1031/1/430
f 1048/4/431 1050/1/431 1449/2/431
s 1
f 1461/2/432 1114/3/433 1115/4/434
f 1461/2/432 1115/4/434 1116/1/433
s 0
f 1677/2/435 1359/4/435 1085/1/435
f 1675/2/436 1554/4/436 1090/1/436
f 1670/2/437 1099/4/437 1101/1/437
s 1
f 1583/2/438 1170/3/438 1171/4/438
f 1583/2/438 1171/4/438 1172/1/439
s 0
f 1119/3/440 1121/4/440 1122/1/440
f 1669/3/441 1571/4/441 1138/1/441
f 1147/3/442 1149/4/442 1150/1/442
f 1664/2/443 1167/4/443 1169/1/443
s 1
f 1180/1/444 1466/2/445 1663/3/446
f 1180/1/444 1663/3/446 1397/4/447
f 1209/1/448 1277/2/449 1207/3/450
f 1209/1/448 1207/3/450 1208/4/451
s 0
f 1202/3/452 1204/4/452 1205/1/452
s 1
f 1255/1/453 1457/2/453 1253/3/453
f 1255/1/453 1253/3/453 1254/4/453
s 0
f 1659/2/454 1409/4/454 1218/1/454
f 1658/2/455 1221/4/455 1222/1/455
f 1249/4/456 1250/1/456 1438/2/456
s 1
f 1622/2/457 1274/3/457 1423/4/457
f 1622/2/457 1423/4/457 1459/1/457
s 0
f 1655/3/458 1454/4/458 1259/1/458
s 1
f 1267/1/459 1613/2/460 1266/3/459
f 1267/1/459 1266/3/459 1422/4/459
f 1640/1/461 1257/2/462 1256/3/462
f 1640/1/461 1256/3/462 1656/4/462
s 0
f 1605/4/463 1303/1/463 1427/2/463
f 1652/3/464 1261/1/464 1263/2/464
s 1
f 1391/2/465 1156/3/466 1388/4/467
f 1391/2/465 1388/4/467 1323/1/467
s 0
f 1251/3/468 1637/1/468 1627/2/468
f 1598/4/469 1638/1/469 1252/3/469
f 1247/3/470 1248/4/470 1437/2/470
f 1326/2/471 1635/4/471 1246/1/471
f 1241/3/136 1417/4/136 1244/2/136
f 1239/3/472 1631/4/472 1601/2/472
f 1238/3/134 1415/4/134 1443/2/134
f 1234/3/145 1236/4/145 1629/1/145
f 1224/3/473 1225/4/473 1446/1/473
f 1591/4/474 1625/1/474 1662/2/474
s 1
f 1429/2/475 1407/4/475 1215/1/475
s 0
f 1589/2/476 1203/3/476 1206/1/476
f 1404/4/477 1201/2/477 1199/3/477
f 1403/4/478 1336/1/478 1200/2/478
f 1197/3/479 1532/1/479 1651/2/479
s 1
f 1194/3/154 1195/4/154 1334/1/154
s 0
f 1587/4/480 1192/2/480 1190/3/480
f 1586/4/481 1530/1/481 1191/2/481
f 1185/3/482 1399/4/482 1187/1/482
f 1584/2/483 1523/4/483 1179/1/483
f 1174/3/484 1176/1/484 1177/2/484
f 1162/3/485 1649/1/485 1165/2/485
f 1164/4/486 1650/1/486 1163/3/486
f 1392/4/487 1327/1/487 1159/3/487
f 1580/2/488 1516/4/488 1158/1/488
s 1
f 1146/2/489 1144/3/490 1145/4/490
f 1146/2/489 1145/4/490 1508/1/491
s 0
f 1578/2/492 1512/4/492 1155/1/492
f 1152/3/493 1573/4/493 1667/2/493
f 1385/2/494 1148/3/494 1151/1/494
s 1
f 1494/1/495 1642/2/496 1086/3/497
f 1494/1/495 1086/3/497 1551/4/496
s 0
f 1141/4/498 1143/1/498 1383/2/498
f 1140/3/499 1142/4/499 1384/2/499
f 1136/3/500 1318/1/500 1463/2/500
f 1135/3/501 1379/4/501 1317/1/501
f 1131/3/502 1134/1/502 1570/2/502
f 1129/4/503 1315/1/503 1127/3/503
f 1376/2/504 1120/3/504 1123/1/504
f 1118/3/505 1504/1/505 1647/2/505
f 1117/3/506 1569/4/506 1503/1/506
f 1565/4/507 1502/1/507 1568/2/507
f 1112/3/508 1312/1/508 1460/2/508
f 1370/4/509 1311/1/509 1111/3/509
f 1107/3/510 1110/1/510 1563/2/510
f 1368/2/511 1103/4/511 1105/1/511
f 1366/4/512 1095/1/512 1093/3/512
f 1091/3/513 1365/4/513 1673/2/513
f 1360/4/514 1088/1/514 1362/2/514
s 1
f 1547/2/515 1077/3/516 1546/4/517
f 1547/2/515 1546/4/517 1489/1/516
s 0
f 1358/4/518 1676/2/518 1084/3/518
f 1081/4/519 1083/1/519 1549/2/519
f 1080/3/520 1082/4/520 1550/2/520
f 1079/3/521 1302/1/521 1458/2/521
f 1078/3/522 1355/4/522 1301/1/522
s 1
f 1485/1/523 1636/2/524 1063/3/525
f 1485/1/523 1063/3/525 1543/4/524
s 0
f 1076/3/526 1353/4/526 1456/2/526
f 1072/3/527 1075/1/527 1545/2/527
f 1069/3/528 1295/1/528 1453/2/528
f 1070/3/529 1350/4/529 1296/1/529
f 1348/2/530 1289/4/530 1065/1/530
s 1
f 1061/1/531 1062/2/532 1060/3/533
f 1061/1/531 1060/3/533 1346/4/534
f 1045/1/535 1046/2/535 1044/3/535
f 1045/1/535 1044/3/535 1476/4/535
s 0
f 1057/3/536 1479/1/536 1633/2/536
f 1542/2/537 1540/4/537 1052/1/537
f 1047/3/538 1049/4/538 1450/2/538
s 1
f 1022/2/539 1021/3/540 1535/4/539
f 1022/2/539 1535/4/539 1470/1/539
s 0
f 1040/3/541 1447/1/541 1043/2/541
s 1
f 1042/4/542 1448/1/542 1041/3/542
f 1037/3/543 1039/4/543 1472/1/543
s 0
f 1034/3/544 1036/4/544 1278/1/544
f 1024/3/545 1027/1/545 1342/2/545
s 1
f 1017/1/546 1018/2/547 1016/3/547
f 1017/1/546 1016/3/547 1534/4/546
f 1019/3/548 1337/4/548 1440/2/548
f 1518/2/549 976/3/550 1515/4/549
f 1518/2/549 1515/4/549 977/1/549
s 0
f 1335/4/551 1406/1/551 1014/3/551
f 1010/3/552 1620/1/552 1533/2/552
f 1012/4/553 1621/1/553 1011/3/553
f 1008/3/554 1009/4/554 1402/1/554
f 1006/3/555 1528/4/555 1678/2/555
f 1332/4/556 1005/2/556 1003/3/556
f 1331/4/557 1400/1/557 1004/2/557
f 1001/3/558 1619/1/558 1527/2/558
f 1681/3/559 998/1/559 999/2/559
f 1521/4/560 995/2/560 993/3/560
f 990/3/561 1330/4/561 992/2/561
f 983/3/562 1394/4/562 1683/2/562
s 1
f 968/1/563 969/2/564 967/3/563
f 968/1/563 967/3/563 1321/4/565
s 0
f 974/3/566 1390/1/566 1324/2/566
f 971/3/567 1577/1/567 1514/2/567
s 1
f 921/2/568 920/3/568 1308/4/568
f 921/2/568 1308/4/568 1428/1/568
s 0
f 960/3/569 961/4/569 1435/2/569
s 1
f 957/4/570 959/1/570 1509/2/570
s 0
f 955/3/571 1319/4/571 1686/2/571
s 1
f 948/3/572 950/4/572 1380/1/572
s 0
f 1507/2/573 944/3/573 947/1/573
f 941/3/574 942/4/574 1378/1/574
f 936/3/575 1375/1/575 1432/2/575
s 1
f 935/3/576 1314/4/576 1374/1/576
s 0
f 930/3/577 933/1/577 934/2/577
f 927/3/578 1372/1/578 1431/2/578
f 928/3/579 1313/4/579 1373/1/579
f 926/3/580 1500/4/580 1690/2/580
s 1
f 1501/4/581 1566/1/581 1691/2/581
s 0
f 1310/4/582 925/2/582 923/3/582
f 1497/4/583 1611/1/583 1499/2/583
s 1
f 1307/2/584 916/3/585 1306/4/585
f 1307/2/584 1306/4/585 1367/1/585
s 0
f 919/4/586 1561/1/586 917/3/586
s 1
f 898/1/587 899/2/587 896/3/588
f 898/1/587 896/3/588 897/4/588
s 0
f 908/3/589 911/1/589 1305/2/589
s 1
f 905/3/590 1555/1/590 1608/2/590
s 0
f 900/3/591 1492/4/591 1692/2/591
f 1493/4/592 1552/1/592 1693/2/592
s 1
f 1299/2/593 892/3/593 1297/4/594
f 1299/2/593 1297/4/594 1354/1/595
s 0
f 895/3/596 1491/4/596 1607/2/596
s 1
f 1288/2/597 881/3/598 1287/4/598
f 1288/2/597 1287/4/598 1347/1/598
s 0
f 891/3/599 1488/4/599 1600/2/599
f 890/3/600 1294/4/600 1698/2/600
f 1486/4/601 887/1/601 885/3/601
f 1700/4/602 1418/1/602 1292/2/602
f 884/3/603 1699/4/603 1291/2/603
s 1
f 865/2/604 862/3/604 863/4/604
f 865/2/604 863/4/604 864/1/605
s 0
f 1478/4/606 880/1/606 1482/2/606
s 1
f 1283/4/607 877/2/607 875/3/607
s 0
f 872/3/608 1281/4/608 1412/2/608
f 1475/2/609 868/4/609 869/1/609
s 1
f 1341/1/610 1276/2/611 858/3/612
f 1341/1/610 858/3/612 1275/4/612
s 0
f 1471/2/613 859/3/613 1537/1/613
f 860/3/614 861/4/614 1538/1/614
f 855/3/615 1469/4/615 857/2/615
s 1
f 1468/4/616 1536/1/616 856/2/616
s 0
f 852/3/617 853/4/617 1340/1/617
s 1
usemtl Bark
f 1731/5/618 1733/6/619 1741/7/620
f 1717/8/621 1713/9/622 1721/10/623
f 1737/11/624 1741/7/620 1743/12/625
f 1730/13/626 1724/14/627 1728/15/628
f 1729/16/629 1733/6/619 1731/5/618
f 1730/13/626 1728/15/628 1735/17/619
f 1741/7/620 1746/18/630 1743/12/625
f 1734/19/619 1732/20/618 1738/21/631
f 1742/22/632 1736/23/633 1739/24/634
f 1767/25/635 1769/26/636 1775/27/637
f 1744/28/638 1754/29/639 1751/30/640
f 1742/22/632 1739/24/634 1747/31/641
f 1766/32/642 1768/33/635 1773/34/643
f 1748/35/641 1744/28/638 1751/30/640
f 1756/36/644 1745/37/645 1750/38/646
f 1774/39/647 1782/40/648 1778/41/649
f 1778/41/649 1782/40/648 1790/42/650
f 1762/43/651 1751/30/640 1754/29/639
f 1760/44/652 1756/36/644 1750/38/646
f 1764/45/653 1753/46/654 1757/47/655
f 1783/48/656 1779/49/657 1786/50/658
f 1758/51/659 1763/51/660 1755/51/661
f 1773/34/643 1777/52/662 1780/53/657
f 1763/51/663 1761/51/664 1752/51/654
f 1761/51/659 1759/51/665 1749/51/666
f 1797/54/667 1801/55/668 1808/56/669
f 1776/57/670 1772/58/671 1784/59/672
f 1802/60/673 1805/61/669 1809/62/674
f 1791/63/675 1785/64/676 1787/65/677
f 1793/66/650 1801/55/668 1797/54/667
f 1791/63/675 1787/65/677 1799/67/668
f 1806/68/678 1813/69/679 1811/70/680
f 1800/71/681 1796/72/667 1804/73/682
f 1807/74/669 1798/75/683 1803/76/682
f 1833/77/684 1837/78/685 1843/79/686
f 1810/80/687 1819/81/688 1816/82/689
f 1807/74/669 1803/76/682 1814/83/690
f 1832/84/691 1835/85/692 1840/86/693
f 1814/83/690 1812/87/680 1817/88/694
f 1823/89/695 1814/83/690 1817/88/694
f 1844/90/696 1852/91/697 1846/92/698
f 1848/93/699 1853/94/700 1860/95/701
f 1828/96/702 1816/82/689 1819/81/688
f 1826/97/703 1823/89/695 1817/88/694
f 1830/98/704 1820/99/705 1822/100/706
f 1854/101/707 1849/102/699 1857/103/708
f 1824/51/659 1829/51/709 1821/51/710
f 1839/104/693 1845/105/711 1847/106/699
f 1829/51/663 1827/51/702 1818/51/712
f 1827/51/659 1825/51/713 1815/51/714
f 1861/107/715 1866/108/716 1874/109/717
f 1842/110/711 1838/111/693 1850/112/718
f 1870/113/719 1875/114/717 1877/115/720
f 1859/116/701 1851/117/718 1855/118/708
f 1860/95/701 1868/119/721 1863/120/722
f 1859/116/701 1855/118/708 1865/121/723
f 1875/114/717 1879/122/724 1877/115/720
f 1869/123/725 1864/124/726 1872/125/719
f 1876/126/727 1867/127/728 1871/128/729
f 1901/129/730 1903/130/731 1908/131/732
f 1878/132/733 1888/133/734 1885/134/735
f 1876/126/727 1871/128/729 1881/135/736
f 1899/136/737 1902/137/738 1905/138/739
f 1882/139/740 1878/132/733 1885/134/735
f 1891/140/741 1880/141/742 1884/142/743
f 1909/143/744 1916/144/745 1912/145/746
f 1912/145/746 1916/144/745 1924/146/747
f 1896/147/748 1885/134/735 1888/133/734
f 1894/148/749 1891/140/741 1884/142/743
f 1898/149/750 1887/150/751 1890/151/752
f 1918/152/745 1914/153/753 1921/154/754
f 1892/51/659 1897/51/755 1889/51/756
f 1905/138/739 1910/155/732 1913/156/757
f 1897/51/663 1895/51/758 1886/51/751
f 1895/51/659 1893/51/759 1883/51/760
f 1925/157/761 1928/158/762 1936/159/763
f 1911/160/732 1906/161/764 1917/162/765
f 1932/163/766 1936/159/763 1940/164/767
f 1923/165/768 1915/166/769 1919/167/754
f 1924/146/747 1928/158/762 1925/157/761
f 1923/165/768 1919/167/754 1927/168/770
f 1936/159/763 1942/169/771 1940/164/767
f 1930/170/772 1926/171/761 1934/172/766
f 1937/173/773 1929/174/770 1933/175/774
f 1961/176/775 1963/177/776 1968/178/777
f 1938/179/778 1947/180/779 1944/181/780
f 1935/182/781 1931/183/782 1941/184/783
f 1959/185/784 1962/186/775 1965/187/785
f 1941/184/783 1939/188/767 1945/189/786
f 1950/190/787 1941/184/783 1945/189/786
f 1970/191/788 1976/192/789 1974/193/790
f 1974/193/790 1976/192/789 1981/194/791
f 1956/195/792 1944/181/780 1947/180/779
f 1954/196/793 1950/190/787 1945/189/786
f 1958/197/794 1948/198/795 1951/199/796
f 1975/200/797 1972/201/790 1977/202/798
f 1952/51/659 1957/51/799 1949/51/800
f 1965/187/785 1967/203/801 1971/204/802
f 1957/51/663 1955/51/803 1946/51/804
f 1955/51/659 1953/51/805 1943/51/806
f 1985/205/807 1988/206/808 1993/207/809
f 1969/208/801 1966/209/785 1975/200/797
f 1990/210/810 1994/211/809 1997/212/811
f 1979/213/812 1975/200/797 1977/202/798
f 1982/214/812 1988/206/808 1985/205/807
f 1979/213/812 1977/202/798 1987/215/813
f 1992/216/809 2000/217/814 1996/218/815
f 1987/215/813 1983/219/807 1989/220/816
f 1991/221/809 1987/215/813 1989/220/816
f 2021/222/817 2022/223/818 2029/224/819
f 1998/225/820 2006/226/821 2003/227/822
f 1991/221/809 1989/220/816 1999/228/823
f 2017/229/824 2019/230/825 2024/231/826
f 1999/228/823 1995/232/827 2002/233/828
f 2008/234/829 1999/228/823 2002/233/828
f 2028/235/819 2033/236/830 2031/237/831
f 2031/237/831 2033/236/830 2041/238/832
f 2014/239/833 2003/227/822 2006/226/821
f 2012/240/834 2008/234/829 2002/233/828
f 2016/241/835 2005/242/836 2009/243/837
f 2035/244/838 2032/245/839 2038/246/840
f 2010/51/659 2015/51/841 2007/51/842
f 2025/247/843 2028/235/819 2031/237/831
f 2015/51/663 2013/51/844 2004/51/821
f 2013/51/663 2011/51/845 2001/51/822
f 2043/248/846 2045/249/847 2053/250/848
f 2030/251/819 2026/252/843 2034/253/849
f 2049/254/850 2053/250/848 2055/255/851
f 2042/256/852 2036/257/849 2039/258/853
f 2041/238/832 2045/249/847 2043/248/846
f 2042/256/852 2039/258/853 2046/259/854
f 2053/250/848 2057/260/855 2055/255/851
f 2048/261/847 2044/262/846 2051/263/856
f 2054/264/848 2047/265/857 2050/266/858
f 2079/267/859 2082/268/860 2086/269/861
f 2056/270/862 2066/271/863 2063/272/864
f 2054/264/848 2050/266/858 2059/273/865
f 2078/274/866 2080/275/867 2084/276/868
f 2060/277/855 2056/270/862 2063/272/864
f 2069/278/869 2058/279/870 2062/280/871
f 2088/281/872 2094/282/873 2090/283/874
f 2090/283/874 2094/282/873 2099/284/875
f 2074/285/876 2063/272/864 2066/271/863
f 2072/286/877 2069/278/869 2062/280/871
f 2075/287/878 2064/288/879 2067/289/880
f 2092/290/881 2089/291/882 2095/292/883
f 2070/51/659 2076/51/878 2068/51/884
f 2084/276/868 2087/293/861 2089/291/882
f 2076/51/663 2073/51/876 2065/51/885
f 2073/51/659 2071/51/877 2061/51/871
f 2102/294/886 2106/295/887 2111/296/888
f 2085/297/861 2083/298/889 2091/299/890
f 2107/300/891 2109/301/892 2114/302/893
f 2098/303/894 2093/304/895 2096/305/883
f 2100/306/896 2106/295/887 2102/294/886
f 2098/303/894 2096/305/883 2104/307/897
f 2112/308/898 2118/309/899 2116/310/900
f 2103/311/901 2101/312/902 2107/300/891
f 2110/313/903 2105/314/904 2108/315/905
f 2138/316/906 2140/317/907 2146/318/908
f 2113/319/893 2122/320/909 2119/321/910
f 2110/313/903 2108/315/905 2117/322/911
f 2135/323/912 2137/324/906 2141/325/913
f 2117/322/911 2115/326/914 2121/327/915
f 2126/328/916 2117/322/911 2121/327/915
f 2147/329/917 2156/330/918 2151/331/919
f 2148/332/920 2153/333/921 2162/334/922
f 2131/335/923 2119/321/910 2122/320/909
f 2130/336/924 2126/328/916 2121/327/915
f 2134/337/925 2124/338/926 2127/339/927
f 2155/340/928 2150/341/929 2158/342/930
f 2128/51/659 2133/51/931 2125/51/932
f 2141/325/913 2144/343/908 2149/344/933
f 2133/51/663 2132/51/934 2123/51/935
f 2132/51/659 2129/51/936 2120/51/915
f 2169/345/937 2172/346/938 2179/347/939
f 2145/348/940 2142/349/941 2154/350/942
f 2174/351/943 2178/352/939 2181/353/944
f 2164/354/945 2157/355/928 2160/356/930
f 2165/357/946 2172/346/938 2169/345/937
f 2164/354/945 2160/356/930 2170/358/938
f 2178/352/939 2184/359/947 2181/353/944
f 2171/360/948 2168/361/949 2175/362/950
f 2180/363/939 2173/364/938 2176/365/950
f 2208/366/951 2210/367/952 2216/368/953
f 2183/369/954 2194/370/955 2191/371/956
f 2180/363/939 2176/365/950 2186/372/957
f 2205/373/958 2207/374/959 2211/375/960
f 2187/376/961 2182/377/944 2190/378/956
f 2197/379/962 2185/380/957 2189/381/956
f 2216/368/953 2221/382/963 2218/383/964
f 2218/383/964 2221/382/963 2227/384/965
f 2202/385/966 2191/371/956 2194/370/955
f 2200/386/967 2197/379/962 2189/381/956
f 2203/387/968 2192/388/969 2195/389/970
f 2219/390/963 2217/391/964 2223/392/971
f 2198/51/659 2204/51/972 2196/51/973
f 2214/393/974 2216/368/953 2218/383/964
f 2204/51/663 2201/51/966 2193/51/975
f 2201/51/659 2199/51/967 2188/51/956
f 2229/394/976 2231/395/977 2239/396/978
f 2215/397/979 2213/398/960 2220/399/980
f 2235/400/981 2239/396/978 2241/401/982
f 2228/402/983 2222/403/963 2226/404/984
f 2227/384/965 2231/395/977 2229/394/976
f 2228/402/983 2226/404/984 2234/405/985
f 2239/396/978 2243/406/986 2241/401/982
f 2233/407/987 2230/408/988 2238/409/989
f 2240/410/990 2232/411/991 2236/412/981
f 2265/413/992 2269/414/993 2274/415/994
f 2242/416/995 2252/417/996 2249/418/997
f 2240/410/990 2236/412/981 2244/419/998
f 2264/420/999 2267/421/1000 2272/422/1001
f 2245/423/986 2242/416/995 2249/418/997
f 2255/424/1002 2246/425/1003 2248/426/1004
f 2276/427/1005 2282/428/1006 2279/429/1007
f 2279/429/1007 2282/428/1006 2286/430/1008
f 2260/431/1009 2249/418/997 2252/417/996
f 2258/432/1010 2255/424/1002 2248/426/1004
f 2262/433/1011 2251/434/1012 2254/435/1013
f 2281/436/1006 2277/437/1007 2283/438/1014
f 2256/51/659 2261/51/1015 2253/51/1016
f 2271/439/1001 2275/440/994 2278/441/1017
f 2261/51/663 2259/51/1018 2250/51/1019
f 2259/51/663 2257/51/1020 2247/51/997
f 2291/442/1021 2294/443/1022 2299/444/1023
f 2273/445/1024 2270/446/1025 2281/436/1006
f 2296/447/1026 2300/448/1027 2304/449/1028
f 2285/450/1029 2281/436/1006 2283/438/1014
f 2288/451/1008 2294/443/1022 2291/442/1021
f 2285/450/1029 2283/438/1014 2293/452/1022
f 2298/453/1023 2306/454/1030 2303/455/1031
f 2293/452/1022 2289/456/1032 2295/457/1026
f 2297/458/1033 2293/452/1022 2295/457/1026
f 2326/459/1034 2329/460/1035 2337/461/1036
f 2302/462/1037 2311/463/1038 2309/464/1039
f 2297/458/1033 2295/457/1026 2305/465/1030
f 2324/466/1040 2327/467/1041 2333/468/1042
f 2305/465/1030 2301/469/1028 2307/470/1039
f 2313/471/1043 2305/465/1030 2307/470/1039
f 2334/472/1044 2342/473/1045 2338/474/1046
f 2341/475/1046 2345/476/1047 2351/477/1048
f 2320/478/1049 2309/464/1039 2311/463/1038
f 2316/479/1050 2313/471/1043 2307/470/1039
f 2322/480/1051 2312/481/1052 2315/482/1053
f 2344/483/1047 2339/484/1046 2347/485/1054
f 2317/51/659 2321/51/1051 2314/51/1055
f 2332/486/1056 2336/487/1057 2340/488/1058
f 2321/51/663 2319/51/1059 2310/51/1038
f 2319/51/659 2318/51/1060 2308/51/1039
f 2356/489/1061 2359/490/1062 2368/491/1063
f 2335/492/1064 2330/493/1065 2343/494/1066
f 2362/495/1067 2366/496/1068 2369/497/1069
f 2352/498/1048 2346/499/1066 2350/500/1070
f 2351/477/1048 2358/501/1062 2354/502/1071
f 2352/498/1048 2350/500/1070 2361/503/1072
f 2366/496/1068 2371/504/1073 2369/497/1069
f 2360/505/1072 2355/506/1074 2364/507/1075
f 2367/508/1063 2357/509/1076 2363/510/1077
f 2394/511/1078 2397/512/1079 2404/513/1080
f 2370/514/1069 2380/515/1081 2377/516/1082
f 2367/508/1063 2363/510/1077 2373/517/1083
f 2392/518/1084 2395/519/1085 2401/520/1086
f 2374/521/1087 2370/514/1069 2377/516/1082
f 2382/522/1088 2372/523/1089 2375/524/1090
f 2405/525/1091 2413/526/1092 2409/527/1093
f 2409/527/1093 2413/526/1092 2421/528/1094
f 2388/529/1095 2377/516/1082 2380/515/1081
f 2384/530/1096 2382/522/1088 2375/524/1090
f 2389/531/1097 2378/532/1098 2381/533/1099
f 2412/534/1100 2408/535/1101 2416/536/1102
f 2385/51/659 2390/51/1103 2383/51/1104
f 2399/537/1086 2403/538/1105 2406/539/1106
f 2390/51/663 2387/51/1107 2379/51/1081
f 2387/51/659 2386/51/1108 2376/51/1082
f 2422/540/1109 2425/541/1110 2433/542/1111
f 2402/543/1080 2398/544/1112 2410/545/1113
f 2429/546/1114 2433/542/1111 2435/547/1115
f 2420/548/1116 2411/549/1117 2415/550/1102
f 2418/551/1118 2425/541/1110 2422/540/1109
f 2420/548/1116 2415/550/1102 2426/552/1119
f 2433/542/1111 2437/553/1120 2435/547/1115
f 2427/554/1121 2424/555/1122 2431/556/1123
f 2434/557/1124 2428/558/1125 2432/559/1114
f 2460/560/1126 2462/561/1127 2468/562/1128
f 2436/563/1129 2446/564/1130 2442/565/1131
f 2434/557/1124 2432/559/1114 2440/566/1132
f 2458/567/1133 2459/568/1134 2464/569/1135
f 2438/570/1120 2436/563/1129 2442/565/1131
f 2449/571/1136 2439/572/1137 2443/573/1138
f 2466/574/1128 2475/575/1139 2471/576/1140
f 2473/577/1140 2476/578/1141 2482/579/1142
f 2454/580/1143 2442/565/1131 2446/564/1130
f 2452/581/1144 2449/571/1136 2443/573/1138
f 2455/582/1145 2444/583/1146 2447/584/1147
f 2474/585/1148 2469/586/1140 2477/587/1149
f 2450/51/659 2456/51/1150 2448/51/1151
f 2464/569/1135 2467/588/1152 2472/589/1153
f 2456/51/663 2453/51/1154 2445/51/1146
f 2453/51/663 2451/51/1155 2441/51/1131
f 2486/590/1156 2488/591/1157 2493/592/1158
f 2465/593/1152 2463/594/1159 2474/585/1148
f 2490/595/1160 2492/596/1158 2496/597/1161
f 2479/598/1162 2474/585/1148 2477/587/1149
f 2481/599/1163 2488/591/1157 2486/590/1156
f 2479/598/1162 2477/587/1149 2487/600/1164
f 2494/601/1158 2500/602/1165 2498/603/1166
f 2487/600/1164 2483/604/1167 2489/605/1168
f 2491/606/1158 2487/600/1164 2489/605/1168
f 2520/607/1169 2522/608/1170 2528/609/1171
f 2497/610/1161 2505/611/1172 2503/612/1173
f 2491/606/1158 2489/605/1168 2499/613/1174
f 2517/614/1175 2519/615/1176 2523/616/1177
f 2499/613/1174 2495/617/1161 2502/618/1173
f 2508/619/1178 2499/613/1174 2502/618/1173
f 2528/609/1171 2532/620/1179 2529/621/1180
f 2529/621/1180 2532/620/1179 2539/622/1181
f 2514/623/1182 2503/612/1173 2505/611/1172
f 2512/624/1183 2508/619/1178 2502/618/1173
f 2516/625/1184 2506/626/1185 2509/627/1186
f 2533/628/1187 2530/629/1188 2536/630/1189
f 2510/51/659 2515/51/1184 2507/51/1178
f 2525/631/1190 2528/609/1171 2529/621/1180
f 2515/51/663 2513/51/1191 2504/51/1192
f 2513/51/659 2511/51/1193 2501/51/1194
f 2541/632/1195 2543/633/1196 2551/634/1197
f 2527/635/1198 2524/636/1177 2531/637/1199
f 2547/638/1200 2551/634/1197 2553/639/1201
f 2540/640/1202 2534/641/1203 2537/642/1189
f 2539/622/1181 2543/633/1196 2541/632/1195
f 2540/640/1202 2537/642/1189 2544/643/1196
f 2551/634/1197 2556/644/1204 2553/639/1201
f 2545/645/1205 2542/646/1206 2548/647/1207
f 2552/648/1208 2546/649/1209 2549/650/1210
f 2577/651/1211 2579/652/1212 2584/653/1213
f 2555/654/1214 2564/655/1215 2561/656/1216
f 2552/648/1208 2549/650/1210 2557/657/1217
f 2576/658/1218 2578/659/1219 2582/660/1220
f 2558/661/1217 2554/662/1214 2560/663/1221
f 2567/664/1222 2558/661/1217 2560/663/1221
f 2587/665/1223 2593/666/1224 2589/667/1225
f 2589/667/1225 2593/666/1224 2600/668/1226
f 2572/669/1227 2561/656/1216 2564/655/1215
f 2570/670/1228 2567/664/1222 2560/663/1221
f 2574/671/1229 2563/672/1215 2566/673/1230
f 2594/674/1231 2590/675/1232 2596/676/1233
f 2568/51/659 2573/51/1234 2565/51/1235
f 2582/660/1220 2586/677/1223 2588/678/1236
f 2573/51/663 2571/51/1237 2562/51/1215
f 2571/51/659 2569/51/1238 2559/51/1239
f 2606/679/1240 2611/680/1241 2618/681/1242
f 2585/682/1223 2581/683/1243 2592/684/1244
f 2615/685/1245 2619/686/1246 2622/687/1247
f 2601/688/1248 2595/689/1249 2598/690/1250
f 2603/691/1251 2611/680/1241 2606/679/1240
f 2601/688/1248 2598/690/1250 2610/692/1252
f 2617/693/1242 2627/694/1253 2621/695/1247
f 2609/696/1254 2604/697/1255 2613/698/1256
f 2616/699/1246 2608/700/1252 2612/701/1257
f 2649/702/1258 2651/703/1259 2658/704/1260
f 2623/705/1261 2634/706/1262 2631/707/1263
f 2616/699/1246 2612/701/1257 2624/708/1264
f 2645/709/1265 2647/710/1258 2652/711/1266
f 2626/712/1253 2620/713/1261 2630/714/1267
f 2636/715/1268 2625/716/1264 2629/717/1263
f 2659/718/1269 2666/719/1270 2663/720/1271
f 2663/720/1271 2666/719/1270 2675/721/1272
f 2642/722/1273 2631/707/1263 2634/706/1262
f 2640/723/1274 2636/715/1268 2629/717/1263
f 2644/724/1275 2633/725/1276 2637/726/1277
f 2665/727/1278 2661/728/1279 2669/729/1280
f 2638/51/659 2643/51/1281 2635/51/1282
f 2654/730/1283 2657/731/1269 2660/732/1284
f 2643/51/663 2641/51/1285 2632/51/1286
f 2641/51/663 2639/51/1287 2628/51/1288
f 2678/733/1289 2682/734/1290 2686/735/1291
f 2656/736/1292 2653/737/1266 2664/738/1293
f 2684/739/1294 2688/740/1295 2692/741/1296
f 2676/742/1297 2667/743/1278 2671/744/1298
f 2673/745/1299 2682/734/1290 2678/733/1289
f 2672/746/1300 2668/747/1301 2681/748/1302
f 2687/749/1295 2694/750/1303 2691/751/1304
f 2681/748/1302 2677/752/1305 2683/753/1294
f 2685/754/1291 2681/748/1302 2683/753/1294
f 2713/755/1306 2715/756/1307 2721/757/1308
f 2690/758/1304 2699/759/1309 2697/760/1310
f 2685/754/1291 2683/753/1294 2693/761/1303
f 2711/762/1311 2714/763/1306 2719/764/1312
f 2693/761/1303 2689/765/1313 2696/766/1314
f 2702/767/1315 2693/761/1303 2696/766/1314
f 2721/757/1308 2726/768/1316 2724/769/1317
f 2724/769/1317 2726/768/1316 2733/770/1318
f 2708/771/1319 2697/760/1310 2699/759/1309
f 2706/772/1320 2702/767/1315 2696/766/1314
f 2710/773/1321 2700/774/1322 2703/775/1323
f 2725/776/1324 2723/777/1325 2730/778/1326
f 2704/51/659 2709/51/1327 2701/51/1328
f 2718/779/1329 2721/757/1308 2724/769/1317
f 2709/51/663 2707/51/1330 2698/51/1331
f 2707/51/663 2705/51/1332 2695/51/1314
f 2736/780/1333 2739/781/1334 2746/782/1335
f 2722/783/1336 2720/784/1337 2727/785/1338
f 2743/786/1339 2746/782/1335 2749/787/1340
f 2734/788/1341 2728/789/1338 2732/790/1342
f 2733/770/1318 2739/781/1334 2736/780/1333
f 2734/788/1341 2732/790/1342 2740/791/1343
f 2746/782/1335 2751/792/1344 2749/787/1340
f 2738/793/1345 2735/794/1346 2742/795/1347
f 2745/796/1348 2737/797/1349 2741/798/1350
f 2771/799/1351 2774/800/1352 2779/801/1353
f 2748/802/1354 2757/803/1355 2754/804/1356
f 2747/805/1357 2744/806/1347 2752/807/1344
f 2770/808/1358 2772/809/1359 2777/810/1360
f 2752/807/1344 2750/811/1340 2755/812/1361
f 2761/813/1362 2752/807/1344 2755/812/1361
f 2779/801/1353 2784/814/1363 2781/815/1364
f 2781/815/1364 2784/814/1363 2788/816/1365
f 2766/817/1366 2754/804/1356 2757/803/1355
f 2764/818/1367 2761/813/1362 2755/812/1361
f 2768/819/1368 2758/820/1355 2760/821/1369
f 2783/822/1370 2780/823/1371 2785/824/1372
f 2762/51/659 2767/51/1373 2759/51/1374
f 2776/825/1375 2779/801/1353 2781/815/1364
f 2767/51/663 2765/51/1376 2756/51/1355
f 2765/51/659 2763/51/1377 2753/51/1356
f 2793/826/1378 2796/827/1379 2802/828/1380
f 2778/829/1381 2775/830/1382 2783/822/1370
f 2798/831/1383 2801/832/1384 2806/833/1385
f 2787/834/1386 2783/822/1370 2785/824/1372
f 2789/835/1387 2796/827/1379 2793/826/1378
f 2787/834/1386 2785/824/1372 2795/836/1388
f 2800/837/1380 2808/838/1389 2804/839/1390
f 2795/836/1388 2791/840/1378 2797/841/1391
f 2799/842/1392 2795/836/1388 2797/841/1391
f 2828/843/1393 2831/844/1394 2838/845/1395
f 2805/846/1396 2814/847/1397 2811/848/1398
f 2799/842/1392 2797/841/1391 2807/849/1389
f 2826/850/1399 2829/851/1400 2835/852/1401
f 2807/849/1389 2803/853/1402 2809/854/1403
f 2815/855/1404 2807/849/1389 2809/854/1403
f 2836/856/1405 2841/857/1406 2839/858/1407
f 2839/858/1407 2841/857/1406 2849/859/1408
f 2822/860/1409 2811/848/1398 2814/847/1397
f 2818/861/1410 2815/855/1404 2809/854/1403
f 2824/862/1411 2813/863/1412 2817/864/1413
f 2843/865/1406 2840/866/1407 2846/867/1414
f 2819/51/659 2823/51/1415 2816/51/1416
f 2832/868/1417 2836/856/1405 2839/858/1407
f 2823/51/663 2821/51/1418 2812/51/1412
f 2821/51/659 2820/51/1419 2810/51/1420
f 2851/869/1421 2853/870/1422 2861/871/1423
f 2837/872/1424 2833/873/1417 2842/874/1425
f 2857/875/1426 2861/871/1423 2863/876/1427
f 2850/877/1428 2844/878/1425 2848/879/1414
f 2849/859/1408 2853/870/1422 2851/869/1421
f 2850/877/1428 2848/879/1414 2855/880/1429
f 2861/871/1423 2865/881/1430 2863/876/1427
f 2854/882/1431 2852/883/1432 2859/884/1433
f 2862/885/1423 2856/886/1422 2860/887/1433
f 2888/888/1434 2890/889/1435 2896/890/1436
f 2864/891/1437 2874/892/1438 2871/893/1439
f 2862/885/1423 2860/887/1433 2868/894/1440
f 2886/895/1441 2887/896/1442 2893/897/1443
f 2867/898/1444 2864/891/1437 2871/893/1439
f 2877/899/1445 2866/900/1444 2870/901/1439
f 2896/890/1436 2901/902/1446 2898/903/1447
f 2898/903/1447 2901/902/1446 2907/904/1448
f 2882/905/1449 2871/893/1439 2874/892/1438
f 2880/906/1450 2877/899/1445 2870/901/1439
f 2884/907/1451 2873/908/1452 2876/909/1453
f 2900/910/1446 2897/911/1447 2903/912/1454
f 2878/51/659 2883/51/1455 2875/51/1456
f 2894/913/1443 2896/890/1436 2898/903/1447
f 2883/51/663 2881/51/1457 2872/51/1438
f 2881/51/659 2879/51/1458 2869/51/1439
f 2909/914/1459 2912/915/1460 2919/916/1461
f 2895/917/1436 2891/918/1443 2899/919/1462
f 2916/920/1463 2919/916/1461 2921/921/1464
f 2908/922/1465 2902/923/1466 2905/924/1467
f 2907/904/1448 2912/915/1460 2909/914/1459
f 2908/922/1465 2905/924/1467 2913/925/1468
f 2919/916/1461 2924/926/1469 2921/921/1464
f 2914/927/1470 2910/928/1471 2917/929/1472
f 2918/930/1473 2911/931/1468 2915/932/1474
f 2945/933/1475 2947/934/1476 2953/935/1477
f 2922/936/1464 2930/937/1478 2927/938/1479
f 2918/930/1473 2915/932/1474 2923/939/1469
f 2942/940/1480 2943/941/1481 2949/942/1482
f 2923/939/1469 2920/943/1483 2926/944/1484
f 2932/945/1485 2923/939/1469 2926/944/1484
f 2954/946/1477 2960/947/1486 2957/948/1487
f 2957/948/1487 2960/947/1486 2964/949/1488
f 2938/950/1489 2927/938/1479 2930/937/1478
f 2936/951/1490 2932/945/1485 2926/944/1484
f 2940/952/1491 2929/953/1492 2933/954/1493
f 2959/955/1494 2955/956/1495 2961/957/1496
f 2934/51/659 2939/51/1497 2931/51/1498
f 2950/958/1499 2952/959/1477 2956/960/1487
f 2939/51/663 2937/51/1500 2928/51/1501
f 2937/51/659 2935/51/1502 2925/51/1503
f 2970/961/1504 2972/962/1505 2978/963/1506
f 2951/964/1507 2948/965/1499 2959/955/1494
f 2974/966/1508 2977/967/1509 2983/968/1510
f 2963/969/1511 2959/955/1494 2961/957/1496
f 2966/970/1512 2972/962/1505 2970/961/1504
f 2963/969/1511 2961/957/1496 2971/971/1513
f 2976/972/1514 2986/973/1515 2981/974/1516
f 2971/971/1513 2967/975/1517 2973/976/1518
f 2975/977/1506 2971/971/1513 2973/976/1518
f 3005/978/1519 3007/979/1520 3013/980/1521
f 2979/981/1522 2991/982/1523 2988/983/1524
f 2975/977/1506 2973/976/1518 2984/984/1525
f 3004/985/1526 3006/986/1519 3012/987/1527
f 2984/984/1525 2980/988/1528 2989/989/1529
f 2994/990/1530 2984/984/1525 2989/989/1529
f 3013/980/1521 3018/991/1531 3016/992/1532
f 3016/992/1532 3018/991/1531 3023/993/1533
f 3000/994/1534 2988/983/1524 2991/982/1523
f 2998/995/1535 2994/990/1530 2989/989/1529
f 3002/996/1536 2992/997/1537 2995/998/1538
f 3017/999/1539 3015/1000/1540 3020/1001/1541
f 2996/51/659 3001/51/1542 2993/51/1543
f 3010/1002/1544 3013/980/1521 3016/992/1532
f 3001/51/663 2999/51/1545 2990/51/1523
f 2999/51/663 2997/51/1546 2987/51/1547
f 3025/1003/1548 3027/1004/1549 3033/1005/1550
f 3014/1006/1521 3011/1007/1527 3019/1008/1539
f 3030/1009/1551 3033/1005/1550 3035/1010/1552
f 3022/1011/1533 3017/999/1539 3020/1001/1541
f 3023/993/1533 3027/1004/1549 3025/1003/1548
f 3022/1011/1533 3020/1001/1541 3026/1012/1553
f 3033/1005/1550 3038/1013/1554 3035/1010/1552
f 3026/1012/1553 3024/1014/1548 3029/1015/1555
f 3034/1016/1556 3028/1017/1557 3031/1018/1558
f 3061/1019/1559 3063/1020/1560 3070/1021/1561
f 3036/1022/1562 3046/1023/1563 3042/1024/1564
f 3034/1016/1556 3031/1018/1558 3039/1025/1554
f 3057/1026/1565 3059/1027/1566 3064/1028/1567
f 3040/1029/1554 3037/1030/1568 3043/1031/1569
f 3049/1032/1570 3040/1029/1554 3043/1031/1569
f 3067/1033/1561 3075/1034/1571 3071/1035/1572
f 3071/1035/1572 3075/1034/1571 3079/1036/1573
f 3054/1037/1574 3042/1024/1564 3046/1023/1563
f 3052/1038/1575 3049/1032/1570 3043/1031/1569
f 3056/1039/1576 3045/1040/1577 3048/1041/1578
f 3076/1042/1579 3072/1043/1572 3077/1044/1580
f 3050/51/659 3055/51/1581 3047/51/1582
f 3066/1045/1567 3069/1046/1561 3073/1047/1572
f 3055/51/663 3053/51/1583 3044/51/1584
f 3053/51/659 3051/51/1585 3041/51/1586
f 3085/1048/1587 3088/1049/1588 3093/1050/1589
f 3068/1051/1561 3065/1052/1590 3076/1042/1579
f 3090/1053/1591 3094/1054/1589 3098/1055/1592
f 3080/1056/1593 3076/1042/1579 3077/1044/1580
f 3082/1057/1594 3088/1049/1588 3085/1048/1587
f 3080/1056/1593 3077/1044/1580 3087/1058/1595
f 3092/1059/1596 3100/1060/1597 3097/1061/1598
f 3087/1058/1595 3083/1062/1599 3089/1063/1591
f 3091/1064/1600 3087/1058/1595 3089/1063/1591
f 3121/1065/1601 3122/1066/1602 3128/1067/1603
f 3095/1068/1604 3104/1069/1605 3101/1070/1606
f 3091/1064/1600 3089/1063/1591 3099/1071/1597
f 3117/1072/1607 3119/1073/1608 3123/1074/1609
f 3099/1071/1597 3096/1075/1610 3103/1076/1611
f 3108/1077/1612 3099/1071/1597 3103/1076/1611
f 3128/1067/1603 3134/1078/1613 3131/1079/1614
f 3129/1080/1615 3133/1081/1613 3141/1082/1616
f 3113/1083/1617 3101/1070/1606 3104/1069/1605
f 3112/1084/1618 3108/1077/1612 3103/1076/1611
f 3116/1085/1619 3106/1086/1620 3109/1087/1612
f 3135/1088/1621 3132/1089/1614 3138/1090/1622
f 3110/51/659 3115/51/1623 3107/51/1624
f 3124/1091/1625 3127/1092/1626 3130/1093/1627
f 3115/51/663 3114/51/1628 3105/51/1605
f 3114/51/659 3111/51/1629 3102/51/1630
f 3143/1094/1631 3145/1095/1632 3153/1096/1633
f 3128/1067/1603 3125/1097/1634 3134/1078/1613
f 3149/1098/1635 3153/1096/1633 3155/1099/1636
f 3142/1100/1637 3136/1101/1638 3140/1102/1622
f 3141/1082/1616 3145/1095/1632 3143/1094/1631
f 3142/1100/1637 3140/1102/1622 3147/1103/1639
f 3153/1096/1633 3158/1104/1640 3155/1099/1636
f 3146/1105/1641 3144/1106/1642 3150/1107/1643
f 3154/1108/1644 3148/1109/1639 3152/1110/1645
f 3179/1111/1646 3182/1112/1647 3188/1113/1648
f 3156/1114/1649 3166/1115/1650 3163/1116/1651
f 3154/1108/1644 3152/1110/1645 3160/1117/1652
f 3178/1118/1653 3180/1119/1654 3186/1120/1655
f 3159/1121/1656 3156/1114/1649 3163/1116/1651
f 3167/1122/1657 3157/1123/1658 3161/1124/1651
f 3188/1113/1648 3192/1125/1659 3190/1126/1660
f 3190/1126/1660 3192/1125/1659 3199/1127/1661
f 3174/1128/1662 3163/1116/1651 3166/1115/1650
f 3170/1129/1663 3167/1122/1657 3161/1124/1651
f 3176/1130/1664 3165/1131/1665 3169/1132/1666
f 3191/1133/1667 3189/1134/1660 3195/1135/1668
f 3171/51/659 3175/51/1669 3168/51/1670
f 3184/1136/1671 3188/1113/1648 3190/1126/1660
f 3175/51/663 3173/51/1672 3164/51/1650
f 3173/51/659 3172/51/1673 3162/51/1674
f 3201/1137/1675 3203/1138/1676 3212/1139/1677
f 3187/1140/1678 3185/1141/1671 3193/1142/1679
f 3208/1143/1680 3212/1139/1677 3216/1144/1681
f 3200/1145/1682 3194/1146/1683 3197/1147/1684
f 3199/1127/1661 3203/1138/1676 3201/1137/1675
f 3200/1145/1682 3197/1147/1684 3204/1148/1685
f 3212/1139/1677 3218/1149/1686 3216/1144/1681
f 3206/1150/1687 3202/1151/1688 3210/1152/1689
f 3213/1153/1677 3205/1154/1690 3209/1155/1691
f 3237/1156/1692 3240/1157/1693 3245/1158/1694
f 3215/1159/1695 3223/1160/1696 3221/1161/1697
f 3211/1162/1698 3207/1163/1699 3217/1164/1700
f 3236/1165/1701 3238/1166/1702 3243/1167/1703
f 3217/1164/1700 3214/1168/1704 3220/1169/1705
f 3226/1170/1706 3217/1164/1700 3220/1169/1705
f 3245/1158/1694 3249/1171/1707 3247/1172/1708
f 3247/1172/1708 3249/1171/1707 3253/1173/1709
f 3232/1174/1710 3221/1161/1697 3223/1160/1696
f 3230/1175/1711 3226/1170/1706 3220/1169/1705
f 3234/1176/1712 3224/1177/1713 3227/1178/1714
f 3248/1179/1715 3246/1180/1708 3250/1181/1716
f 3228/51/659 3233/51/1717 3225/51/1718
f 3242/1182/1719 3245/1158/1694 3247/1172/1708
f 3233/51/663 3231/51/1720 3222/51/1696
f 3231/51/659 3229/51/1721 3219/51/1722
f 3255/1183/1723 3257/1184/1724 3261/1185/1725
f 3244/1186/1726 3241/1187/1727 3248/1179/1715
f 3259/1188/1728 3261/1185/1725 3264/1189/1729
f 3252/1190/1709 3248/1179/1715 3250/1181/1716
f 3253/1173/1709 3257/1184/1724 3255/1183/1723
f 3252/1190/1709 3250/1181/1716 3256/1191/1730
f 3261/1185/1725 3266/1192/1731 3264/1189/1729
f 3256/1191/1730 3254/1193/1732 3258/1194/1733
f 3260/1195/1734 3256/1191/1730 3258/1194/1733
f 3285/1196/1735 3288/1197/1736 3294/1198/1737
f 3262/1199/1738 3270/1200/1739 3267/1201/1740
f 3260/1195/1734 3258/1194/1733 3265/1202/1731
f 3284/1203/1741 3286/1204/1742 3292/1205/1743
f 3265/1202/1731 3263/1206/1744 3269/1207/1745
f 3274/1208/1746 3265/1202/1731 3269/1207/1745
f 3294/1198/1737 3299/1209/1747 3296/1210/1748
f 3296/1210/1748 3299/1209/1747 3303/1211/1749
f 3279/1212/1750 3267/1201/1740 3270/1200/1739
f 3278/1213/1751 3274/1208/1746 3269/1207/1745
f 3282/1214/1752 3272/1215/1753 3275/1216/1754
f 3298/1217/1755 3295/1218/1756 3300/1219/1757
f 3276/51/659 3281/51/1758 3273/51/1759
f 3291/1220/1760 3294/1198/1737 3296/1210/1748
f 3281/51/663 3280/51/1761 3271/51/1762
f 3280/51/663 3277/51/1763 3268/51/1764
f 3305/1221/1765 3307/1222/1766 3311/1223/1767
f 3293/1224/1737 3289/1225/1768 3297/1226/1769
f 3309/1227/1770 3311/1223/1767 3313/1228/1771
f 3302/1229/1749 3298/1217/1755 3300/1219/1757
f 3303/1211/1749 3307/1222/1766 3305/1221/1765
f 3302/1229/1749 3300/1219/1757 3306/1230/1772
f 3311/1223/1767 3316/1231/1773 3313/1228/1771
f 3306/1230/1772 3304/1232/1774 3308/1233/1770
f 3310/1234/1767 3306/1230/1772 3308/1233/1770
f 3335/1235/1775 3337/1236/1776 3342/1237/1777
f 3314/1238/1778 3322/1239/1779 3319/1240/1780
f 3310/1234/1767 3308/1233/1770 3315/1241/1773
f 3334/1242/1781 3336/1243/1782 3340/1244/1783
f 3315/1241/1773 3312/1245/1784 3318/1246/1785
f 3324/1247/1786 3315/1241/1773 3318/1246/1785
f 3341/1248/1787 3349/1249/1788 3345/1250/1789
f 3345/1250/1789 3349/1249/1788 3353/1251/1790
f 3330/1252/1791 3319/1240/1780 3322/1239/1779
f 3328/1253/1792 3324/1247/1786 3318/1246/1785
f 3332/1254/1793 3321/1255/1794 3325/1256/1795
f 3350/1257/1796 3346/1258/1797 3351/1259/1798
f 3326/51/659 3331/51/1799 3323/51/1800
f 3340/1244/1783 3344/1260/1801 3347/1261/1789
f 3331/51/663 3329/51/1802 3320/51/1803
f 3329/51/663 3327/51/1804 3317/51/1805
f 3359/1262/1806 3362/1263/1807 3368/1264/1808
f 3343/1265/1809 3339/1266/1810 3350/1257/1796
f 3363/1267/1811 3365/1268/1812 3370/1269/1813
f 3354/1270/1814 3350/1257/1796 3351/1259/1798
f 3355/1271/1790 3362/1263/1807 3359/1262/1806
f 3354/1270/1814 3351/1259/1798 3361/1272/1815
f 3366/1273/1812 3373/1274/1816 3371/1275/1817
f 3361/1272/1815 3358/1276/1818 3364/1277/1811
f 3367/1278/1808 3361/1272/1815 3364/1277/1811
f 3392/1279/1819 3395/1280/1820 3399/1281/1821
f 3369/1282/1822 3379/1283/1823 3376/1284/1824
f 3367/1278/1808 3364/1277/1811 3374/1285/1825
f 3391/1286/1826 3394/1287/1827 3398/1288/1828
f 3374/1285/1825 3372/1289/1813 3377/1290/1829
f 3383/1291/1830 3374/1285/1825 3377/1290/1829
f 3402/1292/1821 3409/1293/1831 3406/1294/1832
f 3403/1295/1833 3407/1296/1834 3412/1297/1835
f 3388/1298/1836 3376/1284/1824 3379/1283/1823
f 3386/1299/1837 3383/1291/1830 3377/1290/1829
f 3390/1300/1838 3380/1301/1839 3382/1302/1840
f 3408/1303/1841 3405/1304/1842 3411/1305/1843
f 3384/51/659 3389/51/1844 3381/51/1845
f 3397/1306/1846 3400/1307/1821 3404/1308/1847
f 3389/51/663 3387/51/1848 3378/51/1849
f 3387/51/659 3385/51/1850 3375/51/1851
f 3415/1309/1852 3419/1310/1853 3423/1311/1854
f 3401/1312/1821 3398/1288/1828 3408/1303/1841
f 3422/1313/1855 3425/1314/1856 3428/1315/1857
f 3413/1316/1858 3408/1303/1841 3411/1305/1843
f 3412/1297/1835 3418/1317/1859 3414/1318/1860
f 3413/1316/1858 3411/1305/1843 3420/1319/1861
f 3425/1314/1856 3430/1320/1862 3428/1315/1857
f 3420/1319/1861 3416/1321/1863 3421/1322/1864
f 3424/1323/1865 3420/1319/1861 3421/1322/1864
f 3449/1324/1866 3452/1325/1867 3457/1326/1868
f 3427/1327/1869 3435/1328/1870 3433/1329/1871
f 3424/1323/1865 3421/1322/1864 3429/1330/1872
f 3448/1331/1873 3450/1332/1874 3455/1333/1875
f 3429/1330/1872 3426/1334/1876 3432/1335/1877
f 3438/1336/1878 3429/1330/1872 3432/1335/1877
f 3457/1326/1868 3461/1337/1879 3459/1338/1880
f 3459/1338/1880 3461/1337/1879 3465/1339/1881
f 3444/1340/1882 3433/1329/1871 3435/1328/1870
f 3442/1341/1883 3438/1336/1878 3432/1335/1877
f 3446/1342/1884 3436/1343/1885 3439/1344/1886
f 3460/1345/1887 3458/1346/1888 3462/1347/1889
f 3440/51/659 3445/51/1890 3437/51/1891
f 3454/1348/1892 3457/1326/1868 3459/1338/1880
f 3445/51/663 3443/51/1893 3434/51/1894
f 3443/51/659 3441/51/1895 3431/51/1896
f 3467/1349/1897 3469/1350/1898 3473/1351/1899
f 3456/1352/1900 3453/1353/1892 3460/1345/1887
f 3471/1354/1901 3473/1351/1899 3476/1355/1902
f 3464/1356/1903 3460/1345/1887 3462/1347/1889
f 3465/1339/1881 3469/1350/1898 3467/1349/1897
f 3464/1356/1903 3462/1347/1889 3468/1357/1904
f 3473/1351/1899 3478/1358/1905 3476/1355/1902
f 3468/1357/1904 3466/1359/1906 3470/1360/1907
f 3472/1361/1908 3468/1357/1904 3470/1360/1907
f 3497/1362/1909 3500/1363/1910 3505/1364/1911
f 3474/1365/1912 3483/1366/1913 3480/1367/1914
f 3472/1361/1908 3470/1360/1907 3477/1368/1905
f 3496/1369/1915 3498/1370/1916 3503/1371/1917
f 3477/1368/1905 3475/1372/1918 3481/1373/1919
f 3486/1374/1920 3477/1368/1905 3481/1373/1919
f 3505/1364/1911 3509/1375/1921 3507/1376/1922
f 3507/1376/1922 3509/1375/1921 3513/1377/1923
f 3492/1378/1924 3480/1367/1914 3483/1366/1913
f 3490/1379/1925 3486/1374/1920 3481/1373/1919
f 3494/1380/1926 3484/1381/1927 3487/1382/1928
f 3508/1383/1921 3506/1384/1922 3510/1385/1929
f 3488/51/659 3493/51/1930 3485/51/1931
f 3502/1386/1932 3505/1364/1911 3507/1376/1922
f 3493/51/663 3491/51/1933 3482/51/1934
f 3491/51/663 3489/51/1935 3479/51/1936
f 3515/1387/1937 3517/1388/1938 3521/1389/1939
f 3504/1390/1940 3501/1391/1941 3508/1383/1921
f 3519/1392/1942 3521/1389/1939 3524/1393/1943
f 3512/1394/1944 3508/1383/1921 3510/1385/1929
f 3513/1377/1923 3517/1388/1938 3515/1387/1937
f 3512/1394/1944 3510/1385/1929 3516/1395/1938
f 3521/1389/1939 3526/1396/1945 3524/1393/1943
f 3516/1395/1938 3514/1397/1946 3518/1398/1947
f 3520/1399/1948 3516/1395/1938 3518/1398/1947
f 3545/1400/1949 3547/1401/1950 3553/1402/1951
f 3522/1123/1952 3530/1403/1953 3527/1404/1954
f 3520/1399/1948 3518/1398/1947 3525/1405/1955
f 3543/1406/1956 3546/1407/1949 3551/1408/1957
f 3525/1405/1955 3523/1409/1958 3529/1410/1959
f 3534/1411/1960 3525/1405/1955 3529/1410/1959
f 3553/1402/1951 3557/1412/1961 3555/1413/1962
f 3555/1413/1962 3557/1412/1961 3565/1414/1963
f 3539/1415/1964 3527/1404/1954 3530/1403/1953
f 3538/1416/1965 3534/1411/1960 3529/1410/1959
f 3542/1417/1966 3532/1418/1953 3535/1419/1967
f 3558/1420/1968 3556/1421/1962 3562/1422/1969
f 3536/51/659 3541/51/1970 3533/51/1971
f 3549/1423/1972 3553/1402/1951 3555/1413/1962
f 3541/51/663 3540/51/1973 3531/51/1953
f 3540/51/663 3537/51/1974 3528/51/1975
f 3567/1424/1976 3569/1425/1977 3577/1426/1978
f 3554/1427/1951 3552/1428/1979 3560/1429/1980
f 3574/1430/1981 3577/1426/1978 3580/1431/1982
f 3566/1432/1983 3559/1433/1984 3563/1434/1985
f 3565/1414/1963 3569/1425/1977 3567/1424/1976
f 3566/1432/1983 3563/1434/1985 3571/1435/1986
f 3577/1426/1978 3582/1436/1987 3580/1431/1982
f 3572/1437/1977 3568/1438/1988 3576/1439/1989
f 3578/1440/1990 3570/1441/1991 3575/1442/1992
f 3603/1443/1993 3605/1444/1994 3611/1445/1995
f 3579/1446/1996 3588/1447/1997 3585/1448/1998
f 3578/1440/1990 3575/1442/1992 3584/1449/1999
f 3602/1450/2000 3604/1451/2001 3610/1452/2002
f 3581/1453/2003 3579/1446/1996 3585/1448/1998
f 3593/1454/2004 3583/1455/2005 3587/1456/2006
f 3611/1445/1995 3616/1457/2007 3614/1458/2008
f 3614/1458/2008 3616/1457/2007 3623/1459/2009
f 3597/1460/2010 3585/1448/1998 3588/1447/1997
f 3596/1461/2011 3593/1454/2004 3587/1456/2006
f 3599/1462/2012 3589/1463/2013 3591/1464/2014
f 3615/1465/2015 3613/1466/2008 3619/1467/2016
f 3594/51/659 3600/51/2017 3592/51/2018
f 3608/1468/2002 3611/1445/1995 3614/1458/2008
f 3600/51/663 3598/51/2019 3590/51/2020
f 3598/51/663 3595/51/2021 3586/51/1998
f 3626/1469/2022 3629/1470/2023 3636/1471/2024
f 3612/1472/2025 3609/1473/2026 3617/1474/2027
f 3633/1475/2028 3636/1471/2024 3637/1476/2029
f 3624/1477/2030 3618/1478/2031 3622/1479/2032
f 3623/1459/2009 3629/1470/2023 3626/1469/2022
f 3624/1477/2030 3622/1479/2032 3630/1480/2033
f 3636/1471/2024 3641/1481/2034 3637/1476/2029
f 3628/1482/2023 3625/1483/2035 3632/1484/2036
f 3635/1485/2024 3627/1486/2037 3631/1487/2036
f 3661/1488/2038 3663/1489/2039 3668/1490/2040
f 3638/1491/2041 3648/1492/2042 3645/1493/2043
f 3635/1485/2024 3631/1487/2036 3639/1494/2044
f 3660/1495/2045 3662/1496/2046 3667/1497/2047
f 3642/1498/2048 3638/1491/2041 3645/1493/2043
f 3650/1499/2049 3640/1500/2050 3644/1501/2051
f 3668/1490/2040 3672/1502/2052 3670/1503/2053
f 3670/1503/2053 3672/1502/2052 3676/1504/2054
f 3656/1505/2055 3645/1493/2043 3648/1492/2042
f 3654/1506/2056 3650/1499/2049 3644/1501/2051
f 3658/1507/2057 3647/1508/2058 3651/1509/2059
f 3673/1510/2052 3671/1511/2053 3675/1512/2060
f 3652/51/659 3657/51/2061 3649/51/2062
f 3665/1513/2063 3668/1490/2040 3670/1503/2053
f 3657/51/663 3655/51/2064 3646/51/2065
f 3655/51/659 3653/51/2066 3643/51/2067
f 3678/1514/2068 3680/1515/2069 3684/1516/2070
f 3669/1517/2071 3666/1518/2072 3673/1510/2052
f 3682/1519/2073 3684/1516/2070 3687/1520/2074
f 3677/1521/2075 3673/1510/2052 3675/1512/2060
f 3676/1504/2054 3680/1515/2069 3678/1514/2068
f 3677/1521/2075 3675/1512/2060 3681/1522/2069
f 3684/1516/2070 3689/1523/2076 3687/1520/2074
f 3681/1522/2069 3679/1524/2077 3683/1525/2073
f 3685/1526/2078 3681/1522/2069 3683/1525/2073
f 3709/1527/2079 3711/1528/2080 3716/1529/2081
f 3686/1530/2082 3694/1531/2083 3691/1532/2084
f 3685/1526/2078 3683/1525/2073 3690/1533/2085
f 3708/1534/2086 3710/1535/2087 3715/1536/2088
f 3690/1533/2085 3688/1537/2089 3693/1538/2090
f 3699/1539/2091 3690/1533/2085 3693/1538/2090
f 3716/1529/2081 3720/1540/2092 3718/1541/2093
f 3718/1541/2093 3720/1540/2092 3724/1542/2094
f 3703/1543/2095 3691/1532/2084 3694/1531/2083
f 3702/1544/2096 3699/1539/2091 3693/1538/2090
f 3705/1545/2097 3695/1546/2098 3697/1547/2099
f 3721/1548/2100 3719/1549/2101 3723/1550/2102
f 3700/51/659 3706/51/2103 3698/51/2104
f 3713/1551/2105 3716/1529/2081 3718/1541/2093
f 3706/51/663 3704/51/2106 3696/51/2107
f 3704/51/659 3701/51/2108 3692/51/2109
f 3726/1552/2110 3728/1553/2111 3732/1554/2112
f 3717/1555/2113 3714/1556/2088 3721/1548/2100
f 3730/1557/2114 3732/1554/2112 3735/1558/2115
f 3725/1559/2116 3721/1548/2100 3723/1550/2102
f 3724/1542/2094 3728/1553/2111 3726/1552/2110
f 3725/1559/2116 3723/1550/2102 3729/1560/2117
f 3732/1554/2112 3737/1561/2118 3735/1558/2115
f 3729/1560/2117 3727/1562/2119 3731/1563/2120
f 3733/1564/2121 3729/1560/2117 3731/1563/2120
f 3758/1565/2122 3760/1566/2123 3765/1567/2124
f 3734/1568/2125 3742/1569/2126 3739/1570/2127
f 3733/1564/2121 3731/1563/2120 3738/1571/2128
f 3755/1572/2129 3757/1573/2130 3761/1574/2131
f 3738/1571/2128 3736/1575/2132 3741/1576/2133
f 3747/1577/2134 3738/1571/2128 3741/1576/2133
f 3765/1567/2124 3769/1578/2135 3767/1579/2136
f 3767/1579/2136 3769/1578/2135 3773/1580/2137
f 3751/1581/2138 3739/1570/2127 3742/1569/2126
f 3750/1582/2139 3747/1577/2134 3741/1576/2133
f 3754/1583/2140 3744/1584/2141 3746/1585/2142
f 3768/1586/2143 3766/1587/2144 3770/1588/2145
f 3748/51/659 3753/51/2140 3745/51/2146
f 3763/1589/2147 3765/1567/2124 3767/1579/2136
f 3753/51/663 3752/51/2138 3743/51/2148
f 3752/51/663 3749/51/2149 3740/51/2150
f 3775/1590/2151 3777/1591/2152 3781/1592/2153
f 3764/1593/2154 3762/1594/2147 3768/1586/2143
f 3779/1595/2155 3781/1592/2153 3784/1596/2156
f 3772/1597/2157 3768/1586/2143 3770/1588/2145
f 3773/1580/2137 3777/1591/2152 3775/1590/2151
f 3772/1597/2157 3770/1588/2145 3776/1598/2158
f 3781/1592/2153 3786/1599/2159 3784/1596/2156
f 3776/1598/2158 3774/1600/2160 3778/1601/2161
f 3780/1602/2162 3776/1598/2158 3778/1601/2161
f 3804/1603/2163 3806/1604/2164 3810/1605/2165
f 3783/1606/2166 3790/1607/2167 3788/1608/2168
f 3780/1602/2162 3778/1601/2161 3785/1609/2169
f 3803/1610/2170 3805/1611/2171 3809/1612/2172
f 3785/1609/2169 3782/1613/2173 3787/1614/2174
f 3793/1615/2175 3785/1609/2169 3787/1614/2174
f 3810/1605/2165 3815/1616/2176 3812/1617/2177
f 3812/1617/2177 3815/1616/2176 3822/1618/2178
f 3799/1619/2179 3788/1608/2168 3790/1607/2167
f 3796/1620/2180 3793/1615/2175 3787/1614/2174
f 3802/1621/2181 3792/1622/2182 3795/1623/2183
f 3816/1624/2184 3813/1625/2185 3820/1626/2186
f 3797/51/659 3801/51/2187 3794/51/2188
f 3808/1627/2189 3810/1605/2165 3812/1617/2177
f 3801/51/663 3800/51/2190 3791/51/2191
f 3800/51/659 3798/51/2192 3789/51/2193
f 3824/1628/2194 3828/1629/2195 3834/1630/2196
f 3811/1631/2197 3809/1612/2172 3816/1624/2184
f 3832/1632/2198 3834/1630/2196 3836/1633/2199
f 3821/1634/2200 3814/1635/2201 3818/1636/2202
f 3822/1618/2178 3828/1629/2195 3824/1628/2194
f 3821/1634/2200 3818/1636/2202 3826/1637/2203
f 3834/1630/2196 3840/1638/2204 3836/1633/2199
f 3825/1639/2205 3823/1640/2206 3829/1641/2207
f 3833/1642/2208 3827/1643/2209 3830/1644/2210
f 3860/1645/2211 3861/1646/2212 3866/1647/2213
f 3835/1648/2214 3845/1649/2215 3843/1650/2216
f 3833/1642/2208 3830/1644/2210 3838/1651/2217
f 3857/1652/2218 3859/1653/2219 3863/1654/2220
f 3839/1655/2221 3835/1648/2214 3843/1650/2216
f 3848/1656/2222 3837/1657/2223 3842/1658/2224
f 3866/1647/2213 3870/1659/2225 3868/1660/2226
f 3868/1660/2226 3870/1659/2225 3874/1661/2227
f 3854/1662/2228 3843/1650/2216 3845/1649/2215
f 3852/1663/2229 3848/1656/2222 3842/1658/2224
f 3856/1664/2230 3846/1665/2231 3849/1666/2232
f 3871/1667/2233 3869/1668/2234 3873/1669/2235
f 3850/51/659 3855/51/2236 3847/51/2237
f 3864/1670/2238 3866/1647/2213 3868/1660/2226
f 3855/51/663 3853/51/2239 3844/51/2240
f 3853/51/663 3851/51/2241 3841/51/2242
f 3876/1671/2243 3878/1672/2244 3882/1673/2245
f 3867/1674/2246 3865/1675/2247 3871/1667/2233
f 3880/1676/2248 3882/1673/2245 3885/1677/2249
f 3875/1678/2250 3871/1667/2233 3873/1669/2235
f 3874/1661/2227 3878/1672/2244 3876/1671/2243
f 3875/1678/2250 3873/1669/2235 3879/1679/2244
f 3882/1673/2245 3887/1680/2251 3885/1677/2249
f 3879/1679/2244 3877/1681/2243 3881/1682/2252
f 3883/1683/2253 3879/1679/2244 3881/1682/2252
f 3908/1684/2254 3910/1685/2255 3915/1686/2256
f 3884/1581/2257 3892/1687/2258 3889/1688/2259
f 3883/1683/2253 3881/1682/2252 3888/1689/2260
f 3906/1690/2261 3907/1691/2262 3912/1692/2263
f 3888/1689/2260 3886/1693/2264 3891/1694/2265
f 3897/1695/2266 3888/1689/2260 3891/1694/2265
f 3915/1686/2256 3919/1696/2267 3917/1697/2268
f 3917/1697/2268 3919/1696/2267 3923/1698/2269
f 3901/1699/2270 3889/1688/2259 3892/1687/2258
f 3900/1700/2271 3897/1695/2266 3891/1694/2265
f 3904/1701/2272 3894/1702/2273 3896/1703/2274
f 3918/1704/2275 3916/1705/2276 3920/1706/2277
f 3898/51/659 3903/51/2278 3895/51/2279
f 3913/1707/2280 3915/1686/2256 3917/1697/2268
f 3903/51/663 3902/51/2281 3893/51/2282
f 3902/51/663 3899/51/2283 3890/51/2284
f 3925/1708/2285 3927/1709/2286 3931/1710/2287
f 3914/1711/2288 3911/1712/2289 3918/1704/2275
f 3929/1713/2290 3931/1710/2287 3934/1714/2291
f 3922/1715/2292 3918/1704/2275 3920/1706/2277
f 3923/1698/2269 3927/1709/2286 3925/1708/2285
f 3922/1715/2292 3920/1706/2277 3926/1716/2293
f 3931/1710/2287 3936/1717/2294 3934/1714/2291
f 3926/1716/2293 3924/1718/2295 3928/1719/2296
f 3930/1720/2297 3926/1716/2293 3928/1719/2296
f 3956/1721/2298 3958/1722/2299 3964/1723/2300
f 3933/1724/2301 3941/1725/2302 3939/1726/2303
f 3930/1720/2297 3928/1719/2296 3935/1727/2304
f 3953/1728/2305 3955/1729/2306 3959/1730/2307
f 3935/1727/2304 3932/1731/2308 3937/1732/2309
f 3943/1733/2310 3935/1727/2304 3937/1732/2309
f 3964/1723/2300 3968/1734/2311 3965/1735/2312
f 3965/1735/2312 3968/1734/2311 3972/1736/2313
f 3950/1737/2314 3939/1726/2303 3941/1725/2302
f 3946/1738/2315 3943/1733/2310 3937/1732/2309
f 3952/1739/2316 3942/1740/2317 3945/1741/2318
f 3969/1742/2319 3966/1743/2320 3971/1744/2321
f 3947/51/659 3951/51/2322 3944/51/2323
f 3961/1745/2324 3964/1723/2300 3965/1735/2312
f 3951/51/663 3949/51/2325 3940/51/2326
f 3949/51/663 3948/51/2327 3938/51/2328
f 3974/1746/2329 3976/1747/2330 3980/1748/2331
f 3963/1749/2300 3960/1750/2332 3967/1751/2333
f 3978/1752/2334 3980/1748/2331 3983/1753/2335
f 3973/1754/2336 3969/1742/2319 3971/1744/2321
f 3972/1736/2313 3976/1747/2330 3974/1746/2329
f 3973/1754/2336 3971/1744/2321 3977/1755/2337
f 3980/1748/2331 3986/1756/2338 3983/1753/2335
f 3977/1755/2337 3975/1757/2339 3979/1758/2340
f 3981/1759/2341 3977/1755/2337 3979/1758/2340
f 4006/1760/2342 4007/1761/2343 4012/1762/2344
f 3984/1763/2345 3992/1764/2346 3989/1765/2347
f 3981/1759/2341 3979/1758/2340 3987/1766/2348
f 4003/1767/2349 4005/1768/2350 4009/1769/2351
f 3987/1766/2348 3984/1763/2345 3989/1765/2347
f 3995/1770/2352 3987/1766/2348 3989/1765/2347
f 4014/1771/2353 4019/1772/2354 4017/1773/2355
f 4017/1773/2355 4019/1772/2354 4023/1774/2356
f 4000/1775/2357 3989/1765/2347 3992/1764/2346
f 3998/1775/2358 3995/1770/2352 3989/1765/2347
f 4001/1776/2359 3990/1777/2360 3993/1778/2361
f 4018/1779/2362 4016/1780/2363 4020/1781/2364
f 3996/51/659 4002/51/2365 3994/51/2352
f 4009/1769/2351 4011/1782/2366 4015/1783/2367
f 4002/51/663 3999/51/2368 3991/51/2369
f 3999/51/659 3997/51/2370 3988/51/2371
f 4025/1784/2372 4027/1785/2373 4032/1786/2374
f 4013/1787/2366 4010/1788/2351 4018/1779/2362
f 4030/1789/2375 4032/1786/2374 4034/1790/2376
f 4022/1791/2377 4018/1779/2362 4020/1781/2364
f 4023/1774/2356 4027/1785/2373 4025/1784/2372
f 4022/1791/2377 4020/1781/2364 4026/1792/2378
f 4032/1786/2374 4038/1793/2379 4034/1790/2376
f 4026/1792/2378 4024/1794/2380 4029/1795/2381
f 4031/1796/2382 4026/1792/2378 4029/1795/2381
f 4057/1797/2383 4059/1798/2384 4064/1799/2385
f 4033/1800/2386 4043/1801/2387 4041/1802/2388
f 4031/1796/2382 4029/1795/2381 4037/1803/2389
f 4055/1804/2390 4058/1805/2391 4062/1806/2392
f 4036/1807/2393 4033/1800/2386 4041/1802/2388
f 4046/1808/2394 4035/1809/2395 4040/1810/2396
f 4064/1799/2385 4068/1811/2397 4066/1812/2398
f 4066/1812/2398 4068/1811/2397 4072/1813/2399
f 4052/1814/2400 4041/1802/2388 4043/1801/2387
f 4050/1815/2401 4046/1808/2394 4040/1810/2396
f 4054/1816/2402 4044/1817/2403 4047/1818/2404
f 4069/1819/2405 4067/1820/2406 4071/1821/2407
f 4048/51/659 4053/51/2408 4045/51/2409
f 4061/1822/2410 4064/1799/2385 4066/1812/2398
f 4053/51/663 4051/51/2411 4042/51/2412
f 4051/51/659 4049/51/2413 4039/51/2414
f 4074/1823/2415 4076/1824/2416 4080/1825/2417
f 4065/1826/2418 4063/1827/2419 4069/1819/2405
f 4078/1828/2420 4080/1825/2417 4083/1829/2421
f 4073/1830/2422 4069/1819/2405 4071/1821/2407
f 4072/1813/2399 4076/1824/2416 4074/1823/2415
f 4073/1830/2422 4071/1821/2407 4077/1831/2423
f 4080/1825/2417 4086/1832/2424 4083/1829/2421
f 4077/1831/2423 4075/1833/2425 4079/1834/2426
f 4081/1835/2427 4077/1831/2423 4079/1834/2426
f 4107/1836/2428 4109/1837/2429 4114/1838/2430
f 4082/1839/2431 4093/1840/2432 4090/1841/2433
f 4081/1835/2427 4079/1834/2426 4087/1842/2434
f 4105/1843/2435 4108/1844/2436 4112/1845/2437
f 4087/1842/2434 4084/1846/2438 4091/1847/2439
f 4096/1848/2440 4085/1849/2441 4089/1850/2442
f 4114/1838/2430 4118/1851/2443 4116/1852/2444
f 4116/1852/2444 4118/1851/2443 4122/1853/2445
f 4102/1854/2446 4090/1841/2433 4093/1840/2432
f 4100/1855/2447 4096/1848/2440 4089/1850/2442
f 4104/1856/2448 4094/1857/2449 4097/1858/2450
f 4119/1859/2443 4117/1860/2451 4121/1861/2452
f 4098/51/659 4103/51/2453 4095/51/2454
f 4111/1862/2455 4114/1838/2430 4116/1852/2444
f 4103/51/663 4101/51/2456 4092/51/2457
f 4101/51/663 4099/51/2458 4088/51/2459
f 4124/1863/2460 4126/1864/2461 4130/1865/2462
f 4115/1866/2463 4113/1867/2464 4119/1859/2443
f 4128/1868/2465 4130/1865/2462 4132/1869/2466
f 4123/1870/2467 4119/1859/2443 4121/1861/2452
f 4122/1853/2445 4126/1864/2461 4124/1863/2460
f 4123/1870/2467 4121/1861/2452 4127/1871/2461
f 4130/1865/2462 4135/1872/2468 4132/1869/2466
f 4127/1871/2461 4125/1873/2469 4129/1874/2465
f 4131/1875/2470 4127/1871/2461 4129/1874/2465
f 4155/1876/2471 4158/1877/2472 4163/1878/2473
f 4133/1879/2474 4142/1880/2475 4138/1881/2476
f 4131/1875/2470 4129/1874/2465 4136/1882/2477
f 4154/1883/2478 4156/1884/2479 4161/1885/2480
f 4136/1882/2477 4134/1886/2481 4139/1887/2482
f 4145/1888/2483 4136/1882/2477 4139/1887/2482
f 4163/1878/2473 4167/1889/2484 4165/1890/2485
f 4165/1890/2485 4167/1889/2484 4171/1891/2486
f 4150/1892/2487 4138/1881/2476 4142/1880/2475
f 4148/1893/2488 4145/1888/2483 4139/1887/2482
f 4152/1894/2489 4141/1895/2490 4144/1896/2491
f 4166/1897/2492 4164/1898/2493 4168/1899/2494
f 4146/51/659 4151/51/2495 4143/51/2496
f 4160/1900/2497 4163/1878/2473 4165/1890/2485
f 4151/51/663 4149/51/2498 4140/51/2499
f 4149/51/663 4147/51/2500 4137/51/2501
f 4173/1901/2502 4175/1902/2503 4179/1903/2504
f 4162/1904/2505 4159/1905/2506 4166/1897/2492
f 4177/1906/2507 4179/1903/2504 4181/1907/2508
f 4170/1908/2509 4166/1897/2492 4168/1899/2494
f 4171/1891/2486 4175/1902/2503 4173/1901/2502
f 4170/1908/2509 4168/1899/2494 4174/1909/2510
f 4179/1903/2504 4184/1910/2511 4181/1907/2508
f 4174/1909/2510 4172/1911/2512 4176/1912/2513
f 4178/1913/2514 4174/1909/2510 4176/1912/2513
f 4203/1914/2515 4206/1915/2516 4212/1916/2517
f 4182/1917/2518 4190/1918/2519 4187/1919/2520
f 4178/1913/2514 4176/1912/2513 4183/1920/2521
f 4202/1921/2522 4204/1922/2523 4210/1923/2524
f 4183/1920/2521 4180/1924/2525 4185/1925/2526
f 4191/1926/2527 4183/1920/2521 4185/1925/2526
f 4212/1916/2517 4218/1927/2528 4214/1928/2529
f 4214/1928/2529 4218/1927/2528 4224/1929/2530
f 4198/1930/2531 4187/1919/2520 4190/1918/2519
f 4194/1931/2532 4191/1926/2527 4185/1925/2526
f 4200/1932/2533 4189/1933/2534 4193/1934/2535
f 4217/1935/2536 4213/1936/2529 4220/1937/2537
f 4195/51/659 4199/51/2538 4192/51/2539
f 4209/1938/2540 4212/1916/2517 4214/1928/2529
f 4199/51/663 4197/51/2541 4188/51/2542
f 4197/51/663 4196/51/2543 4186/51/2544
f 4225/1939/2545 4228/1940/2546 4235/1941/2547
f 4211/1942/2548 4207/1943/2549 4215/1944/2550
f 4231/1945/2551 4235/1941/2547 4237/1946/2552
f 4223/1947/2553 4216/1948/2554 4219/1949/2555
f 4224/1929/2530 4228/1940/2546 4225/1939/2545
f 4223/1947/2553 4219/1949/2555 4227/1950/2556
f 4235/1941/2547 4240/1951/2557 4237/1946/2552
f 4230/1952/2558 4226/1953/2559 4233/1954/2560
f 4236/1955/2561 4229/1956/2562 4232/1957/2551
f 4261/1958/2563 4263/1959/2564 4268/1960/2565
f 4238/1961/2566 4248/1962/2567 4245/1963/2568
f 4236/1955/2561 4232/1957/2551 4241/1964/2569
f 4260/1965/2570 4262/1966/2571 4267/1967/2572
f 4242/1968/2573 4238/1961/2566 4245/1963/2568
f 4250/1969/2574 4239/1970/2575 4244/1971/2576
f 4268/1960/2565 4272/1972/2577 4270/1973/2578
f 4270/1973/2578 4272/1972/2577 4276/1974/2579
f 4256/1975/2580 4245/1963/2568 4248/1962/2567
f 4254/1976/2581 4250/1969/2574 4244/1971/2576
f 4258/1977/2582 4247/1978/2583 4251/1979/2584
f 4273/1980/2585 4271/1981/2586 4275/1982/2587
f 4252/51/659 4257/51/2588 4249/51/2589
f 4265/1983/2572 4268/1960/2565 4270/1973/2578
f 4257/51/663 4255/51/2590 4246/51/2591
f 4255/51/663 4253/51/2592 4243/51/2593
f 4278/1984/2594 4280/1985/2595 4284/1986/2596
f 4269/1987/2597 4266/1988/2598 4273/1980/2585
f 4282/1989/2599 4284/1986/2596 4286/1990/2600
f 4277/1991/2601 4273/1980/2585 4275/1982/2587
f 4276/1974/2579 4280/1985/2595 4278/1984/2594
f 4277/1991/2601 4275/1982/2587 4281/1992/2602
f 4284/1986/2596 4289/1993/2603 4286/1990/2600
f 4281/1992/2602 4279/1994/2604 4283/1995/2605
f 4285/1996/2606 4281/1992/2602 4283/1995/2605
f 4309/1997/2607 4311/1998/2608 4316/1999/2609
f 4288/2000/2610 4296/2001/2611 4293/2002/2612
f 4285/1996/2606 4283/1995/2605 4290/2003/2613
f 4307/2004/2614 4310/2005/2615 4314/2006/2616
f 4290/2003/2613 4287/2007/2617 4291/2008/2618
f 4298/2009/2619 4290/2003/2613 4291/2008/2618
f 4316/1999/2609 4320/2010/2620 4318/2011/2621
f 4318/2011/2621 4320/2010/2620 4324/2012/2622
f 4304/2013/2623 4293/2002/2612 4296/2001/2611
f 4300/2014/2624 4298/2009/2619 4291/2008/2618
f 4305/2015/2625 4294/2016/2626 4297/2017/2627
f 4321/2018/2628 4319/2019/2629 4323/2020/2630
f 4301/51/659 4306/51/2631 4299/51/2632
f 4313/2021/2633 4316/1999/2609 4318/2011/2621
f 4306/51/663 4303/51/2634 4295/51/2635
f 4303/51/663 4302/51/2636 4292/51/2637
f 4326/2022/2638 4328/2023/2639 4332/2024/2640
f 4317/2025/2641 4315/2026/2642 4321/2018/2628
f 4330/2027/2643 4332/2024/2640 4335/2028/2644
f 4325/2029/2622 4321/2018/2628 4323/2020/2630
f 4324/2012/2622 4328/2023/2639 4326/2022/2638
f 4325/2029/2622 4323/2020/2630 4329/2030/2645
f 4332/2024/2640 4337/2031/2646 4335/2028/2644
f 4329/2030/2645 4327/2032/2647 4331/2033/2648
f 4333/2034/2649 4329/2030/2645 4331/2033/2648
f 4357/2035/2650 4359/2036/2651 4364/2037/2652
f 4334/2038/2653 4343/2039/2654 4340/2040/2655
f 4333/2034/2649 4331/2033/2648 4338/2041/2656
f 4355/2042/2657 4358/2043/2658 4362/2044/2659
f 4338/2041/2656 4336/2045/2660 4341/2046/2661
f 4347/2047/2662 4338/2041/2656 4341/2046/2661
f 4364/2037/2652 4368/2048/2663 4366/2049/2664
f 4366/2049/2664 4368/2048/2663 4372/2050/2665
f 4352/2051/2666 4340/2040/2655 4343/2039/2654
f 4350/2052/2667 4347/2047/2662 4341/2046/2661
f 4354/2053/2668 4344/2054/2669 4346/2055/2670
f 4369/2056/2671 4367/2057/2672 4371/2058/2673
f 4348/51/659 4353/51/2674 4345/51/2675
f 4361/2059/2676 4364/2037/2652 4366/2049/2664
f 4353/51/663 4351/51/2677 4342/51/2678
f 4351/51/663 4349/51/2679 4339/51/2680
f 4374/2060/2681 4376/2061/2682 4380/2062/2683
f 4365/2063/2652 4363/2064/2676 4369/2056/2671
f 4378/2065/2684 4380/2062/2683 4384/2066/2685
f 4373/2067/2686 4369/2056/2671 4371/2058/2673
f 4372/2050/2665 4376/2061/2682 4374/2060/2681
f 4373/2067/2686 4371/2058/2673 4377/2068/2687
f 4380/2062/2683 4387/2069/2688 4384/2066/2685
f 4377/2068/2687 4375/2070/2689 4379/2071/2690
f 4381/2072/2691 4377/2068/2687 4379/2071/2690
f 4408/2073/2692 4409/2074/2693 4414/2075/2694
f 4382/2076/2695 4393/2077/2696 4390/2078/2697
f 4381/2072/2691 4379/2071/2690 4388/2079/2698
f 4405/2080/2699 4407/2081/2700 4411/2082/2701
f 4388/2079/2698 4385/2083/2702 4391/2084/2703
f 4397/2085/2704 4388/2079/2698 4391/2084/2703
f 4414/2075/2694 4418/2086/2705 4416/2087/2706
f 4416/2087/2706 4418/2086/2705 4422/2088/2707
f 4402/2089/2708 4390/2078/2697 4393/2077/2696
f 4400/2090/2709 4397/2085/2704 4391/2084/2703
f 4404/2091/2710 4394/2092/2711 4396/2093/2712
f 4419/2094/2713 4417/2095/2714 4421/2096/2715
f 4398/51/659 4403/51/2716 4395/51/2717
f 4412/2097/2718 4414/2075/2694 4416/2087/2706
f 4403/51/663 4401/51/2719 4392/51/2720
f 4401/51/659 4399/51/2721 4389/51/2722
f 4424/2098/2723 4426/2099/2724 4430/2100/2725
f 4415/2101/2726 4413/2102/2718 4419/2094/2713
f 4428/2103/2727 4430/2100/2725 4433/2104/2728
f 4423/2105/2729 4419/2094/2713 4421/2096/2715
f 4422/2088/2707 4426/2099/2724 4424/2098/2723
f 4423/2105/2729 4421/2096/2715 4427/2106/2730
f 4430/2100/2725 4435/2107/2731 4433/2104/2728
f 4427/2106/2730 4425/2108/2732 4429/2109/2727
f 4431/2110/2733 4427/2106/2730 4429/2109/2727
f 4456/2111/2734 4457/2112/2735 4463/2113/2736
f 4432/2114/2737 4441/2115/2738 4438/2116/2739
f 4431/2110/2733 4429/2109/2727 4436/2117/2740
f 4453/2118/2741 4455/2119/2742 4459/2120/2743
f 4436/2117/2740 4434/2121/2744 4439/2122/2745
f 4445/2123/2746 4436/2117/2740 4439/2122/2745
f 4461/2124/2747 4469/2125/2748 4465/2126/2749
f 4465/2126/2749 4469/2125/2748 4473/2127/2750
f 4450/2128/2751 4438/2116/2739 4441/2115/2738
f 4448/2129/2752 4445/2123/2746 4439/2122/2745
f 4452/2130/2753 4442/2131/2754 4444/2132/2755
f 4470/2133/2756 4468/2134/2757 4472/2135/2758
f 4446/51/659 4451/51/2759 4443/51/2760
f 4459/2120/2743 4462/2136/2761 4466/2137/2762
f 4451/51/663 4449/51/2763 4440/51/2764
f 4449/51/663 4447/51/2765 4437/51/2766
f 4477/2138/2767 4481/2139/2768 4486/2140/2769
f 4464/2141/2770 4460/2142/2771 4470/2133/2756
f 4483/2143/2772 4487/2144/2773 4491/2145/2774
f 4476/2146/2775 4470/2133/2756 4472/2135/2758
f 4474/2147/2776 4481/2139/2768 4477/2138/2767
f 4476/2146/2775 4472/2135/2758 4482/2148/2777
f 4485/2149/2778 4493/2150/2779 4489/2151/2780
f 4482/2148/2777 4480/2152/2781 4484/2153/2782
f 4488/2154/2783 4482/2148/2777 4484/2153/2782
f 4516/2155/2784 4517/2156/2785 4524/2157/2786
f 4490/2158/2787 4502/2159/2788 4497/2160/2789
f 4488/2154/2783 4484/2153/2782 4495/2161/2790
f 4513/2162/2791 4515/2163/2784 4519/2164/2792
f 4495/2161/2790 4492/2165/2774 4499/2166/2793
f 4505/2167/2794 4494/2168/2795 4498/2169/2796
f 4524/2157/2786 4530/2170/2797 4527/2171/2798
f 4553/2172/2799 4555/2173/2800 4563/2174/2801
f 4510/2175/2802 4497/2160/2789 4502/2159/2788
f 4508/2176/2803 4505/2167/2794 4498/2169/2796
f 4511/2177/2804 4500/2178/2805 4503/2179/2806
f 4532/2180/2807 4528/2181/2808 4535/2182/2809
f 4506/51/659 4512/51/2810 4504/51/2811
f 4520/2183/2812 4524/2157/2786 4527/2171/2798
f 4512/51/663 4509/51/2813 4501/51/2814
f 4509/51/663 4507/51/2815 4496/51/2816
f 4560/2184/2817 4568/2185/2818 4564/2186/2819
f 4525/2187/2786 4521/2188/2820 4531/2189/2807
f 4564/2186/2819 4568/2185/2818 4576/2190/2821
f 4539/2191/2822 4529/2192/2823 4533/2193/2824
f 4549/2194/2825 4551/2195/2826 4556/2196/2827
f 4546/2197/2828 4535/2182/2809 4538/2198/2829
f 4542/2199/2830 4539/2191/2822 4533/2193/2824
f 4548/2200/2831 4537/2201/2832 4541/2202/2822
f 4571/2203/2833 4567/2204/2819 4575/2205/2834
f 4543/51/659 4547/51/2835 4540/51/2822
f 4557/2206/2827 4561/2207/2801 4565/2208/2819
f 4547/51/663 4545/51/2836 4536/51/2832
f 4545/51/663 4544/51/2837 4534/51/2824
f 4607/2209/2838 4610/2210/2839 4616/2211/2840
f 4562/2212/2841 4558/2213/2827 4569/2214/2833
f 4581/2215/2842 4594/2216/2843 4591/2217/2844
f 4579/2218/2845 4570/2219/2833 4574/2220/2846
f 4577/2221/2847 4587/2222/2848 4582/2223/2849
f 4579/2218/2845 4574/2220/2846 4588/2224/2848
f 4605/2225/2850 4608/2226/2851 4612/2227/2852
f 4586/2228/2853 4581/2215/2842 4591/2217/2844
f 4597/2229/2854 4585/2230/2855 4590/2231/2856
f 4618/2232/2857 4626/2233/2858 4621/2234/2859
f 4669/2235/2860 4671/2236/2861 4679/2237/2862
f 4602/2238/2863 4591/2217/2844 4594/2216/2843
f 4600/2239/2864 4597/2229/2854 4590/2231/2856
f 4604/2240/2865 4593/2241/2866 4596/2242/2854
f 4624/2243/2867 4620/2244/2868 4629/2245/2869
f 4598/51/659 4603/51/2870 4595/51/2871
f 4615/2246/2872 4619/2247/2873 4622/2248/2874
f 4603/51/663 4601/51/2863 4592/51/2875
f 4601/51/659 4599/51/2876 4589/51/2844
f 4677/2249/2877 4684/2250/2878 4681/2251/2879
f 4617/2252/2880 4614/2253/2881 4625/2254/2858
f 4681/2251/2879 4684/2250/2878 4692/2255/2882
f 4634/2256/2883 4623/2257/2884 4628/2258/2885
f 4665/2259/2886 4667/2260/2887 4672/2261/2888
f 4640/2262/2889 4629/2245/2869 4631/2263/2890
f 4638/96/2891 4634/2256/2883 4628/2258/2885
f 4642/2264/2892 4632/2265/2893 4635/2266/2894
f 4660/2267/2895 4656/2268/2896 4650/2269/2897
f 4636/51/659 4641/51/2898 4633/51/2899
f 4641/51/663 4639/51/2900 4630/51/2901
f 4639/51/663 4637/51/2902 4627/51/2903
f 4685/2270/2904 4683/2271/2879 4689/2272/2905
f 4664/2273/2906 4654/2274/2907 4657/2275/2908
f 4662/2276/2909 4651/2277/2897 4653/2278/2910
f 4658/51/659 4663/51/2911 4655/51/2908
f 4673/2279/2888 4676/2280/2862 4680/2281/2879
f 4663/51/663 4661/51/2912 4652/51/2910
f 4661/51/663 4659/51/2913 4649/51/2914
f 4719/2282/2915 4721/2283/2916 4727/2284/2917
f 4678/2285/2862 4675/2286/2888 4686/2287/2904
f 4696/2288/2918 4706/2289/2919 4702/2290/2920
f 4694/2291/2921 4687/2292/2922 4691/2293/2923
f 4693/2294/2882 4697/2295/2924 4695/2296/2918
f 4694/2291/2921 4691/2293/2923 4700/2297/2925
f 4717/2298/2926 4720/2299/2915 4723/2300/2927
f 4698/2301/2924 4696/2288/2918 4702/2290/2920
f 4709/2302/2928 4699/2303/2925 4703/2304/2920
f 4726/2305/2929 4735/2306/2930 4731/2307/2931
f 4731/2307/2931 4735/2306/2930 4743/2308/2932
f 4714/2309/2933 4702/2290/2920 4706/2289/2919
f 4712/2310/2934 4709/2302/2928 4703/2304/2920
f 4716/2311/2935 4705/2312/2936 4708/2313/2937
f 4737/2314/2930 4733/2315/2938 4740/2316/2939
f 4710/51/659 4715/51/2935 4707/51/2928
f 4723/2300/2927 4728/2317/2940 4732/2318/2941
f 4715/51/663 4713/51/2942 4704/51/2919
f 4713/51/663 4711/51/2943 4701/51/2944
f 4793/2319/2945 4795/2320/2946 4803/2321/2947
f 4729/2322/2917 4724/2323/2948 4736/2324/2930
f 4748/2325/2949 4756/2326/2950 4753/2327/2951
f 4742/2328/2952 4734/2329/2953 4739/2330/2939
f 4744/2331/2932 4750/2332/2954 4747/2333/2955
f 4742/2328/2952 4739/2330/2939 4749/2334/2956
f 4790/2335/2957 4792/2336/2958 4798/2337/2959
f 4749/2334/2956 4746/2338/2955 4751/2339/2960
f 4757/2340/2961 4749/2334/2956 4751/2339/2960
f 4800/2341/2962 4808/2342/2963 4804/2343/2964
f 4804/2343/2964 4808/2342/2963 4816/2344/2965
f 4764/2345/2966 4753/2327/2951 4756/2326/2950
f 4760/2346/2967 4757/2340/2961 4751/2339/2960
f 4766/2347/2968 4755/2348/2969 4759/2349/2970
f 4784/2350/2971 4780/2351/2972 4774/2352/2973
f 4761/51/659 4765/51/2974 4758/51/2975
f 4765/51/663 4763/51/2976 4754/51/2977
f 4763/51/659 4762/51/2978 4752/51/2951
f 4810/2353/2963 4807/2354/2979 4813/2355/2980
f 4788/2356/2981 4778/2357/2982 4781/2358/2983
f 4786/2359/2984 4775/2360/2985 4777/2361/2982
f 4782/51/659 4787/51/2986 4779/51/2983
f 4797/2362/2987 4802/2363/2988 4805/2364/2989
f 4787/51/663 4785/51/2984 4776/51/2990
f 4785/51/663 4783/51/2971 4773/51/2973
f 4845/2365/2991 4848/2366/2992 4855/2367/2993
f 4801/2368/2947 4796/2369/2994 4809/2370/2963
f 4823/2371/2995 4832/2372/2996 4828/2373/2997
f 4820/2374/2998 4811/2375/2999 4815/2376/2980
f 4817/2377/3000 4825/2378/3001 4821/2379/3002
f 4819/2380/3003 4814/2381/2980 4826/2382/3004
f 4844/2383/3005 4846/2384/3006 4851/2385/3007
f 4826/2382/3004 4824/2386/3008 4829/2387/2997
f 4835/2388/3009 4826/2382/3004 4829/2387/2997
f 4854/2389/3010 4862/2390/3011 4859/2391/3012
f 4908/2392/3013 4910/2393/3014 4916/2394/3015
f 4840/2395/3016 4828/2373/2997 4832/2372/2996
f 4838/2396/3017 4835/2388/3009 4829/2387/2997
f 4841/2397/3018 4830/2398/3019 4833/2399/3020
f 4865/2400/3011 4861/2401/3021 4869/2402/3022
f 4836/51/659 4842/51/3023 4834/51/3024
f 4852/2403/3007 4857/2404/2993 4860/2405/3012
f 4842/51/663 4839/51/3025 4831/51/2996
f 4839/51/663 4837/51/3026 4827/51/2997
f 4918/2406/3027 4924/2407/3028 4922/2408/3029
f 4856/2409/3030 4850/2410/3007 4864/2411/3031
f 4922/2408/3029 4924/2407/3028 4929/2412/3032
f 4875/2413/3033 4863/2414/3034 4868/2415/3035
f 4906/2416/3036 4909/2417/3037 4914/2418/3038
f 4880/2419/3039 4867/2420/3040 4871/2421/3041
f 4878/2422/3042 4875/2413/3033 4868/2415/3035
f 4882/2423/3043 4872/2424/3044 4874/2425/3045
f 4900/2426/3046 4897/2427/3047 4891/2428/3048
f 4876/51/659 4881/51/3049 4873/51/3050
f 4881/51/663 4879/51/3051 4870/51/3052
f 4879/51/663 4877/51/3053 4866/51/3022
f 4923/2429/3054 4921/2430/3055 4926/2431/3056
f 4904/2432/3057 4893/2433/3058 4896/2434/3059
f 4902/2435/3060 4890/2436/3061 4894/2437/3062
f 4898/51/659 4903/51/3063 4895/51/3064
f 4912/2438/3065 4915/2439/3066 4919/2440/3055
f 4903/51/663 4901/51/3060 4892/51/3067
f 4901/51/663 4899/51/3046 4889/51/3068
f 5000/2441/3069 5002/2442/3070 5008/2443/3071
f 4917/2444/3027 4913/2445/3038 4923/2429/3054
f 4932/2446/3072 4941/2447/3073 4938/2448/3074
f 4928/2449/3075 4923/2429/3054 4926/2431/3056
f 4930/2450/3032 4936/2451/3076 4934/2452/3072
f 4928/2449/3075 4926/2431/3056 4935/2453/3077
f 4998/2454/3078 4999/2455/3079 5004/2456/3080
f 4935/2453/3077 4933/2457/3081 4939/2458/3074
f 4944/2459/3082 4935/2453/3077 4939/2458/3074
f 5008/2443/3071 5012/2460/3083 5009/2461/3084
f 5034/2462/3085 5037/2463/3086 5042/2464/3087
f 4950/2465/3088 4938/2448/3074 4941/2447/3073
f 4948/2466/3089 4944/2459/3082 4939/2458/3074
f 4952/2467/3090 4942/2468/3091 4945/2469/3092
f 4970/2470/3093 4967/2471/3094 4960/2472/3095
f 4946/51/659 4951/51/3090 4943/51/3082
f 4951/51/663 4949/51/3096 4940/51/3097
f 4949/51/659 4947/51/3098 4937/51/3099
f 4992/2473/3100 4988/2474/3101 4982/2475/3102
f 4974/2476/3103 4963/2477/3104 4966/2478/3105
f 4972/2479/3106 4961/2480/3107 4964/2481/3108
f 4968/51/659 4973/51/3109 4965/51/3105
f 4973/51/663 4971/51/3106 4962/51/3108
f 4971/51/663 4969/51/3110 4959/51/3107
f 5013/2482/3111 5010/2483/3112 5016/2484/3113
f 4996/2485/3114 4986/2486/3115 4989/2487/3101
f 4994/2488/3116 4983/2489/3117 4985/2490/3118
f 4990/51/659 4995/51/3119 4987/51/3101
f 5005/2491/3120 5008/2443/3071 5009/2461/3084
f 4995/51/663 4993/51/3121 4984/51/3115
f 4993/51/663 4991/51/3122 4981/51/3123
f 5043/2492/3124 5050/2493/3125 5047/2494/3126
f 5007/2495/3071 5003/2496/3127 5011/2497/3128
f 5047/2494/3126 5050/2493/3125 5055/2498/3129
f 5023/2499/3130 5014/2500/3131 5017/2501/3132
f 5031/2502/3133 5033/2503/3134 5038/2504/3135
f 5028/2505/3136 5016/2484/3113 5020/2506/3137
f 5026/2507/3138 5023/2499/3130 5017/2501/3132
f 5030/2508/3139 5019/2509/3140 5022/2510/3141
f 5049/2511/3142 5046/2512/3126 5052/2513/3143
f 5024/51/659 5029/51/3144 5021/51/3145
f 5040/2514/3135 5044/2515/3087 5048/2516/3146
f 5029/51/663 5027/51/3147 5018/51/3148
f 5027/51/663 5025/51/3149 5015/51/3113
f 5147/2517/3150 5149/2518/3151 5156/2519/3152
f 5041/2520/3153 5039/2521/3135 5049/2511/3142
f 5057/2522/3154 5066/2523/3155 5062/2524/3156
f 5054/2525/3157 5049/2511/3142 5052/2513/3143
f 5053/2526/3158 5059/2527/3159 5056/2528/3160
f 5054/2525/3157 5052/2513/3143 5060/2529/3161
f 5143/2530/3162 5145/2531/3163 5150/2532/3164
f 5060/2529/3161 5058/2533/3165 5063/2534/3166
f 5069/2535/3167 5060/2529/3161 5063/2534/3166
f 5153/2536/3168 5161/2537/3169 5158/2538/3170
f 5204/2539/3171 5205/2540/3172 5211/2541/3173
f 5074/2542/3174 5062/2524/3156 5066/2523/3155
f 5072/2543/3175 5069/2535/3167 5063/2534/3166
f 5076/2544/3176 5065/2545/3177 5068/2546/3178
f 5092/2547/3179 5089/2548/3180 5083/2549/3181
f 5070/51/659 5075/51/3182 5067/51/3183
f 5075/51/663 5073/51/3174 5064/51/3155
f 5073/51/663 5071/51/3184 5061/51/3185
f 5116/2550/3186 5113/2551/3187 5106/2552/3188
f 5098/2553/3189 5088/2554/3190 5091/2555/3191
f 5096/2556/3192 5085/2557/3193 5087/2558/3194
f 5093/51/659 5097/51/3189 5090/51/3195
f 5097/51/663 5095/51/3196 5086/51/3197
f 5095/51/663 5094/51/3198 5084/51/3199
f 5138/2559/3200 5134/2560/3201 5129/2561/3202
f 5119/2562/3203 5108/2563/3204 5111/2564/3205
f 5118/2565/3206 5107/2566/3207 5110/2567/3208
f 5114/51/659 5120/51/3209 5112/51/3210
f 5120/51/663 5117/51/3206 5109/51/3211
f 5117/51/663 5115/51/3212 5105/51/3213
f 5162/2568/3214 5159/2569/3215 5165/2570/3216
f 5142/2571/3217 5132/2572/3218 5135/2573/3219
f 5140/2574/3220 5128/2575/3221 5131/2576/3222
f 5136/51/659 5141/51/3223 5133/51/3224
f 5152/2577/3225 5155/2578/3226 5160/2579/3227
f 5141/51/663 5139/51/3220 5130/51/3228
f 5139/51/663 5137/51/3229 5127/51/3202
f 5211/2541/3173 5216/2580/3230 5213/2581/3231
f 5154/2582/3232 5151/2583/3225 5162/2568/3214
f 5213/2581/3231 5216/2580/3230 5223/2584/3233
f 5171/2585/3234 5162/2568/3214 5165/2570/3216
f 5201/2586/3235 5203/2587/3236 5207/2588/3237
f 5176/2589/3238 5164/2590/3239 5167/2591/3240
f 5174/2592/3241 5171/2585/3234 5165/2570/3216
f 5178/2593/3242 5168/2594/3240 5170/2595/3243
f 5196/2596/3244 5193/2597/3245 5187/2598/3246
f 5172/51/659 5177/51/3247 5169/51/3243
f 5177/51/663 5175/51/3248 5166/51/3249
f 5175/51/663 5173/51/3250 5163/51/3251
f 5218/2599/3252 5214/2600/3253 5221/2601/3254
f 5200/2602/3255 5189/2603/3256 5192/2604/3257
f 5198/2605/3258 5186/2606/3259 5190/2607/3260
f 5194/51/659 5199/51/3261 5191/51/3262
f 5208/2608/3263 5211/2541/3173 5213/2581/3231
f 5199/51/663 5197/51/3264 5188/51/3265
f 5197/51/663 5195/51/3266 5185/51/3246
f 5269/2609/3267 5271/2610/3268 5276/2611/3269
f 5212/2612/3270 5209/2613/3271 5217/2614/3252
f 5224/182/3272 5233/2615/3273 5230/2616/3274
f 5222/2617/3275 5215/2618/3276 5219/2619/3277
f 5223/2584/3233 5228/2620/3278 5226/2621/3272
f 5222/2617/3275 5219/2619/3277 5227/2622/3278
f 5268/2623/3279 5270/2624/3280 5275/2625/3281
f 5227/2622/3278 5225/2626/3282 5231/2627/3283
f 5236/2628/3284 5227/2622/3278 5231/2627/3283
f 5276/2611/3269 5280/2629/3285 5278/2630/3286
f 5278/2630/3286 5280/2629/3285 5284/2631/3287
f 5242/2632/3288 5230/2616/3274 5233/2615/3273
f 5240/2633/3289 5236/2628/3284 5231/2627/3283
f 5244/2634/3290 5234/2635/3291 5237/2636/3292
f 5262/2637/3293 5259/2638/3294 5252/2639/3295
f 5238/51/659 5243/51/3296 5235/51/3284
f 5243/51/663 5241/51/3288 5232/51/3297
f 5241/51/663 5239/51/3298 5229/51/3274
f 5281/2640/3285 5279/2641/3299 5283/2642/3300
f 5266/2643/3301 5255/2644/3302 5258/2645/3303
f 5264/2646/3304 5253/2647/3305 5256/2648/3306
f 5260/51/659 5265/51/3307 5257/51/3308
f 5273/2649/3281 5276/2611/3269 5278/2630/3286
f 5265/51/663 5263/51/3309 5254/51/3310
f 5263/51/663 5261/51/3311 5251/51/3312
f 5398/2650/3313 5400/2651/3314 5405/2652/3315
f 5277/2653/3269 5274/2654/3316 5281/2640/3285
f 5288/2655/3317 5296/2656/3318 5293/2657/3319
f 5285/2658/3320 5281/2640/3285 5283/2642/3300
f 5284/2631/3287 5289/2659/3321 5286/2660/3322
f 5285/2658/3320 5283/2642/3300 5290/2661/3323
f 5395/2662/3324 5397/2663/3325 5401/2664/3326
f 5290/2661/3323 5287/2665/3327 5292/2666/3328
f 5299/2667/3329 5290/2661/3323 5292/2666/3328
f 5405/2652/3315 5409/2668/3330 5407/2669/3331
f 5407/2669/3331 5409/2668/3330 5413/2670/3332
f 5304/2671/3333 5293/2657/3319 5296/2656/3318
f 5302/2672/3334 5299/2667/3329 5292/2666/3328
f 5306/2673/3335 5295/2674/3336 5298/2675/3337
f 5322/2676/3338 5319/2677/3339 5313/2678/3340
f 5300/51/659 5305/51/3335 5297/51/3341
f 5305/51/663 5303/51/3342 5294/51/3343
f 5303/51/663 5301/51/3344 5291/51/3345
f 5346/2679/3346 5342/2680/3347 5336/2681/3348
f 5328/2682/3349 5318/2683/3350 5321/2684/3351
f 5326/2685/3352 5315/2686/3353 5317/2687/3354
f 5323/51/659 5327/51/3355 5320/51/3356
f 5327/51/663 5325/51/3357 5316/51/3358
f 5325/51/663 5324/51/3359 5314/51/3360
f 5368/2688/3361 5365/2689/3362 5359/2690/3363
f 5350/2691/3364 5340/2692/3365 5343/2693/3366
f 5348/2694/3367 5337/2695/3368 5339/2696/3369
f 5344/51/659 5349/51/3370 5341/51/3371
f 5349/51/663 5347/51/3372 5338/51/3373
f 5347/51/663 5345/51/3374 5335/51/3368
f 5390/2697/3375 5386/2698/3376 5380/2699/3377
f 5372/2700/3378 5362/2701/3379 5364/2702/3380
f 5369/2703/3381 5357/2704/3382 5360/2705/3383
f 5366/51/659 5371/51/3384 5363/51/3385
f 5371/51/663 5370/51/3381 5361/51/3383
f 5370/51/663 5367/51/3361 5358/51/3386
f 5408/2706/3387 5406/2707/3388 5410/2708/3389
f 5394/2709/3390 5384/2710/3391 5387/2711/3392
f 5392/2712/3393 5381/2713/3394 5383/2714/3395
f 5388/51/659 5393/51/3396 5385/51/3397
f 5403/2715/3398 5405/2652/3315 5407/2669/3331
f 5393/51/663 5391/51/3399 5382/51/3400
f 5391/51/663 5389/51/3401 5379/51/3402
f 5459/2716/3403 5462/2717/3404 5468/2718/3405
f 5404/2719/3406 5402/2720/3407 5408/2706/3387
f 5415/2721/3408 5423/2722/3409 5421/2723/3410
f 5412/2724/3411 5408/2706/3387 5410/2708/3389
f 5413/2670/3332 5418/2725/3412 5416/2726/3408
f 5412/2724/3411 5410/2708/3389 5417/2727/3413
f 5458/2728/3414 5460/2729/3415 5466/2730/3416
f 5417/2727/3413 5414/2731/3417 5420/2732/3418
f 5426/2733/3419 5417/2727/3413 5420/2732/3418
f 5468/2718/3405 5472/2734/3420 5469/2735/3421
f 5515/2736/3422 5517/2737/3423 5522/2738/3424
f 5432/2739/3425 5421/2723/3410 5423/2722/3409
f 5430/2740/3426 5426/2733/3419 5420/2732/3418
f 5434/2741/3427 5424/2742/3428 5427/2743/3429
f 5452/2744/3430 5449/2745/3431 5442/2746/3432
f 5428/51/659 5433/51/3433 5425/51/3434
f 5433/51/663 5431/51/3435 5422/51/3409
f 5431/51/663 5429/51/3436 5419/51/3437
f 5474/2747/3420 5470/2748/3438 5477/2749/3439
f 5456/2750/3440 5445/2751/3441 5448/2752/3442
f 5454/2753/3443 5443/2754/3444 5446/2755/3445
f 5450/51/659 5455/51/3446 5447/51/3447
f 5464/2756/3448 5468/2718/3405 5469/2735/3421
f 5455/51/663 5453/51/3449 5444/51/3450
f 5453/51/659 5451/51/3451 5441/51/3452
f 5522/2738/3424 5526/2757/3453 5524/2758/3454
f 5467/2759/3455 5463/2760/3456 5471/2761/3457
f 5524/2758/3454 5526/2757/3453 5530/2762/3458
f 5483/2763/3459 5473/2764/3460 5476/2765/3461
f 5513/2766/3462 5516/2767/3463 5520/2768/3464
f 5488/2769/3465 5477/2749/3439 5480/2770/3466
f 5486/2771/3467 5483/2763/3459 5476/2765/3461
f 5489/2772/3468 5478/2773/3469 5481/2774/3470
f 5508/2775/3471 5504/2776/3472 5498/2777/3473
f 5484/51/659 5490/51/3474 5482/51/3475
f 5490/51/663 5487/51/3476 5479/51/3477
f 5487/51/663 5485/51/3478 5475/51/3479
f 5527/2778/3480 5525/2779/3454 5529/2780/3481
f 5512/2781/3482 5501/2782/3483 5505/2783/3484
f 5510/2784/3485 5499/2785/3486 5502/2786/3487
f 5506/51/659 5511/51/3488 5503/51/3489
f 5519/2787/3490 5522/2738/3424 5524/2758/3454
f 5511/51/663 5509/51/3491 5500/51/3492
f 5509/51/663 5507/51/3493 5497/51/3494
f 5577/2788/3495 5579/2789/3496 5585/2790/3497
f 5523/2791/3498 5521/2792/3464 5527/2778/3480
f 5533/2793/3499 5542/2794/3500 5538/2795/3501
f 5531/2796/3502 5527/2778/3480 5529/2780/3481
f 5530/2762/3458 5535/2797/3503 5532/2798/3504
f 5531/2796/3502 5529/2780/3481 5536/2799/3503
f 5575/2800/3505 5578/2801/3506 5582/2802/3507
f 5536/2799/3503 5534/2803/3499 5539/2804/3508
f 5545/2805/3509 5536/2799/3503 5539/2804/3508
f 5585/2790/3497 5589/2806/3510 5587/2807/3511
f 5896/2808/3512 5904/2809/3513 5901/2810/3514
f 5612/2811/3515 5613/2812/3516 5619/2813/3517
f 5550/2814/3518 5538/2795/3501 5542/2794/3500
f 5548/2815/3519 5545/2805/3509 5539/2804/3508
f 5551/2816/3520 5540/2817/3521 5543/2818/3522
f 5841/2819/3523 5850/2820/3524 5847/2821/3525
f 5570/2822/3526 5566/2823/3527 5560/2824/3528
f 5546/51/659 5552/51/3529 5544/51/3530
f 5552/51/663 5549/51/3531 5541/51/3532
f 5549/51/663 5547/51/3533 5537/51/3534
f 5592/2825/3535 5588/2826/3511 5595/2827/3536
f 5764/2828/3537 5766/2829/3538 5769/2830/3539
f 5574/2831/3540 5563/2832/3541 5567/2833/3542
f 5572/2834/3543 5561/2835/3544 5564/2836/3545
f 5568/51/659 5573/51/3546 5565/51/3547
f 5581/2837/3507 5585/2790/3497 5587/2807/3511
f 5573/51/663 5571/51/3543 5562/51/3548
f 5571/51/663 5569/51/3549 5559/51/3550
f 5627/2838/3551 5631/2839/3552 5633/2840/3553
f 5619/2813/3517 5623/2841/3554 5621/2842/3555
f 5586/2843/3497 5583/2844/3507 5591/2845/3556
f 5621/2842/3555 5623/2841/3554 5631/2839/3552
f 5600/2846/3557 5590/2847/3558 5593/2848/3559
f 5609/2849/3560 5611/2850/3561 5615/2851/3562
f 5606/2852/3563 5595/2827/3536 5598/2853/3564
f 5730/2854/3565 5736/2855/3566 5734/2856/3567
f 5804/2857/3568 5806/2858/3569 5808/2859/3570
f 5588/2826/3511 5598/2853/3564 5595/2827/3536
f 5602/2860/3571 5600/2846/3557 5593/2848/3559
f 5607/2861/3572 5596/2862/3573 5599/2863/3574
f 5470/2748/3438 5480/2770/3466 5477/2749/3439
f 5695/2864/3575 5697/2865/3576 5700/2866/3577
f 5626/2867/3578 5622/2868/3579 5630/2869/3580
f 5603/51/659 5608/51/3581 5601/51/3582
f 5616/2870/3583 5619/2813/3517 5621/2842/3555
f 5608/51/663 5605/51/3584 5597/51/3585
f 5605/51/663 5604/51/3586 5594/51/3587
f 5220/2871/3277 5223/2584/3233 5226/2621/3272
f 5679/2872/3588 5681/2873/3589 5687/2874/3590
f 5620/2875/3591 5617/2876/3592 5624/2877/3593
f 5634/2878/3594 5644/2879/3595 5641/2880/3596
f 5632/2881/3597 5625/2882/3598 5629/2883/3599
f 5631/2839/3552 5636/2884/3600 5633/2840/3553
f 5632/2881/3597 5629/2883/3599 5638/2885/3601
f 5677/2886/3602 5680/2887/3603 5685/2888/3604
f 5411/2889/3605 5413/2670/3332 5416/2726/3408
f 5528/2890/3481 5530/2762/3458 5532/2798/3504
f 5010/2483/3112 5020/2506/3137 5016/2484/3113
f 5637/2891/3606 5634/2878/3594 5641/2880/3596
f 5645/2892/3607 5635/2893/3608 5639/2894/3609
f 5687/2874/3590 5692/2895/3610 5690/2896/3611
f 5157/2897/3227 5167/2591/3240 5164/2590/3239
f 5282/2898/3612 5284/2631/3287 5286/2660/3322
f 4812/2899/3613 4818/2900/2965 4822/2901/3614
f 5690/2896/3611 5692/2895/3610 5697/2865/3576
f 5652/2902/3615 5641/2880/3596 5644/2879/3595
f 4925/2903/3056 4927/2904/3075 4931/2905/3616
f 5051/2906/3143 5053/2526/3158 5056/2528/3160
f 5648/2907/3617 5645/2892/3607 5639/2894/3609
f 5654/2908/3618 5643/2909/3619 5647/2910/3620
f 4738/2911/2939 4741/2912/3621 4745/2913/3622
f 4858/2914/3623 4871/2421/3041 4867/2420/3040
f 5670/2915/3624 5667/2916/3625 5661/2917/3626
f 5649/51/659 5653/51/3627 5646/51/3620
f 5653/51/663 5651/51/3628 5642/51/3629
f 5651/51/663 5650/51/3630 5640/51/3631
f 5691/2918/3610 5689/2919/3611 5694/2920/3632
f 4620/2244/2868 4631/2263/2890 4629/2245/2869
f 5676/2921/3633 5666/2922/3634 5669/2923/3635
f 5673/2924/3636 5662/2925/3637 5664/2926/3638
f 5671/51/659 5675/51/3639 5668/51/3640
f 5684/2927/3641 5687/2874/3590 5690/2896/3611
f 5675/51/663 5674/51/3636 5665/51/3642
f 5674/51/663 5672/51/3643 5663/51/3644
f 4471/2928/3645 4475/2929/2750 4479/2930/3646
f 5723/2931/3647 5725/2932/3648 5729/2933/3649
f 5688/2934/3650 5686/2935/3651 5693/2936/3652
f 5698/2937/3653 5707/2938/3654 5705/2939/3655
f 5696/2940/3656 5691/2918/3610 5694/2920/3632
f 5697/2865/3576 5703/2941/3657 5700/2866/3577
f 5696/2940/3656 5694/2920/3632 5701/2942/3658
f 5721/2943/3659 5722/2944/3647 5726/2945/3660
f 4573/2946/3661 4578/2947/2845 4583/2948/2842
f 4688/2949/2905 4693/2294/2882 4695/2296/2918
f 4322/2950/3662 4324/2012/2622 4326/2022/2638
f 5701/2942/3658 5698/2937/3653 5705/2939/3655
f 5711/2951/3663 5701/2942/3658 5705/2939/3655
f 5729/2933/3649 5733/2952/3664 5731/2953/3665
f 4420/2954/3666 4422/2088/2707 4424/2098/2723
f 4528/2181/2808 4538/2198/2829 4535/2182/2809
f 4169/2955/3667 4171/1891/2486 4173/1901/2502
f 5752/2956/3668 5753/2957/3669 5758/2958/3670
f 5718/2959/3671 5705/2939/3655 5707/2938/3654
f 4274/2960/3672 4276/1974/2579 4278/1984/2594
f 4370/2961/3673 4372/2050/2665 4374/2060/2681
f 4120/2962/3674 4122/1853/2445 4124/1863/2460
f 5716/2959/3675 5711/2951/3663 5705/2939/3655
f 5720/2963/3676 5708/2964/3677 5712/2965/3678
f 4021/2966/3679 4023/1774/2356 4025/1784/2372
f 4221/2967/3680 4224/1929/2530 4225/1939/2545
f 5732/2968/3681 5730/2854/3565 5734/2856/3567
f 5714/51/659 5719/51/3682 5710/51/3683
f 5727/2969/3684 5729/2933/3649 5731/2953/3665
f 5719/51/663 5717/51/3685 5706/51/3686
f 5717/51/663 5715/51/3687 5704/51/3688
f 3872/2970/3689 3874/1661/2227 3876/1671/2243
f 5758/2958/3670 5762/2971/3690 5760/2972/3691
f 5728/2973/3692 5726/2945/3660 5732/2968/3681
f 5760/2972/3691 5762/2971/3690 5766/2829/3538
f 5739/2974/3693 5732/2968/3681 5734/2856/3567
f 5749/2975/3694 5751/2976/3695 5755/2977/3696
f 5745/2978/3697 5734/2856/3567 5736/2855/3566
f 3970/2979/3698 3972/1736/2313 3974/1746/2329
f 4070/2980/3699 4072/1813/2399 4074/1823/2415
f 3819/2981/3700 3822/1618/2178 3824/1628/2194
f 5742/2978/3701 5739/2974/3693 5734/2856/3567
f 5748/2982/3702 5738/2983/3703 5741/2984/3704
f 3722/2985/3705 3724/1542/2094 3726/1552/2110
f 3921/2986/3706 3923/1698/2269 3925/1708/2285
f 5763/2987/3690 5761/2988/3707 5765/2989/3708
f 5743/51/659 5747/51/3709 5740/51/3710
f 5756/2990/3711 5758/2958/3670 5760/2972/3691
f 5747/51/663 5746/51/3697 5737/51/3566
f 5746/51/663 5744/51/3712 5735/51/3713
f 3561/2991/3714 3565/1414/1963 3567/1424/1976
f 5791/2992/3715 5793/2993/3716 5798/2994/3717
f 5759/2995/3670 5757/2996/3696 5763/2987/3690
f 5768/2997/3718 5776/2998/3719 5773/2999/3720
f 5767/3000/3721 5763/2987/3690 5765/2989/3708
f 5766/2829/3538 5771/3001/3722 5769/2830/3539
f 5767/3000/3721 5765/2989/3708 5772/3002/3723
f 5790/3003/3724 5792/3004/3725 5797/3005/3726
f 3674/3006/3727 3676/1504/2054 3678/1514/2068
f 3771/3007/3728 3773/1580/2137 3775/1590/2151
f 3410/3008/3729 3412/1297/1835 3414/1318/1860
f 5772/3002/3723 5770/3009/3730 5775/3010/3731
f 5781/3011/3732 5772/3002/3723 5775/3010/3731
f 5798/2994/3717 5802/3012/3733 5800/3013/3734
f 3511/3014/3735 3513/1377/1923 3515/1387/1937
f 3621/3015/2032 3623/1459/2009 3626/1469/2022
f 3251/3016/3736 3253/1173/1709 3255/1183/1723
f 5800/3013/3734 5802/3012/3733 5806/2858/3569
f 5785/3017/3737 5773/2999/3720 5776/2998/3719
f 3352/3018/3738 3356/3019/3739 3360/3020/1818
f 3463/3021/3740 3465/1339/1881 3467/1349/1897
f 3196/3022/3741 3199/1127/1661 3201/1137/1675
f 5784/3023/3742 5781/3011/3732 5775/3010/3731
f 5788/3024/3743 5778/3025/3744 5780/3026/3745
f 3078/3027/3746 3081/3028/3747 3084/3029/1599
f 3301/3030/3748 3303/1211/1749 3305/1221/1765
f 5803/3031/3749 5801/3032/3750 5805/3033/3751
f 5782/51/659 5787/51/3752 5779/51/3753
f 5795/3034/3754 5798/2994/3717 5800/3013/3734
f 5787/51/663 5786/51/3755 5777/51/3756
f 5786/51/663 5783/51/3757 5774/51/3758
f 2904/3035/3759 2907/904/1448 2909/914/1459
f 5832/3036/3760 5834/3037/3761 5840/3038/3762
f 5799/3039/3763 5796/3040/3754 5803/3031/3749
f 5809/3041/3764 5818/3042/3765 5814/3043/3766
f 5807/3044/3569 5803/3031/3749 5805/3033/3751
f 5806/2858/3569 5811/3045/3767 5808/2859/3570
f 5807/3044/3569 5805/3033/3751 5812/3046/3768
f 5830/3047/3769 5831/3048/3770 5837/3049/3771
f 3021/3050/1541 3023/993/1533 3025/1003/1548
f 3137/3051/1622 3141/1082/1616 3143/1094/1631
f 2731/3052/3772 2733/770/1318 2736/780/1333
f 5812/3046/3768 5810/3053/3570 5815/3054/3773
f 5821/3055/3774 5812/3046/3768 5815/3054/3773
f 5840/3038/3762 5846/3056/3775 5842/3057/3776
f 2845/3058/1414 2849/859/1408 2851/869/1421
f 2962/3059/1496 2965/3060/3777 2968/3061/1504
f 2535/3062/3778 2539/622/1181 2541/632/1195
f 5888/3063/3779 5890/3064/3780 5895/3065/3781
f 5826/3066/3782 5814/3043/3766 5818/3042/3765
f 2670/3067/3783 2674/3068/3784 2679/3069/1305
f 2786/3070/3785 2790/3071/3786 2794/3072/3787
f 2478/3073/1149 2480/3074/1142 2484/3075/3788
f 5824/3076/3789 5821/3055/3774 5815/3054/3773
f 5827/3077/3790 5816/3078/3791 5819/3079/3792
f 2348/3080/3793 2351/477/1048 2354/502/1071
f 2599/3081/3794 2602/3082/1248 2605/3083/3795
f 5843/3084/3796 5841/2819/3523 5847/2821/3525
f 5822/51/659 5828/51/3797 5820/51/3798
f 5838/3085/3799 5840/3038/3762 5842/3057/3776
f 5828/51/663 5825/51/3800 5817/51/3801
f 5825/51/663 5823/51/3802 5813/51/3803
f 2159/3086/930 2163/3087/946 2167/3088/937
f 5895/3065/3781 5900/3089/3804 5898/3090/3805
f 5839/3091/3806 5836/3092/3807 5845/3093/3796
f 5854/3094/3808 5844/3095/3809 5849/3096/3810
f 5885/3097/3811 5887/3098/3812 5891/3099/3813
f 5859/3100/3814 5847/2821/3525 5850/2820/3524
f 2284/3101/1014 2287/3102/3815 2290/3103/3816
f 2414/3104/1102 2419/3105/1118 2423/3106/1109
f 5858/3107/3817 5854/3094/3808 5849/3096/3810
f 5862/3108/3818 5852/3109/3819 5855/3110/3820
f 2095/292/883 2097/3111/896 2101/312/902
f 2224/3112/3821 2227/384/965 2229/394/976
f 5880/3113/3822 5876/3114/3823 5871/3115/3824
f 5856/51/659 5861/51/3825 5853/51/3826
f 5861/51/663 5860/51/3827 5851/51/3828
f 5860/51/663 5857/51/3829 5848/51/3830
f 5899/3116/3831 5897/3117/3832 5903/3118/3833
f 1978/3119/3834 1980/3120/3835 1984/3121/3836
f 5884/3122/3837 5874/3123/3838 5877/3124/3839
f 5882/3125/3840 5870/3126/3841 5873/3127/3842
f 5878/51/659 5883/51/3843 5875/51/3844
f 5892/3128/3845 5895/3065/3781 5898/3090/3805
f 5883/51/663 5881/51/3840 5872/51/3846
f 5881/51/659 5879/51/3847 5869/51/3841
f 1788/3129/3848 1792/3130/650 1795/3131/667
f 5894/3132/3849 5893/3133/3850 5899/3116/3831
f 5908/3134/3851 5899/3116/3831 5903/3118/3833
f 5913/3135/3852 5901/2810/3514 5904/2809/3513
f 1920/3136/3853 1924/146/747 1925/157/761
f 2037/3137/853 2041/238/832 2043/248/846
f 1726/3138/3854 1729/16/629 1731/5/618
f 5912/3139/3855 5908/3134/3851 5903/3118/3833
f 5916/3140/3856 5906/3141/3857 5909/3142/3858
f 1710/3143/3859 1712/3144/3860 1718/3145/3861
f 1856/3146/3862 1860/95/701 1863/120/722
f 5934/3147/3863 5931/3148/3864 5925/3149/3865
f 5910/51/659 5915/51/3866 5907/51/3867
f 5915/51/663 5914/51/3868 5905/51/3869
f 5914/51/663 5911/51/3870 5902/51/3514
f 1718/3145/3861 1723/3150/3871 1720/3151/3872
f 1720/3151/3872 1723/3150/3871 1729/16/629
f 1708/3152/3873 1709/3153/3859 1715/3154/622
f 5938/3155/3874 5928/3156/3875 5930/3157/3876
f 5936/2963/3877 5924/3158/3878 5927/3159/3879
f 5932/51/659 5937/51/3880 5929/51/3881
f 5937/51/663 5935/51/3882 5926/51/3883
f 5935/51/659 5933/51/3884 5923/51/3885
f 1722/3160/627 1719/3161/3872 1725/3162/628
f 1716/3163/3886 1718/3145/3861 1720/3151/3872
f 5952/3164/3887 5946/3165/3888 5939/3166/3889
f 5957/3167/3890 5953/3164/3887 5949/3168/3891
f 5943/3169/3892 5958/3170/3893 5951/3171/3894
f 5961/3172/3895 5965/3173/3896 5956/3174/3887
f 5964/3175/3897 5959/3176/3898 5945/3177/3899
f 5962/3178/3900 5968/3179/3901 5966/3180/3896
f 1713/9/622 1717/8/621 1711/3181/3860
f 1713/9/622 1711/3181/3860 1707/3182/3902
f 1757/47/655 1753/46/654 1743/12/625
f 1757/47/655 1743/12/625 1746/18/630
f 1737/11/624 1731/5/618 1741/7/620
f 1734/19/619 1727/3183/628 1732/20/618
f 1748/35/641 1740/3184/634 1744/28/638
f 1772/58/671 1776/57/670 1770/3185/3903
f 1772/58/671 1770/3185/3903 1765/3186/642
f 1783/48/656 1771/3187/671 1779/49/657
f 1773/34/643 1768/33/635 1777/52/662
f 1822/100/706 1820/99/705 1811/70/680
f 1822/100/706 1811/70/680 1813/69/679
f 1802/60/673 1794/3188/667 1805/61/669
f 1800/71/681 1789/3189/677 1796/72/667
f 1814/83/690 1803/76/682 1812/87/680
f 1838/111/693 1842/110/711 1836/3190/3904
f 1838/111/693 1836/3190/3904 1831/3191/3905
f 1854/101/707 1841/3192/3906 1849/102/699
f 1839/104/693 1834/3193/3907 1845/105/711
f 1887/150/751 1877/115/720 1879/122/724
f 1887/150/751 1879/122/724 1890/151/752
f 1870/113/719 1862/3194/726 1875/114/717
f 1869/123/725 1858/3195/3908 1864/124/726
f 1882/139/740 1873/3196/3909 1878/132/733
f 1906/161/764 1911/160/732 1904/3197/3910
f 1906/161/764 1904/3197/3910 1900/3198/737
f 1918/152/745 1907/3199/3911 1914/153/753
f 1905/138/739 1902/137/738 1910/155/732
f 1948/198/795 1940/164/767 1942/169/771
f 1948/198/795 1942/169/771 1951/199/796
f 1932/163/766 1925/157/761 1936/159/763
f 1930/170/772 1922/3200/3912 1926/171/761
f 1941/184/783 1931/183/782 1939/188/767
f 1966/209/785 1969/208/801 1964/3201/3913
f 1966/209/785 1964/3201/3913 1960/3202/784
f 1975/200/797 1966/209/785 1972/201/790
f 1965/187/785 1962/186/775 1967/203/801
f 2005/242/836 1996/218/815 2000/217/814
f 2005/242/836 2000/217/814 2009/243/837
f 1990/210/810 1986/3203/3914 1994/211/809
f 1987/215/813 1977/202/798 1983/219/807
f 1999/228/823 1989/220/816 1995/232/827
f 2026/252/843 2030/251/819 2023/3204/3915
f 2026/252/843 2023/3204/3915 2018/3205/824
f 2035/244/838 2027/3206/3916 2032/245/839
f 2025/247/843 2020/3207/825 2028/235/819
f 2067/289/880 2064/288/879 2055/255/851
f 2067/289/880 2055/255/851 2057/260/855
f 2049/254/850 2043/248/846 2053/250/848
f 2048/261/847 2040/3208/3917 2044/262/846
f 2060/277/855 2052/3209/3918 2056/270/862
f 2083/298/889 2085/297/861 2081/3210/3919
f 2083/298/889 2081/3210/3919 2077/3211/866
f 2092/290/881 2084/276/868 2089/291/882
f 2084/276/868 2080/275/867 2087/293/861
f 2124/338/926 2116/310/900 2118/309/899
f 2124/338/926 2118/309/899 2127/339/927
f 2107/300/891 2101/312/902 2109/301/892
f 2103/311/901 2095/292/883 2101/312/902
f 2117/322/911 2108/315/905 2115/326/914
f 2142/349/941 2145/348/940 2139/3212/907
f 2142/349/941 2139/3212/907 2136/3213/912
f 2155/340/928 2143/3214/3920 2150/341/929
f 2141/325/913 2137/324/906 2144/343/908
f 2195/389/970 2192/388/969 2181/353/944
f 2195/389/970 2181/353/944 2184/359/947
f 2174/351/943 2166/3215/3921 2178/352/939
f 2171/360/948 2161/3216/3922 2168/361/949
f 2187/376/961 2177/3217/3923 2182/377/944
f 2213/398/960 2215/397/979 2209/3218/3924
f 2213/398/960 2209/3218/3924 2206/3219/958
f 2219/390/963 2212/3220/3925 2217/391/964
f 2214/393/974 2208/366/951 2216/368/953
f 2251/434/1012 2241/401/982 2243/406/986
f 2251/434/1012 2243/406/986 2254/435/1013
f 2235/400/981 2229/394/976 2239/396/978
f 2233/407/987 2225/3221/971 2230/408/988
f 2245/423/986 2237/3222/989 2242/416/995
f 2270/446/1025 2273/445/1024 2268/3223/3926
f 2270/446/1025 2268/3223/3926 2263/3224/999
f 2281/436/1006 2270/446/1025 2277/437/1007
f 2271/439/1001 2266/3225/3927 2275/440/994
f 2315/482/1053 2312/481/1052 2303/455/1031
f 2315/482/1053 2303/455/1031 2306/454/1030
f 2296/447/1026 2292/3226/3928 2300/448/1027
f 2293/452/1022 2283/438/1014 2289/456/1032
f 2305/465/1030 2295/457/1026 2301/469/1028
f 2330/493/1065 2335/492/1064 2328/3227/3929
f 2330/493/1065 2328/3227/3929 2323/3228/3930
f 2344/483/1047 2331/3229/1065 2339/484/1046
f 2332/486/1056 2325/3230/3931 2336/487/1057
f 2381/533/1099 2378/532/1098 2369/497/1069
f 2381/533/1099 2369/497/1069 2371/504/1073
f 2362/495/1067 2353/3231/1074 2366/496/1068
f 2360/505/1072 2349/3232/1054 2355/506/1074
f 2374/521/1087 2365/3233/1077 2370/514/1069
f 2398/544/1112 2402/543/1080 2396/3234/1079
f 2398/544/1112 2396/3234/1079 2391/3235/1084
f 2412/534/1100 2400/3236/3932 2408/535/1101
f 2399/537/1086 2393/3237/1085 2403/538/1105
f 2447/584/1147 2444/583/1146 2435/547/1115
f 2447/584/1147 2435/547/1115 2437/553/1120
f 2429/546/1114 2422/540/1109 2433/542/1111
f 2427/554/1121 2417/3238/1102 2424/555/1122
f 2438/570/1120 2430/3239/1114 2436/563/1129
f 2463/594/1159 2465/593/1152 2461/3240/3933
f 2463/594/1159 2461/3240/3933 2457/3241/1133
f 2474/585/1148 2463/594/1159 2469/586/1140
f 2464/569/1135 2459/568/1134 2467/588/1152
f 2506/626/1185 2498/603/1166 2500/602/1165
f 2506/626/1185 2500/602/1165 2509/627/1186
f 2490/595/1160 2485/3242/3934 2492/596/1158
f 2487/600/1164 2477/587/1149 2483/604/1167
f 2499/613/1174 2489/605/1168 2495/617/1161
f 2524/636/1177 2527/635/1198 2521/3243/1170
f 2524/636/1177 2521/3243/1170 2518/3244/3935
f 2533/628/1187 2526/3245/3936 2530/629/1188
f 2525/631/1190 2520/607/1169 2528/609/1171
f 2566/673/1230 2563/672/1215 2553/639/1201
f 2566/673/1230 2553/639/1201 2556/644/1204
f 2547/638/1200 2541/632/1195 2551/634/1197
f 2545/645/1205 2538/3246/1189 2542/646/1206
f 2558/661/1217 2550/3247/1210 2554/662/1214
f 2581/683/1243 2585/682/1223 2580/3248/1212
f 2581/683/1243 2580/3248/1212 2575/3249/1218
f 2594/674/1231 2583/3250/3937 2590/675/1232
f 2582/660/1220 2578/659/1219 2586/677/1223
f 2633/725/1276 2621/695/1247 2627/694/1253
f 2633/725/1276 2627/694/1253 2637/726/1277
f 2615/685/1245 2607/3251/1255 2619/686/1246
f 2609/696/1254 2597/3252/1250 2604/697/1255
f 2626/712/1253 2614/3253/1257 2620/713/1261
f 2653/737/1266 2656/736/1292 2650/3254/1259
f 2653/737/1266 2650/3254/1259 2646/3255/3938
f 2665/727/1278 2655/3256/1266 2661/728/1279
f 2654/730/1283 2648/3257/1258 2657/731/1269
f 2700/774/1322 2691/751/1304 2694/750/1303
f 2700/774/1322 2694/750/1303 2703/775/1323
f 2684/739/1294 2680/3258/1305 2688/740/1295
f 2681/748/1302 2668/747/1301 2677/752/1305
f 2693/761/1303 2683/753/1294 2689/765/1313
f 2720/784/1337 2722/783/1336 2716/3259/3939
f 2720/784/1337 2716/3259/3939 2712/3260/1311
f 2725/776/1324 2717/3261/3940 2723/777/1325
f 2718/779/1329 2713/755/1306 2721/757/1308
f 2758/820/1355 2749/787/1340 2751/792/1344
f 2758/820/1355 2751/792/1344 2760/821/1369
f 2743/786/1339 2736/780/1333 2746/782/1335
f 2738/793/1345 2729/3262/1326 2735/794/1346
f 2752/807/1344 2744/806/1347 2750/811/1340
f 2775/830/1382 2778/829/1381 2773/3263/3941
f 2775/830/1382 2773/3263/3941 2769/3264/3942
f 2783/822/1370 2775/830/1382 2780/823/1371
f 2776/825/1375 2771/799/1351 2779/801/1353
f 2817/864/1413 2813/863/1412 2804/839/1390
f 2817/864/1413 2804/839/1390 2808/838/1389
f 2798/831/1383 2792/3265/3787 2801/832/1384
f 2795/836/1388 2785/824/1372 2791/840/1378
f 2807/849/1389 2797/841/1391 2803/853/1402
f 2833/873/1417 2837/872/1424 2830/3266/1394
f 2833/873/1417 2830/3266/1394 2825/3267/3943
f 2843/865/1406 2834/3268/3944 2840/866/1407
f 2832/868/1417 2827/3269/1400 2836/856/1405
f 2876/909/1453 2873/908/1452 2863/876/1427
f 2876/909/1453 2863/876/1427 2865/881/1430
f 2857/875/1426 2851/869/1421 2861/871/1423
f 2854/882/1431 2847/3270/3945 2852/883/1432
f 2867/898/1444 2858/3271/1426 2864/891/1437
f 2891/918/1443 2895/917/1436 2889/3272/1435
f 2891/918/1443 2889/3272/1435 2885/3273/3946
f 2900/910/1446 2892/3274/3947 2897/911/1447
f 2894/913/1443 2888/888/1434 2896/890/1436
f 2933/954/1493 2929/953/1492 2921/921/1464
f 2933/954/1493 2921/921/1464 2924/926/1469
f 2916/920/1463 2909/914/1459 2919/916/1461
f 2914/927/1470 2906/3275/3759 2910/928/1471
f 2923/939/1469 2915/932/1474 2920/943/1483
f 2951/964/1507 2946/3276/1476 2941/3277/1480
f 2951/964/1507 2941/3277/1480 2948/965/1499
f 2959/955/1494 2948/965/1499 2955/956/1495
f 2950/958/1499 2944/3278/1475 2952/959/1477
f 2995/998/1538 2992/997/1537 2982/3279/3948
f 2995/998/1538 2982/3279/3948 2985/3280/1525
f 2974/966/1508 2969/3281/1517 2977/967/1509
f 2971/971/1513 2961/957/1496 2967/975/1517
f 2984/984/1525 2973/976/1518 2980/988/1528
f 3011/1007/1527 3014/1006/1521 3008/3282/3949
f 3011/1007/1527 3008/3282/3949 3003/3283/3950
f 3017/999/1539 3009/3284/1544 3015/1000/1540
f 3010/1002/1544 3005/978/1519 3013/980/1521
f 3048/1041/1578 3045/1040/1577 3035/1010/1552
f 3048/1041/1578 3035/1010/1552 3038/1013/1554
f 3030/1009/1551 3025/1003/1548 3033/1005/1550
f 3026/1012/1553 3020/1001/1541 3024/1014/1548
f 3040/1029/1554 3032/3285/1551 3037/1030/1568
f 3065/1052/1590 3068/1051/1561 3062/3286/1560
f 3065/1052/1590 3062/3286/1560 3058/3287/1565
f 3076/1042/1579 3065/1052/1590 3072/1043/1572
f 3066/1045/1567 3060/3288/1566 3069/1046/1561
f 3106/1086/1620 3097/1061/1598 3100/1060/1597
f 3106/1086/1620 3100/1060/1597 3109/1087/1612
f 3090/1053/1591 3086/3289/3951 3094/1054/1589
f 3087/1058/1595 3077/1044/1580 3083/1062/1599
f 3099/1071/1597 3089/1063/1591 3096/1075/1610
f 3125/1097/1634 3128/1067/1603 3122/1066/1602
f 3125/1097/1634 3122/1066/1602 3118/3290/1607
f 3135/1088/1621 3126/3291/1625 3132/1089/1614
f 3124/1091/1625 3120/3292/3952 3127/1092/1626
f 3169/1132/1666 3165/1131/1665 3155/1099/1636
f 3169/1132/1666 3155/1099/1636 3158/1104/1640
f 3149/1098/1635 3143/1094/1631 3153/1096/1633
f 3146/1105/1641 3139/3293/3953 3144/1106/1642
f 3159/1121/1656 3151/3294/3954 3156/1114/1649
f 3185/1141/1671 3187/1140/1678 3181/3295/1647
f 3185/1141/1671 3181/3295/1647 3177/3296/1653
f 3191/1133/1667 3183/3297/3955 3189/1134/1660
f 3184/1136/1671 3179/1111/1646 3188/1113/1648
f 3224/1177/1713 3216/1144/1681 3218/1149/1686
f 3224/1177/1713 3218/1149/1686 3227/1178/1714
f 3208/1143/1680 3201/1137/1675 3212/1139/1677
f 3206/1150/1687 3198/3298/3956 3202/1151/1688
f 3217/1164/1700 3207/1163/1699 3214/1168/1704
f 3241/1187/1727 3244/1186/1726 3239/3299/3957
f 3241/1187/1727 3239/3299/3957 3235/3300/3958
f 3248/1179/1715 3241/1187/1727 3246/1180/1708
f 3242/1182/1719 3237/1156/1692 3245/1158/1694
f 3272/1215/1753 3264/1189/1729 3266/1192/1731
f 3272/1215/1753 3266/1192/1731 3275/1216/1754
f 3259/1188/1728 3255/1183/1723 3261/1185/1725
f 3256/1191/1730 3250/1181/1716 3254/1193/1732
f 3265/1202/1731 3258/1194/1733 3263/1206/1744
f 3293/1224/1737 3287/3301/3959 3283/3302/3960
f 3293/1224/1737 3283/3302/3960 3289/1225/1768
f 3298/1217/1755 3290/3303/1760 3295/1218/1756
f 3291/1220/1760 3285/1196/1735 3294/1198/1737
f 3325/1256/1795 3321/1255/1794 3313/1228/1771
f 3325/1256/1795 3313/1228/1771 3316/1231/1773
f 3309/1227/1770 3305/1221/1765 3311/1223/1767
f 3306/1230/1772 3300/1219/1757 3304/1232/1774
f 3315/1241/1773 3308/1233/1770 3312/1245/1784
f 3339/1266/1810 3343/1265/1809 3338/3304/1776
f 3339/1266/1810 3338/3304/1776 3333/3305/1781
f 3350/1257/1796 3339/1266/1810 3346/1258/1797
f 3340/1244/1783 3336/1243/1782 3344/1260/1801
f 3382/1302/1840 3380/1301/1839 3371/1275/1817
f 3382/1302/1840 3371/1275/1817 3373/1274/1816
f 3363/1267/1811 3357/3306/3961 3365/1268/1812
f 3361/1272/1815 3351/1259/1798 3358/1276/1818
f 3374/1285/1825 3364/1277/1811 3372/1289/1813
f 3398/1288/1828 3401/1312/1821 3396/3307/3962
f 3398/1288/1828 3396/3307/3962 3391/1286/1826
f 3408/1303/1841 3398/1288/1828 3405/1304/1842
f 3397/1306/1846 3393/3308/3963 3400/1307/1821
f 3439/1344/1886 3436/1343/1885 3428/1315/1857
f 3439/1344/1886 3428/1315/1857 3430/1320/1862
f 3422/1313/1855 3417/3309/1860 3425/1314/1856
f 3420/1319/1861 3411/1305/1843 3416/1321/1863
f 3429/1330/1872 3421/1322/1864 3426/1334/1876
f 3456/1352/1900 3451/3310/3964 3447/3311/3965
f 3456/1352/1900 3447/3311/3965 3453/1353/1892
f 3460/1345/1887 3453/1353/1892 3458/1346/1888
f 3454/1348/1892 3449/1324/1866 3457/1326/1868
f 3487/1382/1928 3484/1381/1927 3476/1355/1902
f 3487/1382/1928 3476/1355/1902 3478/1358/1905
f 3471/1354/1901 3467/1349/1897 3473/1351/1899
f 3468/1357/1904 3462/1347/1889 3466/1359/1906
f 3477/1368/1905 3470/1360/1907 3475/1372/1918
f 3501/1391/1941 3504/1390/1940 3499/3312/3966
f 3501/1391/1941 3499/3312/3966 3495/3313/3967
f 3508/1383/1921 3501/1391/1941 3506/1384/1922
f 3502/1386/1932 3497/1362/1909 3505/1364/1911
f 3532/1418/1953 3524/1393/1943 3526/1396/1945
f 3532/1418/1953 3526/1396/1945 3535/1419/1967
f 3519/1392/1942 3515/1387/1937 3521/1389/1939
f 3516/1395/1938 3510/1385/1929 3514/1397/1946
f 3525/1405/1955 3518/1398/1947 3523/1409/1958
f 3552/1428/1979 3554/1427/1951 3548/3314/3968
f 3552/1428/1979 3548/3314/3968 3544/3315/3969
f 3558/1420/1968 3550/3316/3970 3556/1421/1962
f 3549/1423/1972 3545/1400/1949 3553/1402/1951
f 3589/1463/2013 3580/1431/1982 3582/1436/1987
f 3589/1463/2013 3582/1436/1987 3591/1464/2014
f 3574/1430/1981 3567/1424/1976 3577/1426/1978
f 3572/1437/1977 3564/3317/3971 3568/1438/1988
f 3581/1453/2003 3573/3318/3972 3579/1446/1996
f 3612/1472/2025 3606/3319/3973 3601/3320/3974
f 3612/1472/2025 3601/3320/3974 3609/1473/2026
f 3615/1465/2015 3607/3321/3975 3613/1466/2008
f 3608/1468/2002 3603/1443/1993 3611/1445/1995
f 3647/1508/2058 3637/1476/2029 3641/1481/2034
f 3647/1508/2058 3641/1481/2034 3651/1509/2059
f 3633/1475/2028 3626/1469/2022 3636/1471/2024
f 3628/1482/2023 3620/3322/3976 3625/1483/2035
f 3642/1498/2048 3634/3323/3977 3638/1491/2041
f 3666/1518/2072 3669/1517/2071 3664/3324/3978
f 3666/1518/2072 3664/3324/3978 3659/3325/3979
f 3673/1510/2052 3666/1518/2072 3671/1511/2053
f 3665/1513/2063 3661/1488/2038 3668/1490/2040
f 3695/1546/2098 3687/1520/2074 3689/1523/2076
f 3695/1546/2098 3689/1523/2076 3697/1547/2099
f 3682/1519/2073 3678/1514/2068 3684/1516/2070
f 3681/1522/2069 3675/1512/2060 3679/1524/2077
f 3690/1533/2085 3683/1525/2073 3688/1537/2089
f 3714/1556/2088 3717/1555/2113 3712/3326/3980
f 3714/1556/2088 3712/3326/3980 3707/3327/3981
f 3721/1548/2100 3714/1556/2088 3719/1549/2101
f 3713/1551/2105 3709/1527/2079 3716/1529/2081
f 3744/1584/2141 3735/1558/2115 3737/1561/2118
f 3744/1584/2141 3737/1561/2118 3746/1585/2142
f 3730/1557/2114 3726/1552/2110 3732/1554/2112
f 3729/1560/2117 3723/1550/2102 3727/1562/2119
f 3738/1571/2128 3731/1563/2120 3736/1575/2132
f 3762/1594/2147 3764/1593/2154 3759/3328/2123
f 3762/1594/2147 3759/3328/2123 3756/3329/3982
f 3768/1586/2143 3762/1594/2147 3766/1587/2144
f 3763/1589/2147 3758/1565/2122 3765/1567/2124
f 3792/1622/2182 3784/1596/2156 3786/1599/2159
f 3792/1622/2182 3786/1599/2159 3795/1623/2183
f 3779/1595/2155 3775/1590/2151 3781/1592/2153
f 3776/1598/2158 3770/1588/2145 3774/1600/2160
f 3785/1609/2169 3778/1601/2161 3782/1613/2173
f 3809/1612/2172 3811/1631/2197 3807/3330/3983
f 3809/1612/2172 3807/3330/3983 3803/1610/2170
f 3816/1624/2184 3809/1612/2172 3813/1625/2185
f 3808/1627/2189 3804/1603/2163 3810/1605/2165
f 3849/1666/2232 3846/1665/2231 3836/1633/2199
f 3849/1666/2232 3836/1633/2199 3840/1638/2204
f 3832/1632/2198 3824/1628/2194 3834/1630/2196
f 3825/1639/2205 3817/3331/2202 3823/1640/2206
f 3839/1655/2221 3831/3292/3984 3835/1648/2214
f 3865/1675/2247 3867/1674/2246 3862/3332/3985
f 3865/1675/2247 3862/3332/3985 3858/3333/3986
f 3871/1667/2233 3865/1675/2247 3869/1668/2234
f 3864/1670/2238 3860/1645/2211 3866/1647/2213
f 3896/1703/2274 3894/1702/2273 3885/1677/2249
f 3896/1703/2274 3885/1677/2249 3887/1680/2251
f 3880/1676/2248 3876/1671/2243 3882/1673/2245
f 3879/1679/2244 3873/1669/2235 3877/1681/2243
f 3888/1689/2260 3881/1682/2252 3886/1693/2264
f 3911/1712/2289 3914/1711/2288 3909/3334/3987
f 3911/1712/2289 3909/3334/3987 3905/3335/3988
f 3918/1704/2275 3911/1712/2289 3916/1705/2276
f 3913/1707/2280 3908/1684/2254 3915/1686/2256
f 3945/1741/2318 3942/1740/2317 3934/1714/2291
f 3945/1741/2318 3934/1714/2291 3936/1717/2294
f 3929/1713/2290 3925/1708/2285 3931/1710/2287
f 3926/1716/2293 3920/1706/2277 3924/1718/2295
f 3935/1727/2304 3928/1719/2296 3932/1731/2308
f 3960/1750/2332 3963/1749/2300 3957/3336/3989
f 3960/1750/2332 3957/3336/3989 3954/3337/3990
f 3969/1742/2319 3962/3338/3991 3966/1743/2320
f 3961/1745/2324 3956/1721/2298 3964/1723/2300
f 3990/1777/2360 3982/3339/3992 3985/3340/3993
f 3990/1777/2360 3985/3340/3993 3993/1778/2361
f 3978/1752/2334 3974/1746/2329 3980/1748/2331
f 3977/1755/2337 3971/1744/2321 3975/1757/2339
f 3987/1766/2348 3979/1758/2340 3984/1763/2345
f 4010/1788/2351 4013/1787/2366 4008/3341/3994
f 4010/1788/2351 4008/3341/3994 4004/3342/3995
f 4018/1779/2362 4010/1788/2351 4016/1780/2363
f 4009/1769/2351 4005/1768/2350 4011/1782/2366
f 4047/1818/2404 4044/1817/2403 4034/1790/2376
f 4047/1818/2404 4034/1790/2376 4038/1793/2379
f 4030/1789/2375 4025/1784/2372 4032/1786/2374
f 4026/1792/2378 4020/1781/2364 4024/1794/2380
f 4036/1807/2393 4028/3343/3996 4033/1800/2386
f 4063/1827/2419 4065/1826/2418 4060/3344/3997
f 4063/1827/2419 4060/3344/3997 4056/3345/3998
f 4069/1819/2405 4063/1827/2419 4067/1820/2406
f 4061/1822/2410 4057/1797/2383 4064/1799/2385
f 4097/1858/2450 4094/1857/2449 4083/1829/2421
f 4097/1858/2450 4083/1829/2421 4086/1832/2424
f 4078/1828/2420 4074/1823/2415 4080/1825/2417
f 4077/1831/2423 4071/1821/2407 4075/1833/2425
f 4087/1842/2434 4079/1834/2426 4084/1846/2438
f 4113/1867/2464 4115/1866/2463 4110/3346/3999
f 4113/1867/2464 4110/3346/3999 4106/3347/4000
f 4119/1859/2443 4113/1867/2464 4117/1860/2451
f 4111/1862/2455 4107/1836/2428 4114/1838/2430
f 4144/1896/2491 4141/1895/2490 4132/1869/2466
f 4144/1896/2491 4132/1869/2466 4135/1872/2468
f 4128/1868/2465 4124/1863/2460 4130/1865/2462
f 4127/1871/2461 4121/1861/2452 4125/1873/2469
f 4136/1882/2477 4129/1874/2465 4134/1886/2481
f 4159/1905/2506 4162/1904/2505 4157/3348/4001
f 4159/1905/2506 4157/3348/4001 4153/3349/4002
f 4166/1897/2492 4159/1905/2506 4164/1898/2493
f 4160/1900/2497 4155/1876/2471 4163/1878/2473
f 4189/1933/2534 4181/1907/2508 4184/1910/2511
f 4189/1933/2534 4184/1910/2511 4193/1934/2535
f 4177/1906/2507 4173/1901/2502 4179/1903/2504
f 4174/1909/2510 4168/1899/2494 4172/1911/2512
f 4183/1920/2521 4176/1912/2513 4180/1924/2525
f 4207/1943/2549 4211/1942/2548 4205/3350/4003
f 4207/1943/2549 4205/3350/4003 4201/3351/4004
f 4217/1935/2536 4208/3352/4005 4213/1936/2529
f 4209/1938/2540 4203/1914/2515 4212/1916/2517
f 4251/1979/2584 4247/1978/2583 4237/1946/2552
f 4251/1979/2584 4237/1946/2552 4240/1951/2557
f 4231/1945/2551 4225/1939/2545 4235/1941/2547
f 4230/1952/2558 4222/3353/4006 4226/1953/2559
f 4242/1968/2573 4234/3354/4007 4238/1961/2566
f 4266/1988/2598 4269/1987/2597 4264/3355/4008
f 4266/1988/2598 4264/3355/4008 4259/3356/4009
f 4273/1980/2585 4266/1988/2598 4271/1981/2586
f 4265/1983/2572 4261/1958/2563 4268/1960/2565
f 4297/2017/2627 4294/2016/2626 4286/1990/2600
f 4297/2017/2627 4286/1990/2600 4289/1993/2603
f 4282/1989/2599 4278/1984/2594 4284/1986/2596
f 4281/1992/2602 4275/1982/2587 4279/1994/2604
f 4290/2003/2613 4283/1995/2605 4287/2007/2617
f 4315/2026/2642 4317/2025/2641 4312/3357/4010
f 4315/2026/2642 4312/3357/4010 4308/3358/4011
f 4321/2018/2628 4315/2026/2642 4319/2019/2629
f 4313/2021/2633 4309/1997/2607 4316/1999/2609
f 4346/2055/2670 4344/2054/2669 4335/2028/2644
f 4346/2055/2670 4335/2028/2644 4337/2031/2646
f 4330/2027/2643 4326/2022/2638 4332/2024/2640
f 4329/2030/2645 4323/2020/2630 4327/2032/2647
f 4338/2041/2656 4331/2033/2648 4336/2045/2660
f 4363/2064/2676 4365/2063/2652 4360/3359/4012
f 4363/2064/2676 4360/3359/4012 4356/3360/4013
f 4369/2056/2671 4363/2064/2676 4367/2057/2672
f 4361/2059/2676 4357/2035/2650 4364/2037/2652
f 4394/2092/2711 4383/3361/2702 4386/3362/2698
f 4394/2092/2711 4386/3362/2698 4396/2093/2712
f 4378/2065/2684 4374/2060/2681 4380/2062/2683
f 4377/2068/2687 4371/2058/2673 4375/2070/2689
f 4388/2079/2698 4379/2071/2690 4385/2083/2702
f 4413/2102/2718 4415/2101/2726 4410/3363/4014
f 4413/2102/2718 4410/3363/4014 4406/3364/4015
f 4419/2094/2713 4413/2102/2718 4417/2095/2714
f 4412/2097/2718 4408/2073/2692 4414/2075/2694
f 4444/2132/2755 4442/2131/2754 4433/2104/2728
f 4444/2132/2755 4433/2104/2728 4435/2107/2731
f 4428/2103/2727 4424/2098/2723 4430/2100/2725
f 4427/2106/2730 4421/2096/2715 4425/2108/2732
f 4436/2117/2740 4429/2109/2727 4434/2121/2744
f 4460/2142/2771 4464/2141/2770 4458/3365/4016
f 4460/2142/2771 4458/3365/4016 4454/3366/4017
f 4470/2133/2756 4460/2142/2771 4468/2134/2757
f 4459/2120/2743 4455/2119/2742 4462/2136/2761
f 4503/2179/2806 4500/2178/2805 4489/2151/2780
f 4503/2179/2806 4489/2151/2780 4493/2150/2779
f 4483/2143/2772 4478/3367/3646 4487/2144/2773
f 4482/2148/2777 4472/2135/2758 4480/2152/2781
f 4495/2161/2790 4484/2153/2782 4492/2165/2774
f 4526/3368/4018 4518/3369/4019 4514/3370/4020
f 4526/3368/4018 4514/3370/4020 4522/3371/4021
f 4532/2180/2807 4523/3372/4022 4528/2181/2808
f 4520/2183/2812 4516/2155/2784 4524/2157/2786
f 4537/2201/2832 4527/2171/2798 4530/2170/2797
f 4537/2201/2832 4530/2170/2797 4541/2202/2822
f 4562/2212/2841 4554/3373/4023 4550/3374/4024
f 4562/2212/2841 4550/3374/4024 4558/2213/2827
f 4571/2203/2833 4559/3375/4025 4567/2204/2819
f 4557/2206/2827 4552/3376/2826 4561/2207/2801
f 4593/2241/2866 4580/3377/2849 4584/3378/2848
f 4593/2241/2866 4584/3378/2848 4596/2242/2854
f 4586/2228/2853 4572/3379/4026 4581/2215/2842
f 4617/2252/2880 4611/3380/2839 4606/3381/2850
f 4617/2252/2880 4606/3381/2850 4614/2253/2881
f 4624/2243/2867 4613/3382/4027 4620/2244/2868
f 4615/2246/2872 4609/3383/4028 4619/2247/2873
f 4632/2265/2893 4621/2234/2859 4626/2233/2858
f 4632/2265/2893 4626/2233/2858 4635/2266/2894
f 4651/2277/2897 4644/3384/4029 4645/3385/4030
f 4651/2277/2897 4645/3385/4030 4653/2278/2910
f 4657/2275/2908 4654/2274/2907 4646/3386/4030
f 4657/2275/2908 4646/3386/4030 4648/3387/4031
f 4685/2270/2904 4674/3388/4032 4683/2271/2879
f 4650/2269/2897 4656/2268/2896 4647/3389/4031
f 4650/2269/2897 4647/3389/4031 4643/3390/4033
f 4678/2285/2862 4670/3391/2861 4666/3392/4034
f 4678/2285/2862 4666/3392/4034 4675/2286/2888
f 4673/2279/2888 4668/3393/2860 4676/2280/2862
f 4705/2312/2936 4695/2296/2918 4697/2295/2924
f 4705/2312/2936 4697/2295/2924 4708/2313/2937
f 4698/2301/2924 4690/3394/4035 4696/2288/2918
f 4729/2322/2917 4722/3395/2916 4718/3396/2926
f 4729/2322/2917 4718/3396/2926 4724/2323/2948
f 4737/2314/2930 4725/3397/4036 4733/2315/2938
f 4723/2300/2927 4720/2299/2915 4728/2317/2940
f 4759/2349/2970 4755/2348/2969 4747/2333/2955
f 4759/2349/2970 4747/2333/2955 4750/2332/2954
f 4749/2334/2956 4739/2330/2939 4746/2338/2955
f 4775/2360/2985 4767/3398/4037 4769/3399/4038
f 4775/2360/2985 4769/3399/4038 4777/2361/2982
f 4778/2357/2982 4770/3400/4039 4772/3401/4040
f 4778/2357/2982 4772/3401/4040 4781/2358/2983
f 4810/2353/2963 4799/3402/4041 4807/2354/2979
f 4774/2352/2973 4780/2351/2972 4771/3403/4040
f 4774/2352/2973 4771/3403/4040 4768/3404/4042
f 4801/2368/2947 4794/3405/4043 4789/3406/2957
f 4801/2368/2947 4789/3406/2957 4796/2369/2994
f 4797/2362/2987 4791/3407/2958 4802/2363/2988
f 4833/2399/3020 4830/2398/3019 4821/2379/3002
f 4833/2399/3020 4821/2379/3002 4825/2378/3001
f 4826/2382/3004 4814/2381/2980 4824/2386/3008
f 4856/2409/3030 4849/3408/2992 4843/3409/4044
f 4856/2409/3030 4843/3409/4044 4850/2410/3007
f 4865/2400/3011 4853/3410/4045 4861/2401/3021
f 4852/2403/3007 4847/3411/3006 4857/2404/2993
f 4872/2424/3044 4859/2391/3012 4862/2390/3011
f 4872/2424/3044 4862/2390/3011 4874/2425/3045
f 4890/2436/3061 4883/3412/4046 4886/3413/4047
f 4890/2436/3061 4886/3413/4047 4894/2437/3062
f 4896/2434/3059 4893/2433/3058 4885/3414/4048
f 4896/2434/3059 4885/3414/4048 4887/3415/4049
f 4923/2429/3054 4913/2445/3038 4921/2430/3055
f 4891/2428/3048 4897/2427/3047 4888/3416/4050
f 4891/2428/3048 4888/3416/4050 4884/3417/4046
f 4917/2444/3027 4911/3418/4051 4905/3419/3036
f 4917/2444/3027 4905/3419/3036 4913/2445/3038
f 4912/2438/3065 4907/3420/3037 4915/2439/3066
f 4945/2469/3092 4942/2468/3091 4934/2452/3072
f 4945/2469/3092 4934/2452/3072 4936/2451/3076
f 4935/2453/3077 4926/2431/3056 4933/2457/3081
f 4961/2480/3107 4954/3421/4052 4956/3422/4053
f 4961/2480/3107 4956/3422/4053 4964/2481/3108
f 4966/2478/3105 4963/2477/3104 4955/3423/4054
f 4966/2478/3105 4955/3423/4054 4957/3424/4055
f 4960/2472/3095 4967/2471/3094 4958/3425/4056
f 4960/2472/3095 4958/3425/4056 4953/3426/4057
f 4983/2489/3117 4976/3427/4058 4977/3428/4059
f 4983/2489/3117 4977/3428/4059 4985/2490/3118
f 4989/2487/3101 4986/2486/3115 4978/3429/4060
f 4989/2487/3101 4978/3429/4060 4980/3430/4061
f 5013/2482/3111 5006/3431/3080 5010/2483/3112
f 4982/2475/3102 4988/2474/3101 4979/3432/4062
f 4982/2475/3102 4979/3432/4062 4975/3433/4063
f 5007/2495/3071 5001/3434/4064 4997/3435/4065
f 5007/2495/3071 4997/3435/4065 5003/2496/3127
f 5005/2491/3120 5000/2441/3069 5008/2443/3071
f 5019/2509/3140 5009/2461/3084 5012/2460/3083
f 5019/2509/3140 5012/2460/3083 5022/2510/3141
f 5041/2520/3153 5036/3436/4066 5032/3437/4067
f 5041/2520/3153 5032/3437/4067 5039/2521/3135
f 5049/2511/3142 5039/2521/3135 5046/2512/3126
f 5040/2514/3135 5035/3438/4068 5044/2515/3087
f 5065/2545/3177 5056/2528/3160 5059/2527/3159
f 5065/2545/3177 5059/2527/3159 5068/2546/3178
f 5060/2529/3161 5052/2513/3143 5058/2533/3165
f 5087/2558/3194 5085/2557/3193 5078/3439/4069
f 5087/2558/3194 5078/3439/4069 5079/3440/4070
f 5091/2555/3191 5088/2554/3190 5080/3441/4071
f 5091/2555/3191 5080/3441/4071 5082/3442/4072
f 5089/2548/3180 5081/3443/4073 5077/3444/4074
f 5089/2548/3180 5077/3444/4074 5083/2549/3181
f 5107/2566/3207 5100/3445/4075 5102/3446/4076
f 5107/2566/3207 5102/3446/4076 5110/2567/3208
f 5108/2563/3204 5101/3447/4077 5103/3448/4078
f 5108/2563/3204 5103/3448/4078 5111/2564/3205
f 5106/2552/3188 5113/2551/3187 5104/3449/4079
f 5106/2552/3188 5104/3449/4079 5099/3450/4080
f 5131/2576/3222 5128/2575/3221 5121/3451/4081
f 5131/2576/3222 5121/3451/4081 5123/3452/4082
f 5132/2572/3218 5124/3453/4083 5126/3454/4084
f 5132/2572/3218 5126/3454/4084 5135/2573/3219
f 5162/2568/3214 5151/2583/3225 5159/2569/3215
f 5134/2560/3201 5125/3455/4085 5122/3456/4081
f 5134/2560/3201 5122/3456/4081 5129/2561/3202
f 5154/2582/3232 5148/3457/4086 5144/3458/4087
f 5154/2582/3232 5144/3458/4087 5151/2583/3225
f 5152/2577/3225 5146/3459/3163 5155/2578/3226
f 5168/2594/3240 5158/2538/3170 5161/2537/3169
f 5168/2594/3240 5161/2537/3169 5170/2595/3243
f 5186/2606/3259 5179/3460/4088 5182/3461/4089
f 5186/2606/3259 5182/3461/4089 5190/2607/3260
f 5189/2603/3256 5181/3462/4090 5183/3463/4091
f 5189/2603/3256 5183/3463/4091 5192/2604/3257
f 5218/2599/3252 5210/3464/3237 5214/2600/3253
f 5193/2597/3245 5184/3465/4092 5180/3466/4093
f 5193/2597/3245 5180/3466/4093 5187/2598/3246
f 5212/2612/3270 5206/3467/4094 5202/3468/4095
f 5212/2612/3270 5202/3468/4095 5209/2613/3271
f 5208/2608/3263 5204/2539/3171 5211/2541/3173
f 5234/2635/3291 5226/2621/3272 5228/2620/3278
f 5234/2635/3291 5228/2620/3278 5237/2636/3292
f 5227/2622/3278 5219/2619/3277 5225/2626/3282
f 5253/2647/3305 5246/3469/4096 5248/3470/4097
f 5253/2647/3305 5248/3470/4097 5256/2648/3306
f 5255/2644/3302 5247/3471/4098 5249/3472/4099
f 5255/2644/3302 5249/3472/4099 5258/2645/3303
f 5281/2640/3285 5274/2654/3316 5279/2641/3299
f 5252/2639/3295 5259/2638/3294 5250/3473/4100
f 5252/2639/3295 5250/3473/4100 5245/3474/4101
f 5277/2653/3269 5272/3475/4102 5267/3476/4103
f 5277/2653/3269 5267/3476/4103 5274/2654/3316
f 5273/2649/3281 5269/2609/3267 5276/2611/3269
f 5295/2674/3336 5286/2660/3322 5289/2659/3321
f 5295/2674/3336 5289/2659/3321 5298/2675/3337
f 5290/2661/3323 5283/2642/3300 5287/2665/3327
f 5315/2686/3353 5308/3477/4104 5309/3478/4105
f 5315/2686/3353 5309/3478/4105 5317/2687/3354
f 5318/2683/3350 5310/3479/4106 5312/3480/4107
f 5318/2683/3350 5312/3480/4107 5321/2684/3351
f 5313/2678/3340 5319/2677/3339 5311/3481/4107
f 5313/2678/3340 5311/3481/4107 5307/3482/4104
f 5339/2696/3369 5337/2695/3368 5329/3483/4108
f 5339/2696/3369 5329/3483/4108 5332/3484/4109
f 5340/2692/3365 5331/3485/4110 5334/3486/4111
f 5340/2692/3365 5334/3486/4111 5343/2693/3366
f 5342/2680/3347 5333/3487/4112 5330/3488/4108
f 5342/2680/3347 5330/3488/4108 5336/2681/3348
f 5357/2704/3382 5351/3489/4113 5353/3490/4114
f 5357/2704/3382 5353/3490/4114 5360/2705/3383
f 5364/2702/3380 5362/2701/3379 5354/3491/4115
f 5364/2702/3380 5354/3491/4115 5355/3492/4116
f 5359/2690/3363 5365/2689/3362 5356/3493/4117
f 5359/2690/3363 5356/3493/4117 5352/3494/4118
f 5383/2714/3395 5381/2713/3394 5374/3495/4119
f 5383/2714/3395 5374/3495/4119 5375/3496/4120
f 5387/2711/3392 5384/2710/3391 5376/3497/4121
f 5387/2711/3392 5376/3497/4121 5378/3498/4122
f 5408/2706/3387 5402/2720/3407 5406/2707/3388
f 5386/2698/3376 5377/3499/4122 5373/3500/4123
f 5386/2698/3376 5373/3500/4123 5380/2699/3377
f 5404/2719/3406 5399/3501/4124 5396/3502/4125
f 5404/2719/3406 5396/3502/4125 5402/2720/3407
f 5403/2715/3398 5398/2650/3313 5405/2652/3315
f 5424/2742/3428 5416/2726/3408 5418/2725/3412
f 5424/2742/3428 5418/2725/3412 5427/2743/3429
f 5417/2727/3413 5410/2708/3389 5414/2731/3417
f 5446/2755/3445 5443/2754/3444 5436/3503/4126
f 5446/2755/3445 5436/3503/4126 5438/3504/4127
f 5448/2752/3442 5445/2751/3441 5437/3505/4128
f 5448/2752/3442 5437/3505/4128 5439/3506/4129
f 5474/2747/3420 5465/3507/3456 5470/2748/3438
f 5449/2745/3431 5440/3508/4130 5435/3509/4131
f 5449/2745/3431 5435/3509/4131 5442/2746/3432
f 5467/2759/3455 5461/3510/4132 5457/3511/4133
f 5467/2759/3455 5457/3511/4133 5463/2760/3456
f 5464/2756/3448 5459/2716/3403 5468/2718/3405
f 5478/2773/3469 5469/2735/3421 5472/2734/3420
f 5478/2773/3469 5472/2734/3420 5481/2774/3470
f 5499/2785/3486 5492/3512/4134 5494/3513/4135
f 5499/2785/3486 5494/3513/4135 5502/2786/3487
f 5501/2782/3483 5493/3514/4135 5496/3515/4136
f 5501/2782/3483 5496/3515/4136 5505/2783/3484
f 5527/2778/3480 5521/2792/3464 5525/2779/3454
f 5504/2776/3472 5495/3516/4137 5491/3517/4138
f 5504/2776/3472 5491/3517/4138 5498/2777/3473
f 5521/2792/3464 5523/2791/3498 5518/3518/4139
f 5521/2792/3464 5518/3518/4139 5514/3519/3462
f 5519/2787/3490 5515/2736/3422 5522/2738/3424
f 5540/2817/3521 5532/2798/3504 5535/2797/3503
f 5540/2817/3521 5535/2797/3503 5543/2818/3522
f 5536/2799/3503 5529/2780/3481 5534/2803/3499
f 5564/2836/3545 5561/2835/3544 5554/3520/4140
f 5564/2836/3545 5554/3520/4140 5555/3521/4141
f 5563/2832/3541 5556/3522/4142 5558/3523/4143
f 5563/2832/3541 5558/3523/4143 5567/2833/3542
f 5592/2825/3535 5584/3524/4144 5588/2826/3511
f 5764/2828/3537 5760/2972/3691 5766/2829/3538
f 5566/2823/3527 5557/3525/4145 5553/3526/4140
f 5566/2823/3527 5553/3526/4140 5560/2824/3528
f 5586/2843/3497 5580/3527/4146 5576/3528/4147
f 5586/2843/3497 5576/3528/4147 5583/2844/3507
f 5581/2837/3507 5577/2788/3495 5585/2790/3497
f 5627/2838/3551 5621/2842/3555 5631/2839/3552
f 5596/2862/3573 5587/2807/3511 5589/2806/3510
f 5596/2862/3573 5589/2806/3510 5599/2863/3574
f 5620/2875/3591 5614/3529/4148 5610/3530/3560
f 5620/2875/3591 5610/3530/3560 5617/2876/3592
f 5804/2857/3568 5800/3013/3734 5806/2858/3569
f 5695/2864/3575 5690/2896/3611 5697/2865/3576
f 5626/2867/3578 5618/3531/4149 5622/2868/3579
f 5616/2870/3583 5612/2811/3515 5619/2813/3517
f 5220/2871/3277 5213/2581/3231 5223/2584/3233
f 5643/2909/3619 5633/2840/3553 5636/2884/3600
f 5643/2909/3619 5636/2884/3600 5647/2910/3620
f 5411/2889/3605 5407/2669/3331 5413/2670/3332
f 5528/2890/3481 5524/2758/3454 5530/2762/3458
f 5637/2891/3606 5628/3532/4150 5634/2878/3594
f 5282/2898/3612 5278/2630/3286 5284/2631/3287
f 4812/2899/3613 4806/3533/2979 4818/2900/2965
f 5664/2926/3638 5662/2925/3637 5656/3534/4151
f 5664/2926/3638 5656/3534/4151 5657/3535/4152
f 4925/2903/3056 4920/3536/3029 4927/2904/3075
f 5051/2906/3143 5045/3537/4153 5053/2526/3158
f 4738/2911/2939 4730/3538/4154 4741/2912/3621
f 5666/2922/3634 5658/3539/4155 5660/3540/4156
f 5666/2922/3634 5660/3540/4156 5669/2923/3635
f 5691/2918/3610 5683/3541/3651 5689/2919/3611
f 5667/2916/3625 5659/3542/4157 5655/3543/4158
f 5667/2916/3625 5655/3543/4158 5661/2917/3626
f 5688/2934/3650 5682/3544/4159 5678/3545/4160
f 5688/2934/3650 5678/3545/4160 5686/2935/3651
f 5684/2927/3641 5679/2872/3588 5687/2874/3590
f 4471/2928/3645 4467/3546/4161 4475/2929/2750
f 5713/3547/4162 5709/3548/4163 5699/3549/3653
f 5713/3547/4162 5699/3549/3653 5702/3550/4164
f 4573/2946/3661 4566/3551/2819 4578/2947/2845
f 4688/2949/2905 4682/3552/2879 4693/2294/2882
f 4322/2950/3662 4318/2011/2621 4324/2012/2622
f 5701/2942/3658 5694/2920/3632 5698/2937/3653
f 4420/2954/3666 4416/2087/2706 4422/2088/2707
f 4169/2955/3667 4165/1890/2485 4171/1891/2486
f 5728/2973/3692 5724/3553/4165 5721/2943/3659
f 5728/2973/3692 5721/2943/3659 5726/2945/3660
f 4274/2960/3672 4270/1973/2578 4276/1974/2579
f 4370/2961/3673 4366/2049/2664 4372/2050/2665
f 4120/2962/3674 4116/1852/2444 4122/1853/2445
f 4021/2966/3679 4017/1773/2355 4023/1774/2356
f 4221/2967/3680 4214/1928/2529 4224/1929/2530
f 5732/2968/3681 5726/2945/3660 5730/2854/3565
f 5727/2969/3684 5723/2931/3647 5729/2933/3649
f 3872/2970/3689 3868/1660/2226 3874/1661/2227
f 5738/2983/3703 5731/2953/3665 5733/2952/3664
f 5738/2983/3703 5733/2952/3664 5741/2984/3704
f 5759/2995/3670 5754/3554/4166 5750/3555/4167
f 5759/2995/3670 5750/3555/4167 5757/2996/3696
f 3970/2979/3698 3965/1735/2312 3972/1736/2313
f 4070/2980/3699 4066/1812/2398 4072/1813/2399
f 3819/2981/3700 3812/1617/2177 3822/1618/2178
f 3722/2985/3705 3718/1541/2093 3724/1542/2094
f 3921/2986/3706 3917/1697/2268 3923/1698/2269
f 5763/2987/3690 5757/2996/3696 5761/2988/3707
f 5756/2990/3711 5752/2956/3668 5758/2958/3670
f 3561/2991/3714 3555/1413/1962 3565/1414/1963
f 5778/3025/3744 5769/2830/3539 5771/3001/3722
f 5778/3025/3744 5771/3001/3722 5780/3026/3745
f 3674/3006/3727 3670/1503/2053 3676/1504/2054
f 3771/3007/3728 3767/1579/2136 3773/1580/2137
f 3410/3008/3729 3403/1295/1833 3412/1297/1835
f 5772/3002/3723 5765/2989/3708 5770/3009/3730
f 3511/3014/3735 3507/1376/1922 3513/1377/1923
f 3621/3015/2032 3614/1458/2008 3623/1459/2009
f 3251/3016/3736 3247/1172/1708 3253/1173/1709
f 5799/3039/3763 5794/3556/4168 5789/3557/4169
f 5799/3039/3763 5789/3557/4169 5796/3040/3754
f 3352/3018/3738 3348/3558/1789 3356/3019/3739
f 3463/3021/3740 3459/1338/1880 3465/1339/1881
f 3196/3022/3741 3190/1126/1660 3199/1127/1661
f 3078/3027/3746 3074/3559/4170 3081/3028/3747
f 3301/3030/3748 3296/1210/1748 3303/1211/1749
f 5803/3031/3749 5796/3040/3754 5801/3032/3750
f 5795/3034/3754 5791/2992/3715 5798/2994/3717
f 2904/3035/3759 2898/903/1447 2907/904/1448
f 5816/3078/3791 5808/2859/3570 5811/3045/3767
f 5816/3078/3791 5811/3045/3767 5819/3079/3792
f 3021/3050/1541 3016/992/1532 3023/993/1533
f 3137/3051/1622 3129/1080/1615 3141/1082/1616
f 2731/3052/3772 2724/769/1317 2733/770/1318
f 5812/3046/3768 5805/3033/3751 5810/3053/3570
f 2845/3058/1414 2839/858/1407 2849/859/1408
f 2962/3059/1496 2958/3560/1487 2965/3060/3777
f 2535/3062/3778 2529/621/1180 2539/622/1181
f 5839/3091/3806 5833/3561/4171 5829/3562/4172
f 5839/3091/3806 5829/3562/4172 5836/3092/3807
f 2670/3067/3783 2662/3563/4173 2674/3068/3784
f 2786/3070/3785 2782/3564/1371 2790/3071/3786
f 2478/3073/1149 2470/3565/1153 2480/3074/1142
f 2348/3080/3793 2341/475/1046 2351/477/1048
f 2599/3081/3794 2591/3566/4174 2602/3082/1248
f 5843/3084/3796 5835/3567/4175 5841/2819/3523
f 5838/3085/3799 5832/3036/3760 5840/3038/3762
f 2159/3086/930 2152/3568/4176 2163/3087/946
f 5852/3109/3819 5842/3057/3776 5846/3056/3775
f 5852/3109/3819 5846/3056/3775 5855/3110/3820
f 5870/3126/3841 5863/3569/4177 5865/3570/4178
f 5870/3126/3841 5865/3570/4178 5873/3127/3842
f 2284/3101/1014 2280/3571/1007 2287/3102/3815
f 2414/3104/1102 2407/3572/4179 2419/3105/1118
f 2095/292/883 2089/291/882 2097/3111/896
f 2224/3112/3821 2218/383/964 2227/384/965
f 5877/3124/3839 5874/3123/3838 5866/3573/4180
f 5877/3124/3839 5866/3573/4180 5868/3574/4181
f 5899/3116/3831 5893/3133/3850 5897/3117/3832
f 1978/3119/3834 1973/3575/4182 1980/3120/3835
f 5876/3114/3823 5867/3576/4183 5864/3577/4184
f 5876/3114/3823 5864/3577/4184 5871/3115/3824
f 5894/3132/3849 5889/3578/4185 5886/3579/4186
f 5894/3132/3849 5886/3579/4186 5893/3133/3850
f 5892/3128/3845 5888/3063/3779 5895/3065/3781
f 1788/3129/3848 1781/3580/4187 1792/3130/650
f 5909/3142/3858 5906/3141/3857 5898/3090/3805
f 5909/3142/3858 5898/3090/3805 5900/3089/3804
f 5927/3159/3879 5924/3158/3878 5917/3581/4188
f 5927/3159/3879 5917/3581/4188 5919/3582/4189
f 1920/3136/3853 1912/145/746 1924/146/747
f 2037/3137/853 2031/237/831 2041/238/832
f 1726/3138/3854 1720/3151/3872 1729/16/629
f 1856/3146/3862 1848/93/699 1860/95/701
f 5928/3156/3875 5920/3583/4190 5921/3584/4191
f 5928/3156/3875 5921/3584/4191 5930/3157/3876
f 5931/3148/3864 5922/3585/4192 5918/3586/4193
f 5931/3148/3864 5918/3586/4193 5925/3149/3865
f 5959/3176/3898 5964/3175/3897 5967/3587/4194
f 5959/3176/3898 5967/3587/4194 5969/3588/4195
f 1722/3160/627 1714/3589/4196 1719/3161/3872
f 1716/3163/3886 1710/3143/3859 1718/3145/3861
f 5939/3166/3889 5948/3168/3891 5952/3164/3887
f 5941/3590/4197 5950/3591/3891 5940/3592/3889
f 5947/3593/4198 5954/3594/3887 5942/3595/3899
f 5960/3596/3893 5961/3172/3895 5956/3174/3887
f 5955/3597/4199 5963/3598/3896 5944/3599/4197
f 5960/3596/3893 5970/3600/4195 5961/3172/3895
